config_id,flight_number,origin,destination,scheduled_departure_time_est,scheduled_arrival_time_est,duration_minutes,date,status,actual_departure_time_est,actual_arrival_time_est,estimated_departure_time_est,estimated_arrival_time_est,available_seats_basic_economy,available_seats_economy,available_seats_business,price_basic_economy,price_economy,price_business
0,HAT001,MSP,DEN,23:00:00,03:30:00+1,270,2024-05-01,landed,2024-05-01T23:06:00,2024-05-02T03:18:00,,,,,,,,
0,HAT001,MSP,DEN,23:00:00,03:30:00+1,270,2024-05-02,landed,2024-05-02T22:45:00,2024-05-03T04:10:00,,,,,,,,
0,HAT001,MSP,DEN,23:00:00,03:30:00+1,270,2024-05-03,landed,2024-05-03T23:11:00,2024-05-04T03:19:00,,,,,,,,
0,HAT001,MSP,DEN,23:00:00,03:30:00+1,270,2024-05-04,landed,2024-05-04T23:30:00,2024-05-05T03:22:00,,,,,,,,
0,HAT001,MSP,DEN,23:00:00,03:30:00+1,270,2024-05-05,landed,2024-05-05T23:38:00,2024-05-06T03:50:00,,,,,,,,
0,HAT001,MSP,DEN,23:00:00,03:30:00+1,270,2024-05-06,landed,2024-05-06T22:52:00,2024-05-07T03:54:00,,,,,,,,
0,HAT001,MSP,DEN,23:00:00,03:30:00+1,270,2024-05-07,landed,2024-05-07T23:04:00,2024-05-08T03:34:00,,,,,,,,
0,HAT001,MSP,DEN,23:00:00,03:30:00+1,270,2024-05-08,landed,2024-05-08T22:53:00,2024-05-09T03:38:00,,,,,,,,
0,HAT001,MSP,DEN,23:00:00,03:30:00+1,270,2024-05-09,landed,2024-05-09T23:20:00,2024-05-10T04:00:00,,,,,,,,
0,HAT001,MSP,DEN,23:00:00,03:30:00+1,270,2024-05-10,landed,2024-05-10T23:20:00,2024-05-11T04:22:00,,,,,,,,
0,HAT001,MSP,DEN,23:00:00,03:30:00+1,270,2024-05-11,landed,2024-05-11T23:26:00,2024-05-12T03:11:00,,,,,,,,
0,HAT001,MSP,DEN,23:00:00,03:30:00+1,270,2024-05-12,landed,2024-05-12T23:32:00,2024-05-13T03:30:00,,,,,,,,
0,HAT001,MSP,DEN,23:00:00,03:30:00+1,270,2024-05-13,landed,2024-05-13T23:35:00,2024-05-14T04:04:00,,,,,,,,
0,HAT001,MSP,DEN,23:00:00,03:30:00+1,270,2024-05-14,landed,2024-05-14T22:45:00,2024-05-15T04:20:00,,,,,,,,
0,HAT001,MSP,DEN,23:00:00,03:30:00+1,270,2024-05-15,on time,,,2024-05-15T23:06:00,2024-05-16T03:37:00,,,,,,
0,HAT001,MSP,DEN,23:00:00,03:30:00+1,270,2024-05-16,available,,,,,14.0,14.0,14.0,54.0,173.0,439.0
0,HAT001,MSP,DEN,23:00:00,03:30:00+1,270,2024-05-17,available,,,,,16.0,16.0,19.0,99.0,139.0,273.0
0,HAT001,MSP,DEN,23:00:00,03:30:00+1,270,2024-05-18,available,,,,,11.0,15.0,17.0,71.0,197.0,348.0
0,HAT001,MSP,DEN,23:00:00,03:30:00+1,270,2024-05-19,available,,,,,18.0,19.0,15.0,84.0,170.0,468.0
0,HAT001,MSP,DEN,23:00:00,03:30:00+1,270,2024-05-20,available,,,,,17.0,1.0,15.0,54.0,156.0,445.0
0,HAT001,MSP,DEN,23:00:00,03:30:00+1,270,2024-05-21,available,,,,,11.0,6.0,3.0,69.0,121.0,480.0
0,HAT001,MSP,DEN,23:00:00,03:30:00+1,270,2024-05-22,available,,,,,15.0,1.0,17.0,60.0,143.0,346.0
0,HAT001,MSP,DEN,23:00:00,03:30:00+1,270,2024-05-23,available,,,,,3.0,1.0,17.0,60.0,115.0,260.0
0,HAT001,MSP,DEN,23:00:00,03:30:00+1,270,2024-05-24,available,,,,,8.0,16.0,2.0,74.0,193.0,293.0
0,HAT001,MSP,DEN,23:00:00,03:30:00+1,270,2024-05-25,available,,,,,19.0,1.0,0.0,94.0,158.0,264.0
0,HAT001,MSP,DEN,23:00:00,03:30:00+1,270,2024-05-26,available,,,,,5.0,3.0,5.0,56.0,136.0,391.0
0,HAT001,MSP,DEN,23:00:00,03:30:00+1,270,2024-05-27,available,,,,,20.0,0.0,8.0,98.0,152.0,295.0
0,HAT001,MSP,DEN,23:00:00,03:30:00+1,270,2024-05-28,available,,,,,6.0,14.0,14.0,58.0,190.0,465.0
0,HAT001,MSP,DEN,23:00:00,03:30:00+1,270,2024-05-29,available,,,,,20.0,2.0,16.0,96.0,197.0,227.0
0,HAT001,MSP,DEN,23:00:00,03:30:00+1,270,2024-05-30,available,,,,,19.0,3.0,17.0,98.0,121.0,230.0
0,HAT002,MSP,DEN,08:00:00,12:30:00,270,2024-05-01,landed,2024-05-01T08:22:00,2024-05-01T12:37:00,,,,,,,,
0,HAT002,MSP,DEN,08:00:00,12:30:00,270,2024-05-02,landed,2024-05-02T08:20:00,2024-05-02T12:12:00,,,,,,,,
0,HAT002,MSP,DEN,08:00:00,12:30:00,270,2024-05-03,landed,2024-05-03T08:03:00,2024-05-03T12:08:00,,,,,,,,
0,HAT002,MSP,DEN,08:00:00,12:30:00,270,2024-05-04,landed,2024-05-04T08:18:00,2024-05-04T13:00:00,,,,,,,,
0,HAT002,MSP,DEN,08:00:00,12:30:00,270,2024-05-05,landed,2024-05-05T08:05:00,2024-05-05T13:01:00,,,,,,,,
0,HAT002,MSP,DEN,08:00:00,12:30:00,270,2024-05-06,landed,2024-05-06T08:23:00,2024-05-06T12:28:00,,,,,,,,
0,HAT002,MSP,DEN,08:00:00,12:30:00,270,2024-05-07,cancelled,,,,,,,,,,
0,HAT002,MSP,DEN,08:00:00,12:30:00,270,2024-05-08,landed,2024-05-08T07:47:00,2024-05-08T12:47:00,,,,,,,,
0,HAT002,MSP,DEN,08:00:00,12:30:00,270,2024-05-09,landed,2024-05-09T08:15:00,2024-05-09T13:15:00,,,,,,,,
0,HAT002,MSP,DEN,08:00:00,12:30:00,270,2024-05-10,landed,2024-05-10T07:48:00,2024-05-10T12:12:00,,,,,,,,
0,HAT002,MSP,DEN,08:00:00,12:30:00,270,2024-05-11,landed,2024-05-11T08:30:00,2024-05-11T13:11:00,,,,,,,,
0,HAT002,MSP,DEN,08:00:00,12:30:00,270,2024-05-12,landed,2024-05-12T08:10:00,2024-05-12T13:13:00,,,,,,,,
0,HAT002,MSP,DEN,08:00:00,12:30:00,270,2024-05-13,landed,2024-05-13T08:32:00,2024-05-13T12:57:00,,,,,,,,
0,HAT002,MSP,DEN,08:00:00,12:30:00,270,2024-05-14,landed,2024-05-14T08:17:00,2024-05-14T13:25:00,,,,,,,,
0,HAT002,MSP,DEN,08:00:00,12:30:00,270,2024-05-15,landed,2024-05-15T07:56:00,2024-05-15T12:27:00,,,,,,,,
0,HAT002,MSP,DEN,08:00:00,12:30:00,270,2024-05-16,available,,,,,8.0,5.0,6.0,98.0,111.0,315.0
0,HAT002,MSP,DEN,08:00:00,12:30:00,270,2024-05-17,available,,,,,1.0,3.0,8.0,57.0,155.0,233.0
0,HAT002,MSP,DEN,08:00:00,12:30:00,270,2024-05-18,available,,,,,17.0,8.0,2.0,51.0,137.0,336.0
0,HAT002,MSP,DEN,08:00:00,12:30:00,270,2024-05-19,available,,,,,11.0,17.0,17.0,51.0,121.0,302.0
0,HAT002,MSP,DEN,08:00:00,12:30:00,270,2024-05-20,available,,,,,11.0,0.0,14.0,69.0,190.0,376.0
0,HAT002,MSP,DEN,08:00:00,12:30:00,270,2024-05-21,available,,,,,12.0,12.0,6.0,93.0,140.0,448.0
0,HAT002,MSP,DEN,08:00:00,12:30:00,270,2024-05-22,available,,,,,3.0,19.0,1.0,59.0,179.0,338.0
0,HAT002,MSP,DEN,08:00:00,12:30:00,270,2024-05-23,available,,,,,16.0,8.0,19.0,68.0,147.0,376.0
0,HAT002,MSP,DEN,08:00:00,12:30:00,270,2024-05-24,available,,,,,4.0,15.0,15.0,59.0,174.0,261.0
0,HAT002,MSP,DEN,08:00:00,12:30:00,270,2024-05-25,available,,,,,11.0,12.0,3.0,89.0,129.0,431.0
0,HAT002,MSP,DEN,08:00:00,12:30:00,270,2024-05-26,available,,,,,6.0,6.0,16.0,72.0,138.0,361.0
0,HAT002,MSP,DEN,08:00:00,12:30:00,270,2024-05-27,available,,,,,10.0,4.0,9.0,55.0,197.0,450.0
0,HAT002,MSP,DEN,08:00:00,12:30:00,270,2024-05-28,available,,,,,9.0,19.0,7.0,73.0,104.0,323.0
0,HAT002,MSP,DEN,08:00:00,12:30:00,270,2024-05-29,available,,,,,18.0,2.0,3.0,58.0,101.0,282.0
0,HAT002,MSP,DEN,08:00:00,12:30:00,270,2024-05-30,available,,,,,5.0,12.0,12.0,85.0,109.0,331.0
0,HAT003,MSP,DEN,17:00:00,21:30:00,270,2024-05-01,landed,2024-05-01T17:31:00,2024-05-01T21:09:00,,,,,,,,
0,HAT003,MSP,DEN,17:00:00,21:30:00,270,2024-05-02,landed,2024-05-02T16:55:00,2024-05-02T21:59:00,,,,,,,,
0,HAT003,MSP,DEN,17:00:00,21:30:00,270,2024-05-03,landed,2024-05-03T17:35:00,2024-05-03T21:34:00,,,,,,,,
0,HAT003,MSP,DEN,17:00:00,21:30:00,270,2024-05-04,cancelled,,,,,,,,,,
0,HAT003,MSP,DEN,17:00:00,21:30:00,270,2024-05-05,landed,2024-05-05T17:05:00,2024-05-05T21:40:00,,,,,,,,
0,HAT003,MSP,DEN,17:00:00,21:30:00,270,2024-05-06,landed,2024-05-06T17:33:00,2024-05-06T21:44:00,,,,,,,,
0,HAT003,MSP,DEN,17:00:00,21:30:00,270,2024-05-07,landed,2024-05-07T16:51:00,2024-05-07T21:09:00,,,,,,,,
0,HAT003,MSP,DEN,17:00:00,21:30:00,270,2024-05-08,cancelled,,,,,,,,,,
0,HAT003,MSP,DEN,17:00:00,21:30:00,270,2024-05-09,landed,2024-05-09T17:24:00,2024-05-09T21:34:00,,,,,,,,
0,HAT003,MSP,DEN,17:00:00,21:30:00,270,2024-05-10,landed,2024-05-10T17:26:00,2024-05-10T21:37:00,,,,,,,,
0,HAT003,MSP,DEN,17:00:00,21:30:00,270,2024-05-11,landed,2024-05-11T16:50:00,2024-05-11T21:46:00,,,,,,,,
0,HAT003,MSP,DEN,17:00:00,21:30:00,270,2024-05-12,landed,2024-05-12T17:12:00,2024-05-12T21:53:00,,,,,,,,
0,HAT003,MSP,DEN,17:00:00,21:30:00,270,2024-05-13,landed,2024-05-13T17:28:00,2024-05-13T21:59:00,,,,,,,,
0,HAT003,MSP,DEN,17:00:00,21:30:00,270,2024-05-14,landed,2024-05-14T17:18:00,2024-05-14T21:06:00,,,,,,,,
0,HAT003,MSP,DEN,17:00:00,21:30:00,270,2024-05-15,on time,,,2024-05-15T17:29:00,2024-05-15T21:48:00,,,,,,
0,HAT003,MSP,DEN,17:00:00,21:30:00,270,2024-05-16,available,,,,,5.0,20.0,1.0,90.0,106.0,224.0
0,HAT003,MSP,DEN,17:00:00,21:30:00,270,2024-05-17,available,,,,,0.0,19.0,14.0,75.0,142.0,340.0
0,HAT003,MSP,DEN,17:00:00,21:30:00,270,2024-05-18,available,,,,,1.0,5.0,16.0,82.0,103.0,353.0
0,HAT003,MSP,DEN,17:00:00,21:30:00,270,2024-05-19,available,,,,,2.0,0.0,7.0,99.0,191.0,423.0
0,HAT003,MSP,DEN,17:00:00,21:30:00,270,2024-05-20,available,,,,,7.0,11.0,7.0,82.0,142.0,362.0
0,HAT003,MSP,DEN,17:00:00,21:30:00,270,2024-05-21,available,,,,,3.0,3.0,7.0,60.0,102.0,415.0
0,HAT003,MSP,DEN,17:00:00,21:30:00,270,2024-05-22,available,,,,,7.0,1.0,5.0,86.0,189.0,292.0
0,HAT003,MSP,DEN,17:00:00,21:30:00,270,2024-05-23,available,,,,,11.0,6.0,12.0,84.0,118.0,205.0
0,HAT003,MSP,DEN,17:00:00,21:30:00,270,2024-05-24,available,,,,,12.0,9.0,18.0,96.0,133.0,265.0
0,HAT003,MSP,DEN,17:00:00,21:30:00,270,2024-05-25,available,,,,,19.0,18.0,3.0,79.0,170.0,306.0
0,HAT003,MSP,DEN,17:00:00,21:30:00,270,2024-05-26,available,,,,,12.0,6.0,2.0,62.0,153.0,340.0
0,HAT003,MSP,DEN,17:00:00,21:30:00,270,2024-05-27,available,,,,,3.0,1.0,4.0,66.0,123.0,405.0
0,HAT003,MSP,DEN,17:00:00,21:30:00,270,2024-05-28,available,,,,,20.0,17.0,15.0,55.0,187.0,341.0
0,HAT003,MSP,DEN,17:00:00,21:30:00,270,2024-05-29,available,,,,,11.0,16.0,17.0,97.0,175.0,403.0
0,HAT003,MSP,DEN,17:00:00,21:30:00,270,2024-05-30,available,,,,,17.0,18.0,16.0,51.0,177.0,353.0
0,HAT004,MSP,DEN,12:00:00,16:30:00,270,2024-05-01,landed,2024-05-01T12:34:00,2024-05-01T17:17:00,,,,,,,,
0,HAT004,MSP,DEN,12:00:00,16:30:00,270,2024-05-02,landed,2024-05-02T12:31:00,2024-05-02T16:53:00,,,,,,,,
0,HAT004,MSP,DEN,12:00:00,16:30:00,270,2024-05-03,landed,2024-05-03T12:05:00,2024-05-03T16:45:00,,,,,,,,
0,HAT004,MSP,DEN,12:00:00,16:30:00,270,2024-05-04,landed,2024-05-04T12:08:00,2024-05-04T17:00:00,,,,,,,,
0,HAT004,MSP,DEN,12:00:00,16:30:00,270,2024-05-05,landed,2024-05-05T11:40:00,2024-05-05T16:23:00,,,,,,,,
0,HAT004,MSP,DEN,12:00:00,16:30:00,270,2024-05-06,cancelled,,,,,,,,,,
0,HAT004,MSP,DEN,12:00:00,16:30:00,270,2024-05-07,landed,2024-05-07T11:53:00,2024-05-07T16:23:00,,,,,,,,
0,HAT004,MSP,DEN,12:00:00,16:30:00,270,2024-05-08,landed,2024-05-08T12:39:00,2024-05-08T16:16:00,,,,,,,,
0,HAT004,MSP,DEN,12:00:00,16:30:00,270,2024-05-09,cancelled,,,,,,,,,,
0,HAT004,MSP,DEN,12:00:00,16:30:00,270,2024-05-10,cancelled,,,,,,,,,,
0,HAT004,MSP,DEN,12:00:00,16:30:00,270,2024-05-11,cancelled,,,,,,,,,,
0,HAT004,MSP,DEN,12:00:00,16:30:00,270,2024-05-12,landed,2024-05-12T12:01:00,2024-05-12T16:32:00,,,,,,,,
0,HAT004,MSP,DEN,12:00:00,16:30:00,270,2024-05-13,landed,2024-05-13T12:04:00,2024-05-13T16:25:00,,,,,,,,
0,HAT004,MSP,DEN,12:00:00,16:30:00,270,2024-05-14,landed,2024-05-14T12:01:00,2024-05-14T16:53:00,,,,,,,,
0,HAT004,MSP,DEN,12:00:00,16:30:00,270,2024-05-15,flying,2024-05-15T12:08:00,,,2024-05-15T16:53:00,,,,,,
0,HAT004,MSP,DEN,12:00:00,16:30:00,270,2024-05-16,available,,,,,3.0,11.0,4.0,74.0,142.0,305.0
0,HAT004,MSP,DEN,12:00:00,16:30:00,270,2024-05-17,available,,,,,18.0,15.0,19.0,79.0,123.0,287.0
0,HAT004,MSP,DEN,12:00:00,16:30:00,270,2024-05-18,available,,,,,3.0,17.0,6.0,60.0,122.0,207.0
0,HAT004,MSP,DEN,12:00:00,16:30:00,270,2024-05-19,available,,,,,6.0,4.0,14.0,69.0,116.0,271.0
0,HAT004,MSP,DEN,12:00:00,16:30:00,270,2024-05-20,available,,,,,11.0,17.0,14.0,99.0,168.0,317.0
0,HAT004,MSP,DEN,12:00:00,16:30:00,270,2024-05-21,available,,,,,18.0,17.0,9.0,52.0,159.0,203.0
0,HAT004,MSP,DEN,12:00:00,16:30:00,270,2024-05-22,available,,,,,2.0,10.0,9.0,67.0,128.0,285.0
0,HAT004,MSP,DEN,12:00:00,16:30:00,270,2024-05-23,available,,,,,1.0,8.0,13.0,78.0,145.0,246.0
0,HAT004,MSP,DEN,12:00:00,16:30:00,270,2024-05-24,available,,,,,15.0,20.0,11.0,50.0,150.0,201.0
0,HAT004,MSP,DEN,12:00:00,16:30:00,270,2024-05-25,available,,,,,11.0,11.0,12.0,84.0,166.0,223.0
0,HAT004,MSP,DEN,12:00:00,16:30:00,270,2024-05-26,available,,,,,15.0,11.0,10.0,72.0,112.0,494.0
0,HAT004,MSP,DEN,12:00:00,16:30:00,270,2024-05-27,available,,,,,4.0,7.0,10.0,69.0,122.0,403.0
0,HAT004,MSP,DEN,12:00:00,16:30:00,270,2024-05-28,available,,,,,15.0,8.0,15.0,66.0,100.0,393.0
0,HAT004,MSP,DEN,12:00:00,16:30:00,270,2024-05-29,available,,,,,5.0,8.0,17.0,68.0,171.0,379.0
0,HAT004,MSP,DEN,12:00:00,16:30:00,270,2024-05-30,available,,,,,15.0,7.0,2.0,94.0,107.0,403.0
0,HAT005,EWR,MSP,02:00:00,03:00:00,60,2024-05-01,landed,2024-05-01T02:38:00,2024-05-01T03:54:00,,,,,,,,
0,HAT005,EWR,MSP,02:00:00,03:00:00,60,2024-05-02,landed,2024-05-02T02:13:00,2024-05-02T03:17:00,,,,,,,,
0,HAT005,EWR,MSP,02:00:00,03:00:00,60,2024-05-03,landed,2024-05-03T02:22:00,2024-05-03T03:11:00,,,,,,,,
0,HAT005,EWR,MSP,02:00:00,03:00:00,60,2024-05-04,landed,2024-05-04T02:03:00,2024-05-04T02:36:00,,,,,,,,
0,HAT005,EWR,MSP,02:00:00,03:00:00,60,2024-05-05,landed,2024-05-05T02:30:00,2024-05-05T02:52:00,,,,,,,,
0,HAT005,EWR,MSP,02:00:00,03:00:00,60,2024-05-06,landed,2024-05-06T01:40:00,2024-05-06T02:55:00,,,,,,,,
0,HAT005,EWR,MSP,02:00:00,03:00:00,60,2024-05-07,landed,2024-05-07T02:12:00,2024-05-07T03:08:00,,,,,,,,
0,HAT005,EWR,MSP,02:00:00,03:00:00,60,2024-05-08,landed,2024-05-08T02:24:00,2024-05-08T02:46:00,,,,,,,,
0,HAT005,EWR,MSP,02:00:00,03:00:00,60,2024-05-09,landed,2024-05-09T01:51:00,2024-05-09T02:58:00,,,,,,,,
0,HAT005,EWR,MSP,02:00:00,03:00:00,60,2024-05-10,landed,2024-05-10T01:46:00,2024-05-10T03:08:00,,,,,,,,
0,HAT005,EWR,MSP,02:00:00,03:00:00,60,2024-05-11,landed,2024-05-11T01:49:00,2024-05-11T02:37:00,,,,,,,,
0,HAT005,EWR,MSP,02:00:00,03:00:00,60,2024-05-12,cancelled,,,,,,,,,,
0,HAT005,EWR,MSP,02:00:00,03:00:00,60,2024-05-13,landed,2024-05-13T02:26:00,2024-05-13T02:38:00,,,,,,,,
0,HAT005,EWR,MSP,02:00:00,03:00:00,60,2024-05-14,landed,2024-05-14T01:48:00,2024-05-14T03:13:00,,,,,,,,
0,HAT005,EWR,MSP,02:00:00,03:00:00,60,2024-05-15,landed,2024-05-15T02:39:00,2024-05-15T03:29:00,,,,,,,,
0,HAT005,EWR,MSP,02:00:00,03:00:00,60,2024-05-16,available,,,,,3.0,11.0,1.0,84.0,113.0,448.0
0,HAT005,EWR,MSP,02:00:00,03:00:00,60,2024-05-17,available,,,,,3.0,15.0,7.0,86.0,182.0,491.0
0,HAT005,EWR,MSP,02:00:00,03:00:00,60,2024-05-18,available,,,,,1.0,19.0,20.0,64.0,115.0,353.0
0,HAT005,EWR,MSP,02:00:00,03:00:00,60,2024-05-19,available,,,,,6.0,5.0,9.0,85.0,146.0,488.0
0,HAT005,EWR,MSP,02:00:00,03:00:00,60,2024-05-20,available,,,,,0.0,2.0,16.0,92.0,184.0,478.0
0,HAT005,EWR,MSP,02:00:00,03:00:00,60,2024-05-21,available,,,,,6.0,17.0,1.0,69.0,106.0,380.0
0,HAT005,EWR,MSP,02:00:00,03:00:00,60,2024-05-22,available,,,,,0.0,16.0,2.0,97.0,152.0,354.0
0,HAT005,EWR,MSP,02:00:00,03:00:00,60,2024-05-23,available,,,,,15.0,19.0,14.0,61.0,129.0,222.0
0,HAT005,EWR,MSP,02:00:00,03:00:00,60,2024-05-24,available,,,,,13.0,1.0,8.0,98.0,133.0,225.0
0,HAT005,EWR,MSP,02:00:00,03:00:00,60,2024-05-25,available,,,,,5.0,7.0,16.0,100.0,181.0,480.0
0,HAT005,EWR,MSP,02:00:00,03:00:00,60,2024-05-26,available,,,,,20.0,10.0,16.0,79.0,188.0,259.0
0,HAT005,EWR,MSP,02:00:00,03:00:00,60,2024-05-27,available,,,,,20.0,12.0,2.0,65.0,101.0,393.0
0,HAT005,EWR,MSP,02:00:00,03:00:00,60,2024-05-28,available,,,,,10.0,20.0,11.0,56.0,128.0,294.0
0,HAT005,EWR,MSP,02:00:00,03:00:00,60,2024-05-29,available,,,,,9.0,18.0,17.0,72.0,112.0,420.0
0,HAT005,EWR,MSP,02:00:00,03:00:00,60,2024-05-30,available,,,,,4.0,2.0,14.0,66.0,101.0,209.0
0,HAT006,EWR,MSP,00:00:00,01:00:00,60,2024-05-01,landed,2024-05-01T00:40:00,2024-05-01T01:17:00,,,,,,,,
0,HAT006,EWR,MSP,00:00:00,01:00:00,60,2024-05-02,cancelled,,,,,,,,,,
0,HAT006,EWR,MSP,00:00:00,01:00:00,60,2024-05-03,landed,2024-05-03T00:01:00,2024-05-03T01:05:00,,,,,,,,
0,HAT006,EWR,MSP,00:00:00,01:00:00,60,2024-05-04,landed,2024-05-04T00:04:00,2024-05-04T00:51:00,,,,,,,,
0,HAT006,EWR,MSP,00:00:00,01:00:00,60,2024-05-05,landed,2024-05-05T00:38:00,2024-05-05T01:17:00,,,,,,,,
0,HAT006,EWR,MSP,00:00:00,01:00:00,60,2024-05-06,landed,2024-05-06T00:00:00,2024-05-06T01:55:00,,,,,,,,
0,HAT006,EWR,MSP,00:00:00,01:00:00,60,2024-05-07,landed,2024-05-07T00:38:00,2024-05-07T01:46:00,,,,,,,,
0,HAT006,EWR,MSP,00:00:00,01:00:00,60,2024-05-08,landed,2024-05-08T00:14:00,2024-05-08T01:23:00,,,,,,,,
0,HAT006,EWR,MSP,00:00:00,01:00:00,60,2024-05-09,landed,2024-05-09T00:01:00,2024-05-09T00:38:00,,,,,,,,
0,HAT006,EWR,MSP,00:00:00,01:00:00,60,2024-05-10,landed,2024-05-10T00:00:00,2024-05-10T01:28:00,,,,,,,,
0,HAT006,EWR,MSP,00:00:00,01:00:00,60,2024-05-11,landed,2024-05-11T00:10:00,2024-05-11T01:38:00,,,,,,,,
0,HAT006,EWR,MSP,00:00:00,01:00:00,60,2024-05-12,landed,2024-05-12T00:35:00,2024-05-12T01:43:00,,,,,,,,
0,HAT006,EWR,MSP,00:00:00,01:00:00,60,2024-05-13,landed,2024-05-13T00:33:00,2024-05-13T01:13:00,,,,,,,,
0,HAT006,EWR,MSP,00:00:00,01:00:00,60,2024-05-14,cancelled,,,,,,,,,,
0,HAT006,EWR,MSP,00:00:00,01:00:00,60,2024-05-15,landed,2024-05-15T00:08:00,2024-05-15T01:23:00,,,,,,,,
0,HAT006,EWR,MSP,00:00:00,01:00:00,60,2024-05-16,available,,,,,4.0,17.0,8.0,72.0,115.0,319.0
0,HAT006,EWR,MSP,00:00:00,01:00:00,60,2024-05-17,available,,,,,3.0,19.0,14.0,50.0,198.0,430.0
0,HAT006,EWR,MSP,00:00:00,01:00:00,60,2024-05-18,available,,,,,15.0,5.0,14.0,74.0,116.0,383.0
0,HAT006,EWR,MSP,00:00:00,01:00:00,60,2024-05-19,available,,,,,10.0,2.0,18.0,91.0,194.0,312.0
0,HAT006,EWR,MSP,00:00:00,01:00:00,60,2024-05-20,available,,,,,11.0,2.0,9.0,90.0,120.0,394.0
0,HAT006,EWR,MSP,00:00:00,01:00:00,60,2024-05-21,available,,,,,16.0,7.0,0.0,76.0,171.0,251.0
0,HAT006,EWR,MSP,00:00:00,01:00:00,60,2024-05-22,available,,,,,19.0,20.0,14.0,85.0,145.0,469.0
0,HAT006,EWR,MSP,00:00:00,01:00:00,60,2024-05-23,available,,,,,15.0,11.0,5.0,83.0,187.0,292.0
0,HAT006,EWR,MSP,00:00:00,01:00:00,60,2024-05-24,available,,,,,20.0,20.0,5.0,66.0,153.0,354.0
0,HAT006,EWR,MSP,00:00:00,01:00:00,60,2024-05-25,available,,,,,6.0,19.0,3.0,68.0,144.0,380.0
0,HAT006,EWR,MSP,00:00:00,01:00:00,60,2024-05-26,available,,,,,8.0,14.0,9.0,73.0,200.0,262.0
0,HAT006,EWR,MSP,00:00:00,01:00:00,60,2024-05-27,available,,,,,1.0,12.0,16.0,96.0,146.0,497.0
0,HAT006,EWR,MSP,00:00:00,01:00:00,60,2024-05-28,available,,,,,8.0,11.0,8.0,59.0,155.0,315.0
0,HAT006,EWR,MSP,00:00:00,01:00:00,60,2024-05-29,available,,,,,11.0,10.0,8.0,53.0,170.0,396.0
0,HAT006,EWR,MSP,00:00:00,01:00:00,60,2024-05-30,available,,,,,10.0,1.0,17.0,76.0,127.0,279.0
0,HAT007,JFK,MSP,23:00:00,03:00:00+1,240,2024-05-01,landed,2024-05-01T22:40:00,2024-05-02T03:03:00,,,,,,,,
0,HAT007,JFK,MSP,23:00:00,03:00:00+1,240,2024-05-02,landed,2024-05-02T22:43:00,2024-05-03T03:36:00,,,,,,,,
0,HAT007,JFK,MSP,23:00:00,03:00:00+1,240,2024-05-03,landed,2024-05-03T23:39:00,2024-05-04T02:42:00,,,,,,,,
0,HAT007,JFK,MSP,23:00:00,03:00:00+1,240,2024-05-04,landed,2024-05-04T23:40:00,2024-05-05T02:43:00,,,,,,,,
0,HAT007,JFK,MSP,23:00:00,03:00:00+1,240,2024-05-05,landed,2024-05-05T23:23:00,2024-05-06T03:27:00,,,,,,,,
0,HAT007,JFK,MSP,23:00:00,03:00:00+1,240,2024-05-06,landed,2024-05-06T23:40:00,2024-05-07T02:55:00,,,,,,,,
0,HAT007,JFK,MSP,23:00:00,03:00:00+1,240,2024-05-07,landed,2024-05-07T23:02:00,2024-05-08T02:51:00,,,,,,,,
0,HAT007,JFK,MSP,23:00:00,03:00:00+1,240,2024-05-08,landed,2024-05-08T23:34:00,2024-05-09T03:12:00,,,,,,,,
0,HAT007,JFK,MSP,23:00:00,03:00:00+1,240,2024-05-09,landed,2024-05-09T23:19:00,2024-05-10T02:37:00,,,,,,,,
0,HAT007,JFK,MSP,23:00:00,03:00:00+1,240,2024-05-10,landed,2024-05-10T22:57:00,2024-05-11T03:48:00,,,,,,,,
0,HAT007,JFK,MSP,23:00:00,03:00:00+1,240,2024-05-11,landed,2024-05-11T22:50:00,2024-05-12T03:32:00,,,,,,,,
0,HAT007,JFK,MSP,23:00:00,03:00:00+1,240,2024-05-12,landed,2024-05-12T23:17:00,2024-05-13T03:31:00,,,,,,,,
0,HAT007,JFK,MSP,23:00:00,03:00:00+1,240,2024-05-13,landed,2024-05-13T23:15:00,2024-05-14T02:59:00,,,,,,,,
0,HAT007,JFK,MSP,23:00:00,03:00:00+1,240,2024-05-14,cancelled,,,,,,,,,,
0,HAT007,JFK,MSP,23:00:00,03:00:00+1,240,2024-05-15,on time,,,2024-05-15T23:06:00,2024-05-16T02:48:00,,,,,,
0,HAT007,JFK,MSP,23:00:00,03:00:00+1,240,2024-05-16,available,,,,,5.0,6.0,19.0,74.0,194.0,478.0
0,HAT007,JFK,MSP,23:00:00,03:00:00+1,240,2024-05-17,available,,,,,17.0,0.0,9.0,75.0,173.0,449.0
0,HAT007,JFK,MSP,23:00:00,03:00:00+1,240,2024-05-18,available,,,,,6.0,4.0,0.0,87.0,154.0,310.0
0,HAT007,JFK,MSP,23:00:00,03:00:00+1,240,2024-05-19,available,,,,,5.0,4.0,17.0,73.0,180.0,287.0
0,HAT007,JFK,MSP,23:00:00,03:00:00+1,240,2024-05-20,available,,,,,3.0,5.0,7.0,96.0,150.0,454.0
0,HAT007,JFK,MSP,23:00:00,03:00:00+1,240,2024-05-21,available,,,,,18.0,17.0,6.0,100.0,152.0,202.0
0,HAT007,JFK,MSP,23:00:00,03:00:00+1,240,2024-05-22,available,,,,,20.0,15.0,5.0,77.0,196.0,454.0
0,HAT007,JFK,MSP,23:00:00,03:00:00+1,240,2024-05-23,available,,,,,19.0,17.0,20.0,67.0,147.0,481.0
0,HAT007,JFK,MSP,23:00:00,03:00:00+1,240,2024-05-24,available,,,,,17.0,4.0,7.0,56.0,199.0,500.0
0,HAT007,JFK,MSP,23:00:00,03:00:00+1,240,2024-05-25,available,,,,,10.0,11.0,19.0,92.0,156.0,248.0
0,HAT007,JFK,MSP,23:00:00,03:00:00+1,240,2024-05-26,available,,,,,12.0,2.0,18.0,51.0,171.0,413.0
0,HAT007,JFK,MSP,23:00:00,03:00:00+1,240,2024-05-27,available,,,,,5.0,3.0,2.0,67.0,179.0,499.0
0,HAT007,JFK,MSP,23:00:00,03:00:00+1,240,2024-05-28,available,,,,,17.0,7.0,18.0,95.0,137.0,243.0
0,HAT007,JFK,MSP,23:00:00,03:00:00+1,240,2024-05-29,available,,,,,0.0,11.0,7.0,85.0,135.0,257.0
0,HAT007,JFK,MSP,23:00:00,03:00:00+1,240,2024-05-30,available,,,,,16.0,8.0,18.0,81.0,137.0,246.0
0,HAT008,JFK,MSP,13:00:00,17:00:00,240,2024-05-01,landed,2024-05-01T13:40:00,2024-05-01T16:43:00,,,,,,,,
0,HAT008,JFK,MSP,13:00:00,17:00:00,240,2024-05-02,landed,2024-05-02T12:57:00,2024-05-02T16:35:00,,,,,,,,
0,HAT008,JFK,MSP,13:00:00,17:00:00,240,2024-05-03,cancelled,,,,,,,,,,
0,HAT008,JFK,MSP,13:00:00,17:00:00,240,2024-05-04,landed,2024-05-04T13:08:00,2024-05-04T17:22:00,,,,,,,,
0,HAT008,JFK,MSP,13:00:00,17:00:00,240,2024-05-05,landed,2024-05-05T13:17:00,2024-05-05T17:54:00,,,,,,,,
0,HAT008,JFK,MSP,13:00:00,17:00:00,240,2024-05-06,landed,2024-05-06T12:45:00,2024-05-06T17:19:00,,,,,,,,
0,HAT008,JFK,MSP,13:00:00,17:00:00,240,2024-05-07,landed,2024-05-07T13:22:00,2024-05-07T17:09:00,,,,,,,,
0,HAT008,JFK,MSP,13:00:00,17:00:00,240,2024-05-08,landed,2024-05-08T12:40:00,2024-05-08T17:24:00,,,,,,,,
0,HAT008,JFK,MSP,13:00:00,17:00:00,240,2024-05-09,landed,2024-05-09T12:42:00,2024-05-09T16:38:00,,,,,,,,
0,HAT008,JFK,MSP,13:00:00,17:00:00,240,2024-05-10,landed,2024-05-10T13:10:00,2024-05-10T16:51:00,,,,,,,,
0,HAT008,JFK,MSP,13:00:00,17:00:00,240,2024-05-11,landed,2024-05-11T13:35:00,2024-05-11T17:41:00,,,,,,,,
0,HAT008,JFK,MSP,13:00:00,17:00:00,240,2024-05-12,landed,2024-05-12T13:40:00,2024-05-12T16:46:00,,,,,,,,
0,HAT008,JFK,MSP,13:00:00,17:00:00,240,2024-05-13,landed,2024-05-13T13:38:00,2024-05-13T17:12:00,,,,,,,,
0,HAT008,JFK,MSP,13:00:00,17:00:00,240,2024-05-14,landed,2024-05-14T13:16:00,2024-05-14T16:40:00,,,,,,,,
0,HAT008,JFK,MSP,13:00:00,17:00:00,240,2024-05-15,flying,2024-05-15T12:43:00,,,2024-05-15T17:45:00,,,,,,
0,HAT008,JFK,MSP,13:00:00,17:00:00,240,2024-05-16,available,,,,,5.0,10.0,12.0,86.0,133.0,396.0
0,HAT008,JFK,MSP,13:00:00,17:00:00,240,2024-05-17,available,,,,,17.0,15.0,3.0,56.0,130.0,317.0
0,HAT008,JFK,MSP,13:00:00,17:00:00,240,2024-05-18,available,,,,,13.0,14.0,16.0,56.0,127.0,455.0
0,HAT008,JFK,MSP,13:00:00,17:00:00,240,2024-05-19,available,,,,,15.0,1.0,4.0,62.0,187.0,377.0
0,HAT008,JFK,MSP,13:00:00,17:00:00,240,2024-05-20,available,,,,,5.0,14.0,20.0,83.0,153.0,301.0
0,HAT008,JFK,MSP,13:00:00,17:00:00,240,2024-05-21,available,,,,,5.0,3.0,10.0,72.0,103.0,350.0
0,HAT008,JFK,MSP,13:00:00,17:00:00,240,2024-05-22,available,,,,,1.0,8.0,19.0,98.0,158.0,428.0
0,HAT008,JFK,MSP,13:00:00,17:00:00,240,2024-05-23,available,,,,,19.0,10.0,14.0,93.0,127.0,398.0
0,HAT008,JFK,MSP,13:00:00,17:00:00,240,2024-05-24,available,,,,,3.0,19.0,15.0,86.0,167.0,202.0
0,HAT008,JFK,MSP,13:00:00,17:00:00,240,2024-05-25,available,,,,,17.0,9.0,15.0,81.0,162.0,410.0
0,HAT008,JFK,MSP,13:00:00,17:00:00,240,2024-05-26,available,,,,,17.0,1.0,18.0,67.0,155.0,257.0
0,HAT008,JFK,MSP,13:00:00,17:00:00,240,2024-05-27,available,,,,,8.0,5.0,15.0,67.0,142.0,436.0
0,HAT008,JFK,MSP,13:00:00,17:00:00,240,2024-05-28,available,,,,,20.0,18.0,4.0,71.0,133.0,264.0
0,HAT008,JFK,MSP,13:00:00,17:00:00,240,2024-05-29,available,,,,,13.0,7.0,3.0,64.0,158.0,474.0
0,HAT008,JFK,MSP,13:00:00,17:00:00,240,2024-05-30,available,,,,,14.0,12.0,15.0,97.0,142.0,476.0
0,HAT009,DFW,LGA,15:00:00,21:00:00,360,2024-05-01,landed,2024-05-01T15:29:00,2024-05-01T21:09:00,,,,,,,,
0,HAT009,DFW,LGA,15:00:00,21:00:00,360,2024-05-02,landed,2024-05-02T14:56:00,2024-05-02T20:40:00,,,,,,,,
0,HAT009,DFW,LGA,15:00:00,21:00:00,360,2024-05-03,landed,2024-05-03T14:44:00,2024-05-03T20:51:00,,,,,,,,
0,HAT009,DFW,LGA,15:00:00,21:00:00,360,2024-05-04,landed,2024-05-04T15:07:00,2024-05-04T21:43:00,,,,,,,,
0,HAT009,DFW,LGA,15:00:00,21:00:00,360,2024-05-05,landed,2024-05-05T15:38:00,2024-05-05T21:11:00,,,,,,,,
0,HAT009,DFW,LGA,15:00:00,21:00:00,360,2024-05-06,landed,2024-05-06T15:28:00,2024-05-06T21:10:00,,,,,,,,
0,HAT009,DFW,LGA,15:00:00,21:00:00,360,2024-05-07,cancelled,,,,,,,,,,
0,HAT009,DFW,LGA,15:00:00,21:00:00,360,2024-05-08,landed,2024-05-08T15:17:00,2024-05-08T21:06:00,,,,,,,,
0,HAT009,DFW,LGA,15:00:00,21:00:00,360,2024-05-09,landed,2024-05-09T15:20:00,2024-05-09T21:22:00,,,,,,,,
0,HAT009,DFW,LGA,15:00:00,21:00:00,360,2024-05-10,landed,2024-05-10T14:48:00,2024-05-10T21:12:00,,,,,,,,
0,HAT009,DFW,LGA,15:00:00,21:00:00,360,2024-05-11,landed,2024-05-11T14:48:00,2024-05-11T21:48:00,,,,,,,,
0,HAT009,DFW,LGA,15:00:00,21:00:00,360,2024-05-12,landed,2024-05-12T14:44:00,2024-05-12T21:47:00,,,,,,,,
0,HAT009,DFW,LGA,15:00:00,21:00:00,360,2024-05-13,landed,2024-05-13T14:56:00,2024-05-13T21:51:00,,,,,,,,
0,HAT009,DFW,LGA,15:00:00,21:00:00,360,2024-05-14,landed,2024-05-14T15:37:00,2024-05-14T21:02:00,,,,,,,,
0,HAT009,DFW,LGA,15:00:00,21:00:00,360,2024-05-15,flying,2024-05-15T14:49:00,,,2024-05-15T21:00:00,,,,,,
0,HAT009,DFW,LGA,15:00:00,21:00:00,360,2024-05-16,available,,,,,11.0,6.0,11.0,72.0,122.0,467.0
0,HAT009,DFW,LGA,15:00:00,21:00:00,360,2024-05-17,available,,,,,3.0,0.0,10.0,100.0,157.0,299.0
0,HAT009,DFW,LGA,15:00:00,21:00:00,360,2024-05-18,available,,,,,8.0,12.0,15.0,84.0,126.0,205.0
0,HAT009,DFW,LGA,15:00:00,21:00:00,360,2024-05-19,available,,,,,3.0,14.0,10.0,71.0,139.0,437.0
0,HAT009,DFW,LGA,15:00:00,21:00:00,360,2024-05-20,available,,,,,13.0,3.0,0.0,74.0,168.0,319.0
0,HAT009,DFW,LGA,15:00:00,21:00:00,360,2024-05-21,available,,,,,12.0,15.0,19.0,87.0,179.0,446.0
0,HAT009,DFW,LGA,15:00:00,21:00:00,360,2024-05-22,available,,,,,1.0,14.0,9.0,99.0,168.0,221.0
0,HAT009,DFW,LGA,15:00:00,21:00:00,360,2024-05-23,available,,,,,7.0,11.0,16.0,79.0,124.0,317.0
0,HAT009,DFW,LGA,15:00:00,21:00:00,360,2024-05-24,available,,,,,3.0,19.0,18.0,81.0,185.0,409.0
0,HAT009,DFW,LGA,15:00:00,21:00:00,360,2024-05-25,available,,,,,14.0,11.0,12.0,54.0,190.0,348.0
0,HAT009,DFW,LGA,15:00:00,21:00:00,360,2024-05-26,available,,,,,4.0,7.0,17.0,76.0,104.0,492.0
0,HAT009,DFW,LGA,15:00:00,21:00:00,360,2024-05-27,available,,,,,6.0,5.0,1.0,100.0,120.0,405.0
0,HAT009,DFW,LGA,15:00:00,21:00:00,360,2024-05-28,available,,,,,2.0,1.0,17.0,57.0,179.0,346.0
0,HAT009,DFW,LGA,15:00:00,21:00:00,360,2024-05-29,available,,,,,10.0,18.0,13.0,72.0,101.0,324.0
0,HAT009,DFW,LGA,15:00:00,21:00:00,360,2024-05-30,available,,,,,10.0,6.0,2.0,55.0,199.0,451.0
0,HAT010,DFW,LGA,18:00:00,00:00:00+1,360,2024-05-01,landed,2024-05-01T18:33:00,2024-05-02T00:00:00,,,,,,,,
0,HAT010,DFW,LGA,18:00:00,00:00:00+1,360,2024-05-02,landed,2024-05-02T17:40:00,2024-05-02T23:39:00,,,,,,,,
0,HAT010,DFW,LGA,18:00:00,00:00:00+1,360,2024-05-03,landed,2024-05-03T17:47:00,2024-05-04T00:45:00,,,,,,,,
0,HAT010,DFW,LGA,18:00:00,00:00:00+1,360,2024-05-04,landed,2024-05-04T18:25:00,2024-05-05T00:41:00,,,,,,,,
0,HAT010,DFW,LGA,18:00:00,00:00:00+1,360,2024-05-05,landed,2024-05-05T17:56:00,2024-05-06T00:14:00,,,,,,,,
0,HAT010,DFW,LGA,18:00:00,00:00:00+1,360,2024-05-06,landed,2024-05-06T17:43:00,2024-05-06T23:44:00,,,,,,,,
0,HAT010,DFW,LGA,18:00:00,00:00:00+1,360,2024-05-07,landed,2024-05-07T18:16:00,2024-05-08T00:46:00,,,,,,,,
0,HAT010,DFW,LGA,18:00:00,00:00:00+1,360,2024-05-08,landed,2024-05-08T18:29:00,2024-05-09T00:05:00,,,,,,,,
0,HAT010,DFW,LGA,18:00:00,00:00:00+1,360,2024-05-09,landed,2024-05-09T17:46:00,2024-05-10T00:51:00,,,,,,,,
0,HAT010,DFW,LGA,18:00:00,00:00:00+1,360,2024-05-10,landed,2024-05-10T18:05:00,2024-05-10T23:59:00,,,,,,,,
0,HAT010,DFW,LGA,18:00:00,00:00:00+1,360,2024-05-11,cancelled,,,,,,,,,,
0,HAT010,DFW,LGA,18:00:00,00:00:00+1,360,2024-05-12,landed,2024-05-12T17:51:00,2024-05-12T23:57:00,,,,,,,,
0,HAT010,DFW,LGA,18:00:00,00:00:00+1,360,2024-05-13,landed,2024-05-13T18:08:00,2024-05-14T00:09:00,,,,,,,,
0,HAT010,DFW,LGA,18:00:00,00:00:00+1,360,2024-05-14,landed,2024-05-14T18:02:00,2024-05-15T00:03:00,,,,,,,,
0,HAT010,DFW,LGA,18:00:00,00:00:00+1,360,2024-05-15,delayed,,,2024-05-15T18:57:00,2024-05-16T01:32:00,,,,,,
0,HAT010,DFW,LGA,18:00:00,00:00:00+1,360,2024-05-16,available,,,,,2.0,12.0,16.0,72.0,132.0,347.0
0,HAT010,DFW,LGA,18:00:00,00:00:00+1,360,2024-05-17,available,,,,,16.0,7.0,12.0,75.0,156.0,266.0
0,HAT010,DFW,LGA,18:00:00,00:00:00+1,360,2024-05-18,available,,,,,13.0,18.0,7.0,96.0,114.0,336.0
0,HAT010,DFW,LGA,18:00:00,00:00:00+1,360,2024-05-19,available,,,,,8.0,2.0,11.0,76.0,194.0,487.0
0,HAT010,DFW,LGA,18:00:00,00:00:00+1,360,2024-05-20,available,,,,,18.0,20.0,13.0,62.0,150.0,433.0
0,HAT010,DFW,LGA,18:00:00,00:00:00+1,360,2024-05-21,available,,,,,13.0,18.0,16.0,67.0,191.0,219.0
0,HAT010,DFW,LGA,18:00:00,00:00:00+1,360,2024-05-22,available,,,,,3.0,1.0,0.0,53.0,187.0,246.0
0,HAT010,DFW,LGA,18:00:00,00:00:00+1,360,2024-05-23,available,,,,,7.0,16.0,10.0,78.0,161.0,446.0
0,HAT010,DFW,LGA,18:00:00,00:00:00+1,360,2024-05-24,available,,,,,10.0,8.0,6.0,56.0,195.0,322.0
0,HAT010,DFW,LGA,18:00:00,00:00:00+1,360,2024-05-25,available,,,,,2.0,6.0,5.0,88.0,149.0,332.0
0,HAT010,DFW,LGA,18:00:00,00:00:00+1,360,2024-05-26,available,,,,,11.0,18.0,7.0,83.0,162.0,351.0
0,HAT010,DFW,LGA,18:00:00,00:00:00+1,360,2024-05-27,available,,,,,5.0,2.0,11.0,70.0,191.0,439.0
0,HAT010,DFW,LGA,18:00:00,00:00:00+1,360,2024-05-28,available,,,,,8.0,0.0,3.0,67.0,113.0,372.0
0,HAT010,DFW,LGA,18:00:00,00:00:00+1,360,2024-05-29,available,,,,,14.0,20.0,3.0,80.0,150.0,416.0
0,HAT010,DFW,LGA,18:00:00,00:00:00+1,360,2024-05-30,available,,,,,9.0,11.0,20.0,87.0,150.0,339.0
0,HAT011,DFW,LGA,03:00:00,09:00:00,360,2024-05-01,landed,2024-05-01T03:22:00,2024-05-01T08:47:00,,,,,,,,
0,HAT011,DFW,LGA,03:00:00,09:00:00,360,2024-05-02,landed,2024-05-02T02:43:00,2024-05-02T08:49:00,,,,,,,,
0,HAT011,DFW,LGA,03:00:00,09:00:00,360,2024-05-03,landed,2024-05-03T02:58:00,2024-05-03T09:55:00,,,,,,,,
0,HAT011,DFW,LGA,03:00:00,09:00:00,360,2024-05-04,landed,2024-05-04T02:42:00,2024-05-04T09:51:00,,,,,,,,
0,HAT011,DFW,LGA,03:00:00,09:00:00,360,2024-05-05,landed,2024-05-05T03:15:00,2024-05-05T09:53:00,,,,,,,,
0,HAT011,DFW,LGA,03:00:00,09:00:00,360,2024-05-06,landed,2024-05-06T03:17:00,2024-05-06T09:42:00,,,,,,,,
0,HAT011,DFW,LGA,03:00:00,09:00:00,360,2024-05-07,landed,2024-05-07T03:12:00,2024-05-07T08:40:00,,,,,,,,
0,HAT011,DFW,LGA,03:00:00,09:00:00,360,2024-05-08,landed,2024-05-08T03:35:00,2024-05-08T09:12:00,,,,,,,,
0,HAT011,DFW,LGA,03:00:00,09:00:00,360,2024-05-09,landed,2024-05-09T03:07:00,2024-05-09T08:40:00,,,,,,,,
0,HAT011,DFW,LGA,03:00:00,09:00:00,360,2024-05-10,landed,2024-05-10T03:08:00,2024-05-10T09:54:00,,,,,,,,
0,HAT011,DFW,LGA,03:00:00,09:00:00,360,2024-05-11,landed,2024-05-11T03:32:00,2024-05-11T09:27:00,,,,,,,,
0,HAT011,DFW,LGA,03:00:00,09:00:00,360,2024-05-12,landed,2024-05-12T03:27:00,2024-05-12T08:49:00,,,,,,,,
0,HAT011,DFW,LGA,03:00:00,09:00:00,360,2024-05-13,landed,2024-05-13T02:48:00,2024-05-13T09:40:00,,,,,,,,
0,HAT011,DFW,LGA,03:00:00,09:00:00,360,2024-05-14,landed,2024-05-14T03:04:00,2024-05-14T09:22:00,,,,,,,,
0,HAT011,DFW,LGA,03:00:00,09:00:00,360,2024-05-15,landed,2024-05-15T02:55:00,2024-05-15T09:51:00,,,,,,,,
0,HAT011,DFW,LGA,03:00:00,09:00:00,360,2024-05-16,available,,,,,10.0,20.0,6.0,59.0,141.0,418.0
0,HAT011,DFW,LGA,03:00:00,09:00:00,360,2024-05-17,available,,,,,0.0,15.0,15.0,69.0,156.0,437.0
0,HAT011,DFW,LGA,03:00:00,09:00:00,360,2024-05-18,available,,,,,12.0,9.0,9.0,74.0,143.0,485.0
0,HAT011,DFW,LGA,03:00:00,09:00:00,360,2024-05-19,available,,,,,8.0,13.0,1.0,77.0,109.0,269.0
0,HAT011,DFW,LGA,03:00:00,09:00:00,360,2024-05-20,available,,,,,17.0,17.0,5.0,82.0,124.0,266.0
0,HAT011,DFW,LGA,03:00:00,09:00:00,360,2024-05-21,available,,,,,4.0,13.0,12.0,57.0,120.0,436.0
0,HAT011,DFW,LGA,03:00:00,09:00:00,360,2024-05-22,available,,,,,4.0,9.0,3.0,84.0,194.0,341.0
0,HAT011,DFW,LGA,03:00:00,09:00:00,360,2024-05-23,available,,,,,15.0,19.0,0.0,65.0,167.0,249.0
0,HAT011,DFW,LGA,03:00:00,09:00:00,360,2024-05-24,available,,,,,2.0,17.0,12.0,89.0,149.0,469.0
0,HAT011,DFW,LGA,03:00:00,09:00:00,360,2024-05-25,available,,,,,2.0,16.0,0.0,80.0,192.0,410.0
0,HAT011,DFW,LGA,03:00:00,09:00:00,360,2024-05-26,available,,,,,19.0,12.0,13.0,87.0,164.0,476.0
0,HAT011,DFW,LGA,03:00:00,09:00:00,360,2024-05-27,available,,,,,16.0,0.0,20.0,53.0,200.0,301.0
0,HAT011,DFW,LGA,03:00:00,09:00:00,360,2024-05-28,available,,,,,14.0,17.0,10.0,66.0,175.0,296.0
0,HAT011,DFW,LGA,03:00:00,09:00:00,360,2024-05-29,available,,,,,10.0,16.0,10.0,72.0,139.0,409.0
0,HAT011,DFW,LGA,03:00:00,09:00:00,360,2024-05-30,available,,,,,6.0,19.0,12.0,62.0,158.0,211.0
0,HAT012,DFW,LGA,04:00:00,10:00:00,360,2024-05-01,landed,2024-05-01T04:06:00,2024-05-01T10:38:00,,,,,,,,
0,HAT012,DFW,LGA,04:00:00,10:00:00,360,2024-05-02,landed,2024-05-02T04:06:00,2024-05-02T10:50:00,,,,,,,,
0,HAT012,DFW,LGA,04:00:00,10:00:00,360,2024-05-03,cancelled,,,,,,,,,,
0,HAT012,DFW,LGA,04:00:00,10:00:00,360,2024-05-04,landed,2024-05-04T04:23:00,2024-05-04T09:43:00,,,,,,,,
0,HAT012,DFW,LGA,04:00:00,10:00:00,360,2024-05-05,cancelled,,,,,,,,,,
0,HAT012,DFW,LGA,04:00:00,10:00:00,360,2024-05-06,landed,2024-05-06T04:08:00,2024-05-06T10:02:00,,,,,,,,
0,HAT012,DFW,LGA,04:00:00,10:00:00,360,2024-05-07,landed,2024-05-07T04:38:00,2024-05-07T10:44:00,,,,,,,,
0,HAT012,DFW,LGA,04:00:00,10:00:00,360,2024-05-08,landed,2024-05-08T04:18:00,2024-05-08T09:54:00,,,,,,,,
0,HAT012,DFW,LGA,04:00:00,10:00:00,360,2024-05-09,cancelled,,,,,,,,,,
0,HAT012,DFW,LGA,04:00:00,10:00:00,360,2024-05-10,cancelled,,,,,,,,,,
0,HAT012,DFW,LGA,04:00:00,10:00:00,360,2024-05-11,landed,2024-05-11T04:21:00,2024-05-11T10:04:00,,,,,,,,
0,HAT012,DFW,LGA,04:00:00,10:00:00,360,2024-05-12,landed,2024-05-12T04:36:00,2024-05-12T10:02:00,,,,,,,,
0,HAT012,DFW,LGA,04:00:00,10:00:00,360,2024-05-13,landed,2024-05-13T04:17:00,2024-05-13T10:48:00,,,,,,,,
0,HAT012,DFW,LGA,04:00:00,10:00:00,360,2024-05-14,landed,2024-05-14T04:11:00,2024-05-14T09:37:00,,,,,,,,
0,HAT012,DFW,LGA,04:00:00,10:00:00,360,2024-05-15,landed,2024-05-15T04:40:00,2024-05-15T10:25:00,,,,,,,,
0,HAT012,DFW,LGA,04:00:00,10:00:00,360,2024-05-16,available,,,,,7.0,1.0,2.0,61.0,151.0,455.0
0,HAT012,DFW,LGA,04:00:00,10:00:00,360,2024-05-17,available,,,,,1.0,12.0,16.0,62.0,195.0,457.0
0,HAT012,DFW,LGA,04:00:00,10:00:00,360,2024-05-18,available,,,,,1.0,5.0,4.0,93.0,195.0,334.0
0,HAT012,DFW,LGA,04:00:00,10:00:00,360,2024-05-19,available,,,,,11.0,17.0,5.0,66.0,104.0,363.0
0,HAT012,DFW,LGA,04:00:00,10:00:00,360,2024-05-20,available,,,,,18.0,12.0,1.0,57.0,101.0,224.0
0,HAT012,DFW,LGA,04:00:00,10:00:00,360,2024-05-21,available,,,,,0.0,9.0,5.0,94.0,126.0,409.0
0,HAT012,DFW,LGA,04:00:00,10:00:00,360,2024-05-22,available,,,,,0.0,18.0,8.0,59.0,173.0,268.0
0,HAT012,DFW,LGA,04:00:00,10:00:00,360,2024-05-23,available,,,,,2.0,18.0,20.0,61.0,159.0,283.0
0,HAT012,DFW,LGA,04:00:00,10:00:00,360,2024-05-24,available,,,,,0.0,12.0,10.0,62.0,195.0,311.0
0,HAT012,DFW,LGA,04:00:00,10:00:00,360,2024-05-25,available,,,,,12.0,19.0,19.0,72.0,164.0,248.0
0,HAT012,DFW,LGA,04:00:00,10:00:00,360,2024-05-26,available,,,,,13.0,13.0,4.0,64.0,122.0,420.0
0,HAT012,DFW,LGA,04:00:00,10:00:00,360,2024-05-27,available,,,,,8.0,13.0,2.0,83.0,119.0,422.0
0,HAT012,DFW,LGA,04:00:00,10:00:00,360,2024-05-28,available,,,,,13.0,2.0,4.0,85.0,157.0,319.0
0,HAT012,DFW,LGA,04:00:00,10:00:00,360,2024-05-29,available,,,,,0.0,4.0,15.0,67.0,161.0,436.0
0,HAT012,DFW,LGA,04:00:00,10:00:00,360,2024-05-30,available,,,,,12.0,18.0,13.0,89.0,110.0,437.0
0,HAT013,DEN,SFO,22:00:00,03:00:00+1,300,2024-05-01,cancelled,,,,,,,,,,
0,HAT013,DEN,SFO,22:00:00,03:00:00+1,300,2024-05-02,landed,2024-05-02T21:59:00,2024-05-03T03:25:00,,,,,,,,
0,HAT013,DEN,SFO,22:00:00,03:00:00+1,300,2024-05-03,landed,2024-05-03T22:17:00,2024-05-04T03:35:00,,,,,,,,
0,HAT013,DEN,SFO,22:00:00,03:00:00+1,300,2024-05-04,landed,2024-05-04T21:59:00,2024-05-05T02:58:00,,,,,,,,
0,HAT013,DEN,SFO,22:00:00,03:00:00+1,300,2024-05-05,landed,2024-05-05T21:55:00,2024-05-06T03:43:00,,,,,,,,
0,HAT013,DEN,SFO,22:00:00,03:00:00+1,300,2024-05-06,landed,2024-05-06T22:37:00,2024-05-07T03:17:00,,,,,,,,
0,HAT013,DEN,SFO,22:00:00,03:00:00+1,300,2024-05-07,landed,2024-05-07T22:31:00,2024-05-08T02:57:00,,,,,,,,
0,HAT013,DEN,SFO,22:00:00,03:00:00+1,300,2024-05-08,landed,2024-05-08T21:52:00,2024-05-09T03:36:00,,,,,,,,
0,HAT013,DEN,SFO,22:00:00,03:00:00+1,300,2024-05-09,landed,2024-05-09T22:31:00,2024-05-10T03:30:00,,,,,,,,
0,HAT013,DEN,SFO,22:00:00,03:00:00+1,300,2024-05-10,landed,2024-05-10T21:57:00,2024-05-11T02:37:00,,,,,,,,
0,HAT013,DEN,SFO,22:00:00,03:00:00+1,300,2024-05-11,landed,2024-05-11T21:45:00,2024-05-12T02:55:00,,,,,,,,
0,HAT013,DEN,SFO,22:00:00,03:00:00+1,300,2024-05-12,landed,2024-05-12T22:11:00,2024-05-13T03:19:00,,,,,,,,
0,HAT013,DEN,SFO,22:00:00,03:00:00+1,300,2024-05-13,landed,2024-05-13T22:27:00,2024-05-14T03:16:00,,,,,,,,
0,HAT013,DEN,SFO,22:00:00,03:00:00+1,300,2024-05-14,landed,2024-05-14T22:07:00,2024-05-15T03:05:00,,,,,,,,
0,HAT013,DEN,SFO,22:00:00,03:00:00+1,300,2024-05-15,delayed,,,2024-05-15T23:28:00,2024-05-16T05:25:00,,,,,,
0,HAT013,DEN,SFO,22:00:00,03:00:00+1,300,2024-05-16,available,,,,,17.0,13.0,11.0,80.0,153.0,350.0
0,HAT013,DEN,SFO,22:00:00,03:00:00+1,300,2024-05-17,available,,,,,7.0,14.0,18.0,72.0,174.0,349.0
0,HAT013,DEN,SFO,22:00:00,03:00:00+1,300,2024-05-18,available,,,,,0.0,10.0,11.0,98.0,174.0,217.0
0,HAT013,DEN,SFO,22:00:00,03:00:00+1,300,2024-05-19,available,,,,,16.0,15.0,13.0,62.0,173.0,234.0
0,HAT013,DEN,SFO,22:00:00,03:00:00+1,300,2024-05-20,available,,,,,12.0,8.0,12.0,99.0,108.0,260.0
0,HAT013,DEN,SFO,22:00:00,03:00:00+1,300,2024-05-21,available,,,,,0.0,14.0,6.0,89.0,146.0,257.0
0,HAT013,DEN,SFO,22:00:00,03:00:00+1,300,2024-05-22,available,,,,,8.0,14.0,20.0,60.0,142.0,268.0
0,HAT013,DEN,SFO,22:00:00,03:00:00+1,300,2024-05-23,available,,,,,0.0,4.0,5.0,90.0,105.0,470.0
0,HAT013,DEN,SFO,22:00:00,03:00:00+1,300,2024-05-24,available,,,,,1.0,2.0,17.0,92.0,136.0,255.0
0,HAT013,DEN,SFO,22:00:00,03:00:00+1,300,2024-05-25,available,,,,,7.0,18.0,6.0,99.0,101.0,397.0
0,HAT013,DEN,SFO,22:00:00,03:00:00+1,300,2024-05-26,available,,,,,11.0,7.0,17.0,82.0,150.0,403.0
0,HAT013,DEN,SFO,22:00:00,03:00:00+1,300,2024-05-27,available,,,,,18.0,5.0,11.0,63.0,193.0,381.0
0,HAT013,DEN,SFO,22:00:00,03:00:00+1,300,2024-05-28,available,,,,,2.0,12.0,10.0,84.0,196.0,418.0
0,HAT013,DEN,SFO,22:00:00,03:00:00+1,300,2024-05-29,available,,,,,17.0,20.0,0.0,78.0,177.0,386.0
0,HAT013,DEN,SFO,22:00:00,03:00:00+1,300,2024-05-30,available,,,,,19.0,2.0,20.0,65.0,114.0,265.0
0,HAT014,DEN,SFO,08:00:00,13:00:00,300,2024-05-01,landed,2024-05-01T07:55:00,2024-05-01T13:45:00,,,,,,,,
0,HAT014,DEN,SFO,08:00:00,13:00:00,300,2024-05-02,landed,2024-05-02T08:35:00,2024-05-02T13:20:00,,,,,,,,
0,HAT014,DEN,SFO,08:00:00,13:00:00,300,2024-05-03,landed,2024-05-03T08:08:00,2024-05-03T13:13:00,,,,,,,,
0,HAT014,DEN,SFO,08:00:00,13:00:00,300,2024-05-04,landed,2024-05-04T07:56:00,2024-05-04T13:26:00,,,,,,,,
0,HAT014,DEN,SFO,08:00:00,13:00:00,300,2024-05-05,landed,2024-05-05T07:45:00,2024-05-05T13:23:00,,,,,,,,
0,HAT014,DEN,SFO,08:00:00,13:00:00,300,2024-05-06,landed,2024-05-06T07:56:00,2024-05-06T12:38:00,,,,,,,,
0,HAT014,DEN,SFO,08:00:00,13:00:00,300,2024-05-07,cancelled,,,,,,,,,,
0,HAT014,DEN,SFO,08:00:00,13:00:00,300,2024-05-08,landed,2024-05-08T07:49:00,2024-05-08T12:47:00,,,,,,,,
0,HAT014,DEN,SFO,08:00:00,13:00:00,300,2024-05-09,cancelled,,,,,,,,,,
0,HAT014,DEN,SFO,08:00:00,13:00:00,300,2024-05-10,landed,2024-05-10T07:51:00,2024-05-10T12:53:00,,,,,,,,
0,HAT014,DEN,SFO,08:00:00,13:00:00,300,2024-05-11,landed,2024-05-11T08:14:00,2024-05-11T13:40:00,,,,,,,,
0,HAT014,DEN,SFO,08:00:00,13:00:00,300,2024-05-12,landed,2024-05-12T08:04:00,2024-05-12T12:41:00,,,,,,,,
0,HAT014,DEN,SFO,08:00:00,13:00:00,300,2024-05-13,landed,2024-05-13T08:20:00,2024-05-13T13:54:00,,,,,,,,
0,HAT014,DEN,SFO,08:00:00,13:00:00,300,2024-05-14,landed,2024-05-14T08:06:00,2024-05-14T12:37:00,,,,,,,,
0,HAT014,DEN,SFO,08:00:00,13:00:00,300,2024-05-15,landed,2024-05-15T07:47:00,2024-05-15T13:22:00,,,,,,,,
0,HAT014,DEN,SFO,08:00:00,13:00:00,300,2024-05-16,available,,,,,0.0,10.0,4.0,78.0,142.0,348.0
0,HAT014,DEN,SFO,08:00:00,13:00:00,300,2024-05-17,available,,,,,13.0,19.0,2.0,89.0,189.0,310.0
0,HAT014,DEN,SFO,08:00:00,13:00:00,300,2024-05-18,available,,,,,13.0,5.0,0.0,85.0,199.0,334.0
0,HAT014,DEN,SFO,08:00:00,13:00:00,300,2024-05-19,available,,,,,15.0,17.0,17.0,74.0,115.0,283.0
0,HAT014,DEN,SFO,08:00:00,13:00:00,300,2024-05-20,available,,,,,4.0,7.0,12.0,88.0,193.0,263.0
0,HAT014,DEN,SFO,08:00:00,13:00:00,300,2024-05-21,available,,,,,17.0,9.0,1.0,60.0,189.0,407.0
0,HAT014,DEN,SFO,08:00:00,13:00:00,300,2024-05-22,available,,,,,3.0,0.0,11.0,52.0,122.0,454.0
0,HAT014,DEN,SFO,08:00:00,13:00:00,300,2024-05-23,available,,,,,16.0,1.0,17.0,72.0,151.0,444.0
0,HAT014,DEN,SFO,08:00:00,13:00:00,300,2024-05-24,available,,,,,20.0,0.0,1.0,93.0,185.0,283.0
0,HAT014,DEN,SFO,08:00:00,13:00:00,300,2024-05-25,available,,,,,9.0,13.0,14.0,77.0,124.0,406.0
0,HAT014,DEN,SFO,08:00:00,13:00:00,300,2024-05-26,available,,,,,11.0,18.0,7.0,50.0,123.0,328.0
0,HAT014,DEN,SFO,08:00:00,13:00:00,300,2024-05-27,available,,,,,6.0,13.0,18.0,92.0,112.0,213.0
0,HAT014,DEN,SFO,08:00:00,13:00:00,300,2024-05-28,available,,,,,11.0,17.0,12.0,89.0,131.0,263.0
0,HAT014,DEN,SFO,08:00:00,13:00:00,300,2024-05-29,available,,,,,12.0,8.0,2.0,88.0,158.0,407.0
0,HAT014,DEN,SFO,08:00:00,13:00:00,300,2024-05-30,available,,,,,18.0,8.0,19.0,70.0,127.0,426.0
0,HAT015,DEN,SFO,16:00:00,21:00:00,300,2024-05-01,landed,2024-05-01T15:52:00,2024-05-01T21:44:00,,,,,,,,
0,HAT015,DEN,SFO,16:00:00,21:00:00,300,2024-05-02,landed,2024-05-02T15:42:00,2024-05-02T20:52:00,,,,,,,,
0,HAT015,DEN,SFO,16:00:00,21:00:00,300,2024-05-03,landed,2024-05-03T16:13:00,2024-05-03T21:31:00,,,,,,,,
0,HAT015,DEN,SFO,16:00:00,21:00:00,300,2024-05-04,cancelled,,,,,,,,,,
0,HAT015,DEN,SFO,16:00:00,21:00:00,300,2024-05-05,landed,2024-05-05T16:32:00,2024-05-05T20:38:00,,,,,,,,
0,HAT015,DEN,SFO,16:00:00,21:00:00,300,2024-05-06,landed,2024-05-06T15:49:00,2024-05-06T21:41:00,,,,,,,,
0,HAT015,DEN,SFO,16:00:00,21:00:00,300,2024-05-07,landed,2024-05-07T16:05:00,2024-05-07T20:46:00,,,,,,,,
0,HAT015,DEN,SFO,16:00:00,21:00:00,300,2024-05-08,landed,2024-05-08T15:55:00,2024-05-08T21:39:00,,,,,,,,
0,HAT015,DEN,SFO,16:00:00,21:00:00,300,2024-05-09,landed,2024-05-09T16:14:00,2024-05-09T20:39:00,,,,,,,,
0,HAT015,DEN,SFO,16:00:00,21:00:00,300,2024-05-10,landed,2024-05-10T15:52:00,2024-05-10T21:19:00,,,,,,,,
0,HAT015,DEN,SFO,16:00:00,21:00:00,300,2024-05-11,landed,2024-05-11T16:30:00,2024-05-11T21:21:00,,,,,,,,
0,HAT015,DEN,SFO,16:00:00,21:00:00,300,2024-05-12,landed,2024-05-12T16:37:00,2024-05-12T21:18:00,,,,,,,,
0,HAT015,DEN,SFO,16:00:00,21:00:00,300,2024-05-13,landed,2024-05-13T16:26:00,2024-05-13T21:52:00,,,,,,,,
0,HAT015,DEN,SFO,16:00:00,21:00:00,300,2024-05-14,landed,2024-05-14T16:20:00,2024-05-14T21:12:00,,,,,,,,
0,HAT015,DEN,SFO,16:00:00,21:00:00,300,2024-05-15,on time,,,2024-05-15T15:39:00,2024-05-15T20:29:00,,,,,,
0,HAT015,DEN,SFO,16:00:00,21:00:00,300,2024-05-16,available,,,,,7.0,1.0,19.0,69.0,186.0,496.0
0,HAT015,DEN,SFO,16:00:00,21:00:00,300,2024-05-17,available,,,,,13.0,10.0,6.0,92.0,127.0,489.0
0,HAT015,DEN,SFO,16:00:00,21:00:00,300,2024-05-18,available,,,,,14.0,13.0,4.0,81.0,144.0,341.0
0,HAT015,DEN,SFO,16:00:00,21:00:00,300,2024-05-19,available,,,,,9.0,0.0,16.0,60.0,144.0,248.0
0,HAT015,DEN,SFO,16:00:00,21:00:00,300,2024-05-20,available,,,,,18.0,17.0,6.0,55.0,109.0,214.0
0,HAT015,DEN,SFO,16:00:00,21:00:00,300,2024-05-21,available,,,,,18.0,12.0,0.0,93.0,135.0,211.0
0,HAT015,DEN,SFO,16:00:00,21:00:00,300,2024-05-22,available,,,,,14.0,18.0,3.0,78.0,100.0,343.0
0,HAT015,DEN,SFO,16:00:00,21:00:00,300,2024-05-23,available,,,,,11.0,18.0,6.0,61.0,144.0,390.0
0,HAT015,DEN,SFO,16:00:00,21:00:00,300,2024-05-24,available,,,,,16.0,13.0,3.0,57.0,110.0,470.0
0,HAT015,DEN,SFO,16:00:00,21:00:00,300,2024-05-25,available,,,,,8.0,16.0,4.0,82.0,126.0,303.0
0,HAT015,DEN,SFO,16:00:00,21:00:00,300,2024-05-26,available,,,,,19.0,16.0,19.0,86.0,156.0,446.0
0,HAT015,DEN,SFO,16:00:00,21:00:00,300,2024-05-27,available,,,,,19.0,15.0,9.0,90.0,155.0,426.0
0,HAT015,DEN,SFO,16:00:00,21:00:00,300,2024-05-28,available,,,,,4.0,2.0,17.0,71.0,157.0,493.0
0,HAT015,DEN,SFO,16:00:00,21:00:00,300,2024-05-29,available,,,,,14.0,3.0,3.0,62.0,135.0,361.0
0,HAT015,DEN,SFO,16:00:00,21:00:00,300,2024-05-30,available,,,,,5.0,17.0,9.0,64.0,173.0,258.0
0,HAT016,DTW,DFW,19:00:00,23:00:00,240,2024-05-01,landed,2024-05-01T19:37:00,2024-05-01T23:24:00,,,,,,,,
0,HAT016,DTW,DFW,19:00:00,23:00:00,240,2024-05-02,cancelled,,,,,,,,,,
0,HAT016,DTW,DFW,19:00:00,23:00:00,240,2024-05-03,landed,2024-05-03T18:40:00,2024-05-03T22:43:00,,,,,,,,
0,HAT016,DTW,DFW,19:00:00,23:00:00,240,2024-05-04,landed,2024-05-04T18:59:00,2024-05-04T23:00:00,,,,,,,,
0,HAT016,DTW,DFW,19:00:00,23:00:00,240,2024-05-05,landed,2024-05-05T18:59:00,2024-05-05T23:19:00,,,,,,,,
0,HAT016,DTW,DFW,19:00:00,23:00:00,240,2024-05-06,landed,2024-05-06T19:38:00,2024-05-06T23:50:00,,,,,,,,
0,HAT016,DTW,DFW,19:00:00,23:00:00,240,2024-05-07,landed,2024-05-07T18:53:00,2024-05-07T23:28:00,,,,,,,,
0,HAT016,DTW,DFW,19:00:00,23:00:00,240,2024-05-08,landed,2024-05-08T19:37:00,2024-05-08T23:11:00,,,,,,,,
0,HAT016,DTW,DFW,19:00:00,23:00:00,240,2024-05-09,landed,2024-05-09T19:10:00,2024-05-09T22:53:00,,,,,,,,
0,HAT016,DTW,DFW,19:00:00,23:00:00,240,2024-05-10,landed,2024-05-10T19:33:00,2024-05-10T23:23:00,,,,,,,,
0,HAT016,DTW,DFW,19:00:00,23:00:00,240,2024-05-11,landed,2024-05-11T18:51:00,2024-05-11T23:11:00,,,,,,,,
0,HAT016,DTW,DFW,19:00:00,23:00:00,240,2024-05-12,landed,2024-05-12T19:39:00,2024-05-12T23:01:00,,,,,,,,
0,HAT016,DTW,DFW,19:00:00,23:00:00,240,2024-05-13,landed,2024-05-13T19:40:00,2024-05-13T23:40:00,,,,,,,,
0,HAT016,DTW,DFW,19:00:00,23:00:00,240,2024-05-14,landed,2024-05-14T19:23:00,2024-05-14T22:41:00,,,,,,,,
0,HAT016,DTW,DFW,19:00:00,23:00:00,240,2024-05-15,delayed,,,2024-05-15T20:38:00,2024-05-16T00:53:00,,,,,,
0,HAT016,DTW,DFW,19:00:00,23:00:00,240,2024-05-16,available,,,,,8.0,3.0,16.0,64.0,156.0,413.0
0,HAT016,DTW,DFW,19:00:00,23:00:00,240,2024-05-17,available,,,,,15.0,12.0,16.0,70.0,158.0,279.0
0,HAT016,DTW,DFW,19:00:00,23:00:00,240,2024-05-18,available,,,,,13.0,10.0,18.0,97.0,102.0,436.0
0,HAT016,DTW,DFW,19:00:00,23:00:00,240,2024-05-19,available,,,,,13.0,6.0,12.0,77.0,102.0,380.0
0,HAT016,DTW,DFW,19:00:00,23:00:00,240,2024-05-20,available,,,,,15.0,6.0,18.0,67.0,134.0,418.0
0,HAT016,DTW,DFW,19:00:00,23:00:00,240,2024-05-21,available,,,,,13.0,11.0,0.0,67.0,186.0,280.0
0,HAT016,DTW,DFW,19:00:00,23:00:00,240,2024-05-22,available,,,,,0.0,20.0,4.0,82.0,126.0,273.0
0,HAT016,DTW,DFW,19:00:00,23:00:00,240,2024-05-23,available,,,,,19.0,16.0,11.0,53.0,107.0,312.0
0,HAT016,DTW,DFW,19:00:00,23:00:00,240,2024-05-24,available,,,,,1.0,4.0,1.0,88.0,167.0,214.0
0,HAT016,DTW,DFW,19:00:00,23:00:00,240,2024-05-25,available,,,,,18.0,0.0,14.0,67.0,137.0,353.0
0,HAT016,DTW,DFW,19:00:00,23:00:00,240,2024-05-26,available,,,,,1.0,10.0,0.0,88.0,138.0,438.0
0,HAT016,DTW,DFW,19:00:00,23:00:00,240,2024-05-27,available,,,,,10.0,11.0,19.0,87.0,150.0,296.0
0,HAT016,DTW,DFW,19:00:00,23:00:00,240,2024-05-28,available,,,,,14.0,15.0,7.0,87.0,183.0,459.0
0,HAT016,DTW,DFW,19:00:00,23:00:00,240,2024-05-29,available,,,,,1.0,1.0,15.0,77.0,155.0,259.0
0,HAT016,DTW,DFW,19:00:00,23:00:00,240,2024-05-30,available,,,,,19.0,7.0,19.0,96.0,136.0,270.0
0,HAT017,DFW,MSP,12:00:00,15:30:00,210,2024-05-01,landed,2024-05-01T12:09:00,2024-05-01T16:06:00,,,,,,,,
0,HAT017,DFW,MSP,12:00:00,15:30:00,210,2024-05-02,landed,2024-05-02T11:49:00,2024-05-02T15:29:00,,,,,,,,
0,HAT017,DFW,MSP,12:00:00,15:30:00,210,2024-05-03,cancelled,,,,,,,,,,
0,HAT017,DFW,MSP,12:00:00,15:30:00,210,2024-05-04,landed,2024-05-04T12:27:00,2024-05-04T15:33:00,,,,,,,,
0,HAT017,DFW,MSP,12:00:00,15:30:00,210,2024-05-05,landed,2024-05-05T11:47:00,2024-05-05T15:47:00,,,,,,,,
0,HAT017,DFW,MSP,12:00:00,15:30:00,210,2024-05-06,landed,2024-05-06T11:48:00,2024-05-06T16:05:00,,,,,,,,
0,HAT017,DFW,MSP,12:00:00,15:30:00,210,2024-05-07,landed,2024-05-07T12:35:00,2024-05-07T16:15:00,,,,,,,,
0,HAT017,DFW,MSP,12:00:00,15:30:00,210,2024-05-08,landed,2024-05-08T12:04:00,2024-05-08T15:51:00,,,,,,,,
0,HAT017,DFW,MSP,12:00:00,15:30:00,210,2024-05-09,landed,2024-05-09T11:56:00,2024-05-09T15:46:00,,,,,,,,
0,HAT017,DFW,MSP,12:00:00,15:30:00,210,2024-05-10,landed,2024-05-10T12:29:00,2024-05-10T15:24:00,,,,,,,,
0,HAT017,DFW,MSP,12:00:00,15:30:00,210,2024-05-11,landed,2024-05-11T12:12:00,2024-05-11T15:53:00,,,,,,,,
0,HAT017,DFW,MSP,12:00:00,15:30:00,210,2024-05-12,landed,2024-05-12T12:27:00,2024-05-12T16:16:00,,,,,,,,
0,HAT017,DFW,MSP,12:00:00,15:30:00,210,2024-05-13,landed,2024-05-13T12:40:00,2024-05-13T15:23:00,,,,,,,,
0,HAT017,DFW,MSP,12:00:00,15:30:00,210,2024-05-14,landed,2024-05-14T12:12:00,2024-05-14T15:31:00,,,,,,,,
0,HAT017,DFW,MSP,12:00:00,15:30:00,210,2024-05-15,flying,2024-05-15T12:22:00,,,2024-05-15T15:23:00,,,,,,
0,HAT017,DFW,MSP,12:00:00,15:30:00,210,2024-05-16,available,,,,,8.0,6.0,15.0,61.0,103.0,242.0
0,HAT017,DFW,MSP,12:00:00,15:30:00,210,2024-05-17,available,,,,,16.0,2.0,10.0,82.0,149.0,362.0
0,HAT017,DFW,MSP,12:00:00,15:30:00,210,2024-05-18,available,,,,,3.0,8.0,16.0,52.0,159.0,430.0
0,HAT017,DFW,MSP,12:00:00,15:30:00,210,2024-05-19,available,,,,,11.0,15.0,7.0,83.0,190.0,434.0
0,HAT017,DFW,MSP,12:00:00,15:30:00,210,2024-05-20,available,,,,,6.0,9.0,13.0,94.0,188.0,269.0
0,HAT017,DFW,MSP,12:00:00,15:30:00,210,2024-05-21,available,,,,,8.0,4.0,0.0,84.0,154.0,263.0
0,HAT017,DFW,MSP,12:00:00,15:30:00,210,2024-05-22,available,,,,,14.0,0.0,20.0,95.0,159.0,218.0
0,HAT017,DFW,MSP,12:00:00,15:30:00,210,2024-05-23,available,,,,,7.0,4.0,2.0,60.0,185.0,389.0
0,HAT017,DFW,MSP,12:00:00,15:30:00,210,2024-05-24,available,,,,,9.0,14.0,10.0,60.0,121.0,236.0
0,HAT017,DFW,MSP,12:00:00,15:30:00,210,2024-05-25,available,,,,,20.0,9.0,17.0,84.0,152.0,283.0
0,HAT017,DFW,MSP,12:00:00,15:30:00,210,2024-05-26,available,,,,,4.0,12.0,17.0,88.0,128.0,440.0
0,HAT017,DFW,MSP,12:00:00,15:30:00,210,2024-05-27,available,,,,,15.0,1.0,3.0,79.0,178.0,281.0
0,HAT017,DFW,MSP,12:00:00,15:30:00,210,2024-05-28,available,,,,,3.0,9.0,0.0,69.0,175.0,493.0
0,HAT017,DFW,MSP,12:00:00,15:30:00,210,2024-05-29,available,,,,,12.0,18.0,16.0,100.0,159.0,356.0
0,HAT017,DFW,MSP,12:00:00,15:30:00,210,2024-05-30,available,,,,,14.0,16.0,7.0,91.0,101.0,427.0
0,HAT018,LGA,DFW,03:00:00,09:00:00,360,2024-05-01,landed,2024-05-01T02:47:00,2024-05-01T09:08:00,,,,,,,,
0,HAT018,LGA,DFW,03:00:00,09:00:00,360,2024-05-02,landed,2024-05-02T03:09:00,2024-05-02T09:32:00,,,,,,,,
0,HAT018,LGA,DFW,03:00:00,09:00:00,360,2024-05-03,landed,2024-05-03T03:25:00,2024-05-03T09:01:00,,,,,,,,
0,HAT018,LGA,DFW,03:00:00,09:00:00,360,2024-05-04,landed,2024-05-04T03:20:00,2024-05-04T09:13:00,,,,,,,,
0,HAT018,LGA,DFW,03:00:00,09:00:00,360,2024-05-05,landed,2024-05-05T02:47:00,2024-05-05T09:41:00,,,,,,,,
0,HAT018,LGA,DFW,03:00:00,09:00:00,360,2024-05-06,landed,2024-05-06T02:51:00,2024-05-06T09:20:00,,,,,,,,
0,HAT018,LGA,DFW,03:00:00,09:00:00,360,2024-05-07,landed,2024-05-07T02:44:00,2024-05-07T09:41:00,,,,,,,,
0,HAT018,LGA,DFW,03:00:00,09:00:00,360,2024-05-08,landed,2024-05-08T03:05:00,2024-05-08T08:56:00,,,,,,,,
0,HAT018,LGA,DFW,03:00:00,09:00:00,360,2024-05-09,landed,2024-05-09T03:01:00,2024-05-09T09:49:00,,,,,,,,
0,HAT018,LGA,DFW,03:00:00,09:00:00,360,2024-05-10,landed,2024-05-10T02:42:00,2024-05-10T09:03:00,,,,,,,,
0,HAT018,LGA,DFW,03:00:00,09:00:00,360,2024-05-11,landed,2024-05-11T02:55:00,2024-05-11T09:01:00,,,,,,,,
0,HAT018,LGA,DFW,03:00:00,09:00:00,360,2024-05-12,landed,2024-05-12T02:47:00,2024-05-12T09:16:00,,,,,,,,
0,HAT018,LGA,DFW,03:00:00,09:00:00,360,2024-05-13,landed,2024-05-13T02:59:00,2024-05-13T09:16:00,,,,,,,,
0,HAT018,LGA,DFW,03:00:00,09:00:00,360,2024-05-14,landed,2024-05-14T03:28:00,2024-05-14T08:44:00,,,,,,,,
0,HAT018,LGA,DFW,03:00:00,09:00:00,360,2024-05-15,landed,2024-05-15T03:14:00,2024-05-15T08:40:00,,,,,,,,
0,HAT018,LGA,DFW,03:00:00,09:00:00,360,2024-05-16,available,,,,,8.0,6.0,20.0,73.0,184.0,347.0
0,HAT018,LGA,DFW,03:00:00,09:00:00,360,2024-05-17,available,,,,,18.0,5.0,4.0,62.0,179.0,245.0
0,HAT018,LGA,DFW,03:00:00,09:00:00,360,2024-05-18,available,,,,,16.0,12.0,11.0,67.0,190.0,427.0
0,HAT018,LGA,DFW,03:00:00,09:00:00,360,2024-05-19,available,,,,,3.0,9.0,2.0,60.0,102.0,362.0
0,HAT018,LGA,DFW,03:00:00,09:00:00,360,2024-05-20,available,,,,,2.0,18.0,10.0,91.0,108.0,453.0
0,HAT018,LGA,DFW,03:00:00,09:00:00,360,2024-05-21,available,,,,,5.0,11.0,1.0,89.0,166.0,309.0
0,HAT018,LGA,DFW,03:00:00,09:00:00,360,2024-05-22,available,,,,,4.0,6.0,10.0,73.0,185.0,310.0
0,HAT018,LGA,DFW,03:00:00,09:00:00,360,2024-05-23,available,,,,,10.0,18.0,11.0,71.0,149.0,488.0
0,HAT018,LGA,DFW,03:00:00,09:00:00,360,2024-05-24,available,,,,,7.0,2.0,13.0,67.0,103.0,382.0
0,HAT018,LGA,DFW,03:00:00,09:00:00,360,2024-05-25,available,,,,,8.0,18.0,13.0,94.0,172.0,262.0
0,HAT018,LGA,DFW,03:00:00,09:00:00,360,2024-05-26,available,,,,,3.0,5.0,16.0,98.0,105.0,275.0
0,HAT018,LGA,DFW,03:00:00,09:00:00,360,2024-05-27,available,,,,,7.0,14.0,7.0,64.0,158.0,344.0
0,HAT018,LGA,DFW,03:00:00,09:00:00,360,2024-05-28,available,,,,,20.0,15.0,7.0,89.0,135.0,323.0
0,HAT018,LGA,DFW,03:00:00,09:00:00,360,2024-05-29,available,,,,,4.0,0.0,17.0,70.0,105.0,266.0
0,HAT018,LGA,DFW,03:00:00,09:00:00,360,2024-05-30,available,,,,,15.0,7.0,18.0,68.0,184.0,274.0
0,HAT019,LGA,DFW,17:00:00,23:00:00,360,2024-05-01,landed,2024-05-01T17:35:00,2024-05-01T22:51:00,,,,,,,,
0,HAT019,LGA,DFW,17:00:00,23:00:00,360,2024-05-02,landed,2024-05-02T17:32:00,2024-05-02T23:46:00,,,,,,,,
0,HAT019,LGA,DFW,17:00:00,23:00:00,360,2024-05-03,landed,2024-05-03T17:27:00,2024-05-03T23:31:00,,,,,,,,
0,HAT019,LGA,DFW,17:00:00,23:00:00,360,2024-05-04,landed,2024-05-04T17:32:00,2024-05-04T23:23:00,,,,,,,,
0,HAT019,LGA,DFW,17:00:00,23:00:00,360,2024-05-05,landed,2024-05-05T16:56:00,2024-05-05T23:50:00,,,,,,,,
0,HAT019,LGA,DFW,17:00:00,23:00:00,360,2024-05-06,landed,2024-05-06T17:15:00,2024-05-06T23:15:00,,,,,,,,
0,HAT019,LGA,DFW,17:00:00,23:00:00,360,2024-05-07,landed,2024-05-07T16:51:00,2024-05-07T23:06:00,,,,,,,,
0,HAT019,LGA,DFW,17:00:00,23:00:00,360,2024-05-08,landed,2024-05-08T17:38:00,2024-05-08T22:57:00,,,,,,,,
0,HAT019,LGA,DFW,17:00:00,23:00:00,360,2024-05-09,landed,2024-05-09T17:07:00,2024-05-09T23:54:00,,,,,,,,
0,HAT019,LGA,DFW,17:00:00,23:00:00,360,2024-05-10,landed,2024-05-10T17:07:00,2024-05-10T23:54:00,,,,,,,,
0,HAT019,LGA,DFW,17:00:00,23:00:00,360,2024-05-11,landed,2024-05-11T17:33:00,2024-05-11T23:19:00,,,,,,,,
0,HAT019,LGA,DFW,17:00:00,23:00:00,360,2024-05-12,landed,2024-05-12T17:16:00,2024-05-12T23:46:00,,,,,,,,
0,HAT019,LGA,DFW,17:00:00,23:00:00,360,2024-05-13,landed,2024-05-13T17:10:00,2024-05-13T23:18:00,,,,,,,,
0,HAT019,LGA,DFW,17:00:00,23:00:00,360,2024-05-14,landed,2024-05-14T17:05:00,2024-05-14T22:48:00,,,,,,,,
0,HAT019,LGA,DFW,17:00:00,23:00:00,360,2024-05-15,on time,,,2024-05-15T16:55:00,2024-05-15T22:54:00,,,,,,
0,HAT019,LGA,DFW,17:00:00,23:00:00,360,2024-05-16,available,,,,,17.0,3.0,18.0,74.0,137.0,246.0
0,HAT019,LGA,DFW,17:00:00,23:00:00,360,2024-05-17,available,,,,,1.0,6.0,18.0,95.0,183.0,250.0
0,HAT019,LGA,DFW,17:00:00,23:00:00,360,2024-05-18,available,,,,,16.0,6.0,18.0,90.0,171.0,232.0
0,HAT019,LGA,DFW,17:00:00,23:00:00,360,2024-05-19,available,,,,,10.0,17.0,0.0,84.0,160.0,289.0
0,HAT019,LGA,DFW,17:00:00,23:00:00,360,2024-05-20,available,,,,,3.0,20.0,17.0,94.0,154.0,223.0
0,HAT019,LGA,DFW,17:00:00,23:00:00,360,2024-05-21,available,,,,,20.0,19.0,3.0,92.0,132.0,395.0
0,HAT019,LGA,DFW,17:00:00,23:00:00,360,2024-05-22,available,,,,,1.0,20.0,12.0,53.0,141.0,213.0
0,HAT019,LGA,DFW,17:00:00,23:00:00,360,2024-05-23,available,,,,,10.0,1.0,12.0,89.0,153.0,471.0
0,HAT019,LGA,DFW,17:00:00,23:00:00,360,2024-05-24,available,,,,,13.0,4.0,11.0,75.0,141.0,345.0
0,HAT019,LGA,DFW,17:00:00,23:00:00,360,2024-05-25,available,,,,,10.0,3.0,12.0,87.0,156.0,264.0
0,HAT019,LGA,DFW,17:00:00,23:00:00,360,2024-05-26,available,,,,,8.0,3.0,9.0,98.0,123.0,276.0
0,HAT019,LGA,DFW,17:00:00,23:00:00,360,2024-05-27,available,,,,,10.0,4.0,0.0,68.0,161.0,213.0
0,HAT019,LGA,DFW,17:00:00,23:00:00,360,2024-05-28,available,,,,,19.0,12.0,14.0,53.0,176.0,289.0
0,HAT019,LGA,DFW,17:00:00,23:00:00,360,2024-05-29,available,,,,,2.0,18.0,9.0,60.0,120.0,296.0
0,HAT019,LGA,DFW,17:00:00,23:00:00,360,2024-05-30,available,,,,,7.0,3.0,0.0,92.0,191.0,280.0
0,HAT020,LGA,DFW,01:00:00,07:00:00,360,2024-05-01,cancelled,,,,,,,,,,
0,HAT020,LGA,DFW,01:00:00,07:00:00,360,2024-05-02,landed,2024-05-02T01:22:00,2024-05-02T06:51:00,,,,,,,,
0,HAT020,LGA,DFW,01:00:00,07:00:00,360,2024-05-03,landed,2024-05-03T00:41:00,2024-05-03T07:14:00,,,,,,,,
0,HAT020,LGA,DFW,01:00:00,07:00:00,360,2024-05-04,landed,2024-05-04T01:06:00,2024-05-04T07:06:00,,,,,,,,
0,HAT020,LGA,DFW,01:00:00,07:00:00,360,2024-05-05,landed,2024-05-05T01:10:00,2024-05-05T07:52:00,,,,,,,,
0,HAT020,LGA,DFW,01:00:00,07:00:00,360,2024-05-06,landed,2024-05-06T01:06:00,2024-05-06T06:51:00,,,,,,,,
0,HAT020,LGA,DFW,01:00:00,07:00:00,360,2024-05-07,landed,2024-05-07T01:21:00,2024-05-07T07:49:00,,,,,,,,
0,HAT020,LGA,DFW,01:00:00,07:00:00,360,2024-05-08,landed,2024-05-08T01:30:00,2024-05-08T07:21:00,,,,,,,,
0,HAT020,LGA,DFW,01:00:00,07:00:00,360,2024-05-09,landed,2024-05-09T00:58:00,2024-05-09T07:30:00,,,,,,,,
0,HAT020,LGA,DFW,01:00:00,07:00:00,360,2024-05-10,landed,2024-05-10T01:33:00,2024-05-10T07:32:00,,,,,,,,
0,HAT020,LGA,DFW,01:00:00,07:00:00,360,2024-05-11,landed,2024-05-11T01:31:00,2024-05-11T07:11:00,,,,,,,,
0,HAT020,LGA,DFW,01:00:00,07:00:00,360,2024-05-12,landed,2024-05-12T01:38:00,2024-05-12T07:55:00,,,,,,,,
0,HAT020,LGA,DFW,01:00:00,07:00:00,360,2024-05-13,landed,2024-05-13T01:31:00,2024-05-13T07:08:00,,,,,,,,
0,HAT020,LGA,DFW,01:00:00,07:00:00,360,2024-05-14,cancelled,,,,,,,,,,
0,HAT020,LGA,DFW,01:00:00,07:00:00,360,2024-05-15,landed,2024-05-15T01:36:00,2024-05-15T07:54:00,,,,,,,,
0,HAT020,LGA,DFW,01:00:00,07:00:00,360,2024-05-16,available,,,,,15.0,5.0,8.0,68.0,162.0,475.0
0,HAT020,LGA,DFW,01:00:00,07:00:00,360,2024-05-17,available,,,,,5.0,10.0,19.0,61.0,179.0,371.0
0,HAT020,LGA,DFW,01:00:00,07:00:00,360,2024-05-18,available,,,,,8.0,5.0,11.0,67.0,151.0,383.0
0,HAT020,LGA,DFW,01:00:00,07:00:00,360,2024-05-19,available,,,,,1.0,19.0,19.0,52.0,150.0,382.0
0,HAT020,LGA,DFW,01:00:00,07:00:00,360,2024-05-20,available,,,,,14.0,12.0,20.0,63.0,174.0,419.0
0,HAT020,LGA,DFW,01:00:00,07:00:00,360,2024-05-21,available,,,,,3.0,19.0,3.0,68.0,114.0,407.0
0,HAT020,LGA,DFW,01:00:00,07:00:00,360,2024-05-22,available,,,,,3.0,4.0,4.0,78.0,100.0,360.0
0,HAT020,LGA,DFW,01:00:00,07:00:00,360,2024-05-23,available,,,,,1.0,10.0,20.0,85.0,182.0,276.0
0,HAT020,LGA,DFW,01:00:00,07:00:00,360,2024-05-24,available,,,,,2.0,17.0,19.0,50.0,127.0,432.0
0,HAT020,LGA,DFW,01:00:00,07:00:00,360,2024-05-25,available,,,,,3.0,3.0,16.0,53.0,120.0,220.0
0,HAT020,LGA,DFW,01:00:00,07:00:00,360,2024-05-26,available,,,,,17.0,19.0,8.0,54.0,136.0,248.0
0,HAT020,LGA,DFW,01:00:00,07:00:00,360,2024-05-27,available,,,,,3.0,0.0,2.0,67.0,181.0,313.0
0,HAT020,LGA,DFW,01:00:00,07:00:00,360,2024-05-28,available,,,,,17.0,8.0,17.0,94.0,110.0,264.0
0,HAT020,LGA,DFW,01:00:00,07:00:00,360,2024-05-29,available,,,,,2.0,19.0,1.0,80.0,101.0,363.0
0,HAT020,LGA,DFW,01:00:00,07:00:00,360,2024-05-30,available,,,,,0.0,1.0,1.0,82.0,189.0,450.0
0,HAT021,LGA,DFW,22:00:00,04:00:00+1,360,2024-05-01,landed,2024-05-01T22:18:00,2024-05-02T04:24:00,,,,,,,,
0,HAT021,LGA,DFW,22:00:00,04:00:00+1,360,2024-05-02,landed,2024-05-02T22:30:00,2024-05-03T03:41:00,,,,,,,,
0,HAT021,LGA,DFW,22:00:00,04:00:00+1,360,2024-05-03,landed,2024-05-03T22:31:00,2024-05-04T04:08:00,,,,,,,,
0,HAT021,LGA,DFW,22:00:00,04:00:00+1,360,2024-05-04,landed,2024-05-04T22:18:00,2024-05-05T03:51:00,,,,,,,,
0,HAT021,LGA,DFW,22:00:00,04:00:00+1,360,2024-05-05,landed,2024-05-05T22:36:00,2024-05-06T04:38:00,,,,,,,,
0,HAT021,LGA,DFW,22:00:00,04:00:00+1,360,2024-05-06,landed,2024-05-06T22:38:00,2024-05-07T04:16:00,,,,,,,,
0,HAT021,LGA,DFW,22:00:00,04:00:00+1,360,2024-05-07,landed,2024-05-07T22:19:00,2024-05-08T03:50:00,,,,,,,,
0,HAT021,LGA,DFW,22:00:00,04:00:00+1,360,2024-05-08,landed,2024-05-08T22:02:00,2024-05-09T04:15:00,,,,,,,,
0,HAT021,LGA,DFW,22:00:00,04:00:00+1,360,2024-05-09,landed,2024-05-09T22:37:00,2024-05-10T03:55:00,,,,,,,,
0,HAT021,LGA,DFW,22:00:00,04:00:00+1,360,2024-05-10,landed,2024-05-10T22:24:00,2024-05-11T03:37:00,,,,,,,,
0,HAT021,LGA,DFW,22:00:00,04:00:00+1,360,2024-05-11,landed,2024-05-11T21:54:00,2024-05-12T04:26:00,,,,,,,,
0,HAT021,LGA,DFW,22:00:00,04:00:00+1,360,2024-05-12,landed,2024-05-12T22:07:00,2024-05-13T03:44:00,,,,,,,,
0,HAT021,LGA,DFW,22:00:00,04:00:00+1,360,2024-05-13,landed,2024-05-13T21:40:00,2024-05-14T04:40:00,,,,,,,,
0,HAT021,LGA,DFW,22:00:00,04:00:00+1,360,2024-05-14,cancelled,,,,,,,,,,
0,HAT021,LGA,DFW,22:00:00,04:00:00+1,360,2024-05-15,on time,,,2024-05-15T22:13:00,2024-05-16T04:15:00,,,,,,
0,HAT021,LGA,DFW,22:00:00,04:00:00+1,360,2024-05-16,available,,,,,6.0,8.0,20.0,55.0,169.0,331.0
0,HAT021,LGA,DFW,22:00:00,04:00:00+1,360,2024-05-17,available,,,,,16.0,12.0,1.0,100.0,105.0,428.0
0,HAT021,LGA,DFW,22:00:00,04:00:00+1,360,2024-05-18,available,,,,,5.0,5.0,7.0,97.0,164.0,283.0
0,HAT021,LGA,DFW,22:00:00,04:00:00+1,360,2024-05-19,available,,,,,1.0,18.0,6.0,90.0,128.0,324.0
0,HAT021,LGA,DFW,22:00:00,04:00:00+1,360,2024-05-20,available,,,,,8.0,20.0,10.0,59.0,125.0,360.0
0,HAT021,LGA,DFW,22:00:00,04:00:00+1,360,2024-05-21,available,,,,,16.0,9.0,18.0,57.0,177.0,276.0
0,HAT021,LGA,DFW,22:00:00,04:00:00+1,360,2024-05-22,available,,,,,0.0,5.0,0.0,86.0,168.0,496.0
0,HAT021,LGA,DFW,22:00:00,04:00:00+1,360,2024-05-23,available,,,,,2.0,8.0,4.0,80.0,145.0,369.0
0,HAT021,LGA,DFW,22:00:00,04:00:00+1,360,2024-05-24,available,,,,,15.0,2.0,20.0,60.0,197.0,217.0
0,HAT021,LGA,DFW,22:00:00,04:00:00+1,360,2024-05-25,available,,,,,1.0,12.0,16.0,84.0,186.0,216.0
0,HAT021,LGA,DFW,22:00:00,04:00:00+1,360,2024-05-26,available,,,,,9.0,12.0,18.0,54.0,200.0,441.0
0,HAT021,LGA,DFW,22:00:00,04:00:00+1,360,2024-05-27,available,,,,,10.0,2.0,6.0,100.0,132.0,263.0
0,HAT021,LGA,DFW,22:00:00,04:00:00+1,360,2024-05-28,available,,,,,16.0,2.0,0.0,75.0,119.0,441.0
0,HAT021,LGA,DFW,22:00:00,04:00:00+1,360,2024-05-29,available,,,,,18.0,1.0,16.0,55.0,159.0,383.0
0,HAT021,LGA,DFW,22:00:00,04:00:00+1,360,2024-05-30,available,,,,,4.0,17.0,1.0,64.0,182.0,251.0
0,HAT022,LAX,DFW,20:00:00,21:00:00,60,2024-05-01,landed,2024-05-01T20:37:00,2024-05-01T21:10:00,,,,,,,,
0,HAT022,LAX,DFW,20:00:00,21:00:00,60,2024-05-02,landed,2024-05-02T20:15:00,2024-05-02T20:35:00,,,,,,,,
0,HAT022,LAX,DFW,20:00:00,21:00:00,60,2024-05-03,landed,2024-05-03T20:12:00,2024-05-03T20:48:00,,,,,,,,
0,HAT022,LAX,DFW,20:00:00,21:00:00,60,2024-05-04,landed,2024-05-04T20:27:00,2024-05-04T21:18:00,,,,,,,,
0,HAT022,LAX,DFW,20:00:00,21:00:00,60,2024-05-05,landed,2024-05-05T19:50:00,2024-05-05T21:37:00,,,,,,,,
0,HAT022,LAX,DFW,20:00:00,21:00:00,60,2024-05-06,landed,2024-05-06T19:53:00,2024-05-06T20:44:00,,,,,,,,
0,HAT022,LAX,DFW,20:00:00,21:00:00,60,2024-05-07,landed,2024-05-07T20:03:00,2024-05-07T20:37:00,,,,,,,,
0,HAT022,LAX,DFW,20:00:00,21:00:00,60,2024-05-08,landed,2024-05-08T19:49:00,2024-05-08T21:40:00,,,,,,,,
0,HAT022,LAX,DFW,20:00:00,21:00:00,60,2024-05-09,landed,2024-05-09T20:39:00,2024-05-09T20:51:00,,,,,,,,
0,HAT022,LAX,DFW,20:00:00,21:00:00,60,2024-05-10,cancelled,,,,,,,,,,
0,HAT022,LAX,DFW,20:00:00,21:00:00,60,2024-05-11,landed,2024-05-11T20:02:00,2024-05-11T21:30:00,,,,,,,,
0,HAT022,LAX,DFW,20:00:00,21:00:00,60,2024-05-12,landed,2024-05-12T20:02:00,2024-05-12T20:52:00,,,,,,,,
0,HAT022,LAX,DFW,20:00:00,21:00:00,60,2024-05-13,landed,2024-05-13T19:51:00,2024-05-13T21:54:00,,,,,,,,
0,HAT022,LAX,DFW,20:00:00,21:00:00,60,2024-05-14,landed,2024-05-14T19:57:00,2024-05-14T20:40:00,,,,,,,,
0,HAT022,LAX,DFW,20:00:00,21:00:00,60,2024-05-15,delayed,,,2024-05-15T22:59:00,2024-05-16T01:15:00,,,,,,
0,HAT022,LAX,DFW,20:00:00,21:00:00,60,2024-05-16,available,,,,,5.0,8.0,15.0,99.0,177.0,443.0
0,HAT022,LAX,DFW,20:00:00,21:00:00,60,2024-05-17,available,,,,,17.0,10.0,4.0,100.0,159.0,405.0
0,HAT022,LAX,DFW,20:00:00,21:00:00,60,2024-05-18,available,,,,,0.0,1.0,1.0,81.0,173.0,236.0
0,HAT022,LAX,DFW,20:00:00,21:00:00,60,2024-05-19,available,,,,,17.0,12.0,6.0,62.0,190.0,363.0
0,HAT022,LAX,DFW,20:00:00,21:00:00,60,2024-05-20,available,,,,,19.0,13.0,1.0,94.0,169.0,240.0
0,HAT022,LAX,DFW,20:00:00,21:00:00,60,2024-05-21,available,,,,,2.0,10.0,2.0,73.0,141.0,385.0
0,HAT022,LAX,DFW,20:00:00,21:00:00,60,2024-05-22,available,,,,,17.0,14.0,4.0,86.0,134.0,314.0
0,HAT022,LAX,DFW,20:00:00,21:00:00,60,2024-05-23,available,,,,,15.0,7.0,15.0,61.0,145.0,222.0
0,HAT022,LAX,DFW,20:00:00,21:00:00,60,2024-05-24,available,,,,,15.0,19.0,19.0,98.0,183.0,258.0
0,HAT022,LAX,DFW,20:00:00,21:00:00,60,2024-05-25,available,,,,,7.0,7.0,3.0,93.0,168.0,325.0
0,HAT022,LAX,DFW,20:00:00,21:00:00,60,2024-05-26,available,,,,,9.0,19.0,1.0,74.0,137.0,255.0
0,HAT022,LAX,DFW,20:00:00,21:00:00,60,2024-05-27,available,,,,,8.0,7.0,12.0,67.0,147.0,321.0
0,HAT022,LAX,DFW,20:00:00,21:00:00,60,2024-05-28,available,,,,,15.0,18.0,14.0,87.0,178.0,211.0
0,HAT022,LAX,DFW,20:00:00,21:00:00,60,2024-05-29,available,,,,,19.0,4.0,12.0,65.0,126.0,403.0
0,HAT022,LAX,DFW,20:00:00,21:00:00,60,2024-05-30,available,,,,,14.0,16.0,9.0,91.0,125.0,276.0
0,HAT023,LAX,DFW,18:00:00,19:00:00,60,2024-05-01,landed,2024-05-01T18:37:00,2024-05-01T18:46:00,,,,,,,,
0,HAT023,LAX,DFW,18:00:00,19:00:00,60,2024-05-02,landed,2024-05-02T18:23:00,2024-05-02T19:25:00,,,,,,,,
0,HAT023,LAX,DFW,18:00:00,19:00:00,60,2024-05-03,landed,2024-05-03T18:39:00,2024-05-03T19:36:00,,,,,,,,
0,HAT023,LAX,DFW,18:00:00,19:00:00,60,2024-05-04,landed,2024-05-04T18:36:00,2024-05-04T19:27:00,,,,,,,,
0,HAT023,LAX,DFW,18:00:00,19:00:00,60,2024-05-05,landed,2024-05-05T18:31:00,2024-05-05T19:06:00,,,,,,,,
0,HAT023,LAX,DFW,18:00:00,19:00:00,60,2024-05-06,landed,2024-05-06T17:42:00,2024-05-06T19:19:00,,,,,,,,
0,HAT023,LAX,DFW,18:00:00,19:00:00,60,2024-05-07,landed,2024-05-07T18:10:00,2024-05-07T19:44:00,,,,,,,,
0,HAT023,LAX,DFW,18:00:00,19:00:00,60,2024-05-08,landed,2024-05-08T18:37:00,2024-05-08T19:33:00,,,,,,,,
0,HAT023,LAX,DFW,18:00:00,19:00:00,60,2024-05-09,landed,2024-05-09T17:45:00,2024-05-09T19:16:00,,,,,,,,
0,HAT023,LAX,DFW,18:00:00,19:00:00,60,2024-05-10,cancelled,,,,,,,,,,
0,HAT023,LAX,DFW,18:00:00,19:00:00,60,2024-05-11,landed,2024-05-11T18:01:00,2024-05-11T19:23:00,,,,,,,,
0,HAT023,LAX,DFW,18:00:00,19:00:00,60,2024-05-12,landed,2024-05-12T17:58:00,2024-05-12T19:04:00,,,,,,,,
0,HAT023,LAX,DFW,18:00:00,19:00:00,60,2024-05-13,landed,2024-05-13T18:17:00,2024-05-13T18:54:00,,,,,,,,
0,HAT023,LAX,DFW,18:00:00,19:00:00,60,2024-05-14,landed,2024-05-14T17:56:00,2024-05-14T19:38:00,,,,,,,,
0,HAT023,LAX,DFW,18:00:00,19:00:00,60,2024-05-15,delayed,,,2024-05-15T18:32:00,2024-05-15T20:47:00,,,,,,
0,HAT023,LAX,DFW,18:00:00,19:00:00,60,2024-05-16,available,,,,,19.0,5.0,13.0,58.0,146.0,458.0
0,HAT023,LAX,DFW,18:00:00,19:00:00,60,2024-05-17,available,,,,,2.0,6.0,11.0,56.0,164.0,426.0
0,HAT023,LAX,DFW,18:00:00,19:00:00,60,2024-05-18,available,,,,,18.0,12.0,2.0,59.0,108.0,450.0
0,HAT023,LAX,DFW,18:00:00,19:00:00,60,2024-05-19,available,,,,,4.0,1.0,14.0,75.0,108.0,316.0
0,HAT023,LAX,DFW,18:00:00,19:00:00,60,2024-05-20,available,,,,,11.0,3.0,0.0,68.0,129.0,446.0
0,HAT023,LAX,DFW,18:00:00,19:00:00,60,2024-05-21,available,,,,,6.0,3.0,11.0,73.0,174.0,488.0
0,HAT023,LAX,DFW,18:00:00,19:00:00,60,2024-05-22,available,,,,,16.0,8.0,12.0,69.0,136.0,221.0
0,HAT023,LAX,DFW,18:00:00,19:00:00,60,2024-05-23,available,,,,,4.0,10.0,17.0,84.0,108.0,427.0
0,HAT023,LAX,DFW,18:00:00,19:00:00,60,2024-05-24,available,,,,,11.0,4.0,9.0,80.0,137.0,439.0
0,HAT023,LAX,DFW,18:00:00,19:00:00,60,2024-05-25,available,,,,,13.0,6.0,19.0,98.0,123.0,271.0
0,HAT023,LAX,DFW,18:00:00,19:00:00,60,2024-05-26,available,,,,,9.0,7.0,2.0,59.0,160.0,293.0
0,HAT023,LAX,DFW,18:00:00,19:00:00,60,2024-05-27,available,,,,,16.0,3.0,3.0,56.0,135.0,340.0
0,HAT023,LAX,DFW,18:00:00,19:00:00,60,2024-05-28,available,,,,,5.0,14.0,0.0,98.0,112.0,233.0
0,HAT023,LAX,DFW,18:00:00,19:00:00,60,2024-05-29,available,,,,,15.0,3.0,6.0,81.0,110.0,213.0
0,HAT023,LAX,DFW,18:00:00,19:00:00,60,2024-05-30,available,,,,,9.0,3.0,13.0,72.0,190.0,448.0
0,HAT024,LAX,DFW,04:00:00,05:00:00,60,2024-05-01,landed,2024-05-01T04:13:00,2024-05-01T05:11:00,,,,,,,,
0,HAT024,LAX,DFW,04:00:00,05:00:00,60,2024-05-02,landed,2024-05-02T04:20:00,2024-05-02T05:00:00,,,,,,,,
0,HAT024,LAX,DFW,04:00:00,05:00:00,60,2024-05-03,landed,2024-05-03T04:19:00,2024-05-03T05:24:00,,,,,,,,
0,HAT024,LAX,DFW,04:00:00,05:00:00,60,2024-05-04,landed,2024-05-04T03:50:00,2024-05-04T05:35:00,,,,,,,,
0,HAT024,LAX,DFW,04:00:00,05:00:00,60,2024-05-05,landed,2024-05-05T04:23:00,2024-05-05T04:50:00,,,,,,,,
0,HAT024,LAX,DFW,04:00:00,05:00:00,60,2024-05-06,landed,2024-05-06T04:05:00,2024-05-06T05:44:00,,,,,,,,
0,HAT024,LAX,DFW,04:00:00,05:00:00,60,2024-05-07,landed,2024-05-07T03:47:00,2024-05-07T05:18:00,,,,,,,,
0,HAT024,LAX,DFW,04:00:00,05:00:00,60,2024-05-08,landed,2024-05-08T04:21:00,2024-05-08T05:28:00,,,,,,,,
0,HAT024,LAX,DFW,04:00:00,05:00:00,60,2024-05-09,landed,2024-05-09T04:36:00,2024-05-09T04:38:00,,,,,,,,
0,HAT024,LAX,DFW,04:00:00,05:00:00,60,2024-05-10,landed,2024-05-10T03:48:00,2024-05-10T05:12:00,,,,,,,,
0,HAT024,LAX,DFW,04:00:00,05:00:00,60,2024-05-11,landed,2024-05-11T03:56:00,2024-05-11T05:50:00,,,,,,,,
0,HAT024,LAX,DFW,04:00:00,05:00:00,60,2024-05-12,cancelled,,,,,,,,,,
0,HAT024,LAX,DFW,04:00:00,05:00:00,60,2024-05-13,landed,2024-05-13T04:16:00,2024-05-13T05:41:00,,,,,,,,
0,HAT024,LAX,DFW,04:00:00,05:00:00,60,2024-05-14,landed,2024-05-14T04:00:00,2024-05-14T05:19:00,,,,,,,,
0,HAT024,LAX,DFW,04:00:00,05:00:00,60,2024-05-15,landed,2024-05-15T04:39:00,2024-05-15T05:15:00,,,,,,,,
0,HAT024,LAX,DFW,04:00:00,05:00:00,60,2024-05-16,available,,,,,7.0,12.0,19.0,63.0,162.0,265.0
0,HAT024,LAX,DFW,04:00:00,05:00:00,60,2024-05-17,available,,,,,6.0,7.0,7.0,92.0,108.0,500.0
0,HAT024,LAX,DFW,04:00:00,05:00:00,60,2024-05-18,available,,,,,9.0,15.0,12.0,77.0,174.0,314.0
0,HAT024,LAX,DFW,04:00:00,05:00:00,60,2024-05-19,available,,,,,0.0,11.0,19.0,90.0,104.0,474.0
0,HAT024,LAX,DFW,04:00:00,05:00:00,60,2024-05-20,available,,,,,13.0,16.0,20.0,58.0,185.0,448.0
0,HAT024,LAX,DFW,04:00:00,05:00:00,60,2024-05-21,available,,,,,11.0,2.0,14.0,53.0,147.0,314.0
0,HAT024,LAX,DFW,04:00:00,05:00:00,60,2024-05-22,available,,,,,3.0,7.0,8.0,60.0,151.0,326.0
0,HAT024,LAX,DFW,04:00:00,05:00:00,60,2024-05-23,available,,,,,18.0,16.0,8.0,86.0,128.0,462.0
0,HAT024,LAX,DFW,04:00:00,05:00:00,60,2024-05-24,available,,,,,16.0,5.0,12.0,63.0,132.0,467.0
0,HAT024,LAX,DFW,04:00:00,05:00:00,60,2024-05-25,available,,,,,18.0,16.0,14.0,97.0,159.0,284.0
0,HAT024,LAX,DFW,04:00:00,05:00:00,60,2024-05-26,available,,,,,7.0,7.0,15.0,69.0,127.0,256.0
0,HAT024,LAX,DFW,04:00:00,05:00:00,60,2024-05-27,available,,,,,10.0,20.0,18.0,99.0,157.0,318.0
0,HAT024,LAX,DFW,04:00:00,05:00:00,60,2024-05-28,available,,,,,0.0,0.0,3.0,63.0,117.0,350.0
0,HAT024,LAX,DFW,04:00:00,05:00:00,60,2024-05-29,available,,,,,15.0,18.0,2.0,75.0,185.0,461.0
0,HAT024,LAX,DFW,04:00:00,05:00:00,60,2024-05-30,available,,,,,7.0,20.0,16.0,84.0,191.0,397.0
0,HAT025,JFK,LAS,09:00:00,11:00:00,120,2024-05-01,landed,2024-05-01T09:03:00,2024-05-01T10:40:00,,,,,,,,
0,HAT025,JFK,LAS,09:00:00,11:00:00,120,2024-05-02,landed,2024-05-02T09:37:00,2024-05-02T10:43:00,,,,,,,,
0,HAT025,JFK,LAS,09:00:00,11:00:00,120,2024-05-03,landed,2024-05-03T08:43:00,2024-05-03T10:37:00,,,,,,,,
0,HAT025,JFK,LAS,09:00:00,11:00:00,120,2024-05-04,landed,2024-05-04T08:52:00,2024-05-04T10:46:00,,,,,,,,
0,HAT025,JFK,LAS,09:00:00,11:00:00,120,2024-05-05,landed,2024-05-05T09:33:00,2024-05-05T11:28:00,,,,,,,,
0,HAT025,JFK,LAS,09:00:00,11:00:00,120,2024-05-06,landed,2024-05-06T09:00:00,2024-05-06T11:46:00,,,,,,,,
0,HAT025,JFK,LAS,09:00:00,11:00:00,120,2024-05-07,landed,2024-05-07T09:01:00,2024-05-07T11:10:00,,,,,,,,
0,HAT025,JFK,LAS,09:00:00,11:00:00,120,2024-05-08,landed,2024-05-08T09:22:00,2024-05-08T11:34:00,,,,,,,,
0,HAT025,JFK,LAS,09:00:00,11:00:00,120,2024-05-09,landed,2024-05-09T08:40:00,2024-05-09T11:45:00,,,,,,,,
0,HAT025,JFK,LAS,09:00:00,11:00:00,120,2024-05-10,landed,2024-05-10T09:15:00,2024-05-10T10:58:00,,,,,,,,
0,HAT025,JFK,LAS,09:00:00,11:00:00,120,2024-05-11,landed,2024-05-11T09:02:00,2024-05-11T11:36:00,,,,,,,,
0,HAT025,JFK,LAS,09:00:00,11:00:00,120,2024-05-12,landed,2024-05-12T09:35:00,2024-05-12T11:22:00,,,,,,,,
0,HAT025,JFK,LAS,09:00:00,11:00:00,120,2024-05-13,landed,2024-05-13T09:14:00,2024-05-13T11:08:00,,,,,,,,
0,HAT025,JFK,LAS,09:00:00,11:00:00,120,2024-05-14,landed,2024-05-14T08:40:00,2024-05-14T11:29:00,,,,,,,,
0,HAT025,JFK,LAS,09:00:00,11:00:00,120,2024-05-15,landed,2024-05-15T09:16:00,2024-05-15T11:48:00,,,,,,,,
0,HAT025,JFK,LAS,09:00:00,11:00:00,120,2024-05-16,available,,,,,13.0,10.0,7.0,56.0,165.0,248.0
0,HAT025,JFK,LAS,09:00:00,11:00:00,120,2024-05-17,available,,,,,6.0,16.0,16.0,89.0,106.0,472.0
0,HAT025,JFK,LAS,09:00:00,11:00:00,120,2024-05-18,available,,,,,18.0,7.0,6.0,92.0,196.0,259.0
0,HAT025,JFK,LAS,09:00:00,11:00:00,120,2024-05-19,available,,,,,4.0,10.0,3.0,98.0,101.0,220.0
0,HAT025,JFK,LAS,09:00:00,11:00:00,120,2024-05-20,available,,,,,15.0,16.0,14.0,74.0,134.0,345.0
0,HAT025,JFK,LAS,09:00:00,11:00:00,120,2024-05-21,available,,,,,7.0,20.0,7.0,93.0,197.0,420.0
0,HAT025,JFK,LAS,09:00:00,11:00:00,120,2024-05-22,available,,,,,5.0,19.0,18.0,70.0,146.0,328.0
0,HAT025,JFK,LAS,09:00:00,11:00:00,120,2024-05-23,available,,,,,16.0,16.0,2.0,57.0,162.0,234.0
0,HAT025,JFK,LAS,09:00:00,11:00:00,120,2024-05-24,available,,,,,2.0,18.0,16.0,87.0,115.0,438.0
0,HAT025,JFK,LAS,09:00:00,11:00:00,120,2024-05-25,available,,,,,20.0,18.0,13.0,59.0,182.0,405.0
0,HAT025,JFK,LAS,09:00:00,11:00:00,120,2024-05-26,available,,,,,12.0,14.0,16.0,89.0,158.0,237.0
0,HAT025,JFK,LAS,09:00:00,11:00:00,120,2024-05-27,available,,,,,17.0,0.0,0.0,72.0,131.0,233.0
0,HAT025,JFK,LAS,09:00:00,11:00:00,120,2024-05-28,available,,,,,4.0,15.0,10.0,66.0,182.0,357.0
0,HAT025,JFK,LAS,09:00:00,11:00:00,120,2024-05-29,available,,,,,0.0,8.0,1.0,97.0,167.0,342.0
0,HAT025,JFK,LAS,09:00:00,11:00:00,120,2024-05-30,available,,,,,15.0,13.0,20.0,77.0,178.0,309.0
0,HAT026,JFK,LAS,02:00:00,04:00:00,120,2024-05-01,landed,2024-05-01T02:35:00,2024-05-01T04:36:00,,,,,,,,
0,HAT026,JFK,LAS,02:00:00,04:00:00,120,2024-05-02,landed,2024-05-02T02:12:00,2024-05-02T04:01:00,,,,,,,,
0,HAT026,JFK,LAS,02:00:00,04:00:00,120,2024-05-03,landed,2024-05-03T01:48:00,2024-05-03T03:55:00,,,,,,,,
0,HAT026,JFK,LAS,02:00:00,04:00:00,120,2024-05-04,landed,2024-05-04T02:17:00,2024-05-04T04:01:00,,,,,,,,
0,HAT026,JFK,LAS,02:00:00,04:00:00,120,2024-05-05,landed,2024-05-05T01:56:00,2024-05-05T04:47:00,,,,,,,,
0,HAT026,JFK,LAS,02:00:00,04:00:00,120,2024-05-06,landed,2024-05-06T01:46:00,2024-05-06T03:40:00,,,,,,,,
0,HAT026,JFK,LAS,02:00:00,04:00:00,120,2024-05-07,landed,2024-05-07T02:20:00,2024-05-07T03:51:00,,,,,,,,
0,HAT026,JFK,LAS,02:00:00,04:00:00,120,2024-05-08,landed,2024-05-08T01:58:00,2024-05-08T04:49:00,,,,,,,,
0,HAT026,JFK,LAS,02:00:00,04:00:00,120,2024-05-09,landed,2024-05-09T02:13:00,2024-05-09T04:26:00,,,,,,,,
0,HAT026,JFK,LAS,02:00:00,04:00:00,120,2024-05-10,landed,2024-05-10T01:40:00,2024-05-10T03:45:00,,,,,,,,
0,HAT026,JFK,LAS,02:00:00,04:00:00,120,2024-05-11,landed,2024-05-11T01:55:00,2024-05-11T03:41:00,,,,,,,,
0,HAT026,JFK,LAS,02:00:00,04:00:00,120,2024-05-12,landed,2024-05-12T01:42:00,2024-05-12T03:58:00,,,,,,,,
0,HAT026,JFK,LAS,02:00:00,04:00:00,120,2024-05-13,landed,2024-05-13T02:04:00,2024-05-13T04:27:00,,,,,,,,
0,HAT026,JFK,LAS,02:00:00,04:00:00,120,2024-05-14,landed,2024-05-14T01:50:00,2024-05-14T03:52:00,,,,,,,,
0,HAT026,JFK,LAS,02:00:00,04:00:00,120,2024-05-15,landed,2024-05-15T02:32:00,2024-05-15T03:50:00,,,,,,,,
0,HAT026,JFK,LAS,02:00:00,04:00:00,120,2024-05-16,available,,,,,6.0,9.0,17.0,81.0,128.0,398.0
0,HAT026,JFK,LAS,02:00:00,04:00:00,120,2024-05-17,available,,,,,14.0,17.0,15.0,74.0,124.0,226.0
0,HAT026,JFK,LAS,02:00:00,04:00:00,120,2024-05-18,available,,,,,7.0,20.0,19.0,50.0,194.0,498.0
0,HAT026,JFK,LAS,02:00:00,04:00:00,120,2024-05-19,available,,,,,6.0,1.0,20.0,80.0,142.0,357.0
0,HAT026,JFK,LAS,02:00:00,04:00:00,120,2024-05-20,available,,,,,0.0,15.0,14.0,66.0,132.0,496.0
0,HAT026,JFK,LAS,02:00:00,04:00:00,120,2024-05-21,available,,,,,6.0,20.0,5.0,56.0,149.0,465.0
0,HAT026,JFK,LAS,02:00:00,04:00:00,120,2024-05-22,available,,,,,18.0,13.0,14.0,88.0,143.0,468.0
0,HAT026,JFK,LAS,02:00:00,04:00:00,120,2024-05-23,available,,,,,13.0,20.0,12.0,55.0,129.0,350.0
0,HAT026,JFK,LAS,02:00:00,04:00:00,120,2024-05-24,available,,,,,4.0,14.0,14.0,91.0,116.0,219.0
0,HAT026,JFK,LAS,02:00:00,04:00:00,120,2024-05-25,available,,,,,2.0,12.0,15.0,62.0,197.0,406.0
0,HAT026,JFK,LAS,02:00:00,04:00:00,120,2024-05-26,available,,,,,9.0,7.0,12.0,55.0,111.0,258.0
0,HAT026,JFK,LAS,02:00:00,04:00:00,120,2024-05-27,available,,,,,2.0,15.0,13.0,85.0,172.0,338.0
0,HAT026,JFK,LAS,02:00:00,04:00:00,120,2024-05-28,available,,,,,13.0,18.0,14.0,78.0,148.0,358.0
0,HAT026,JFK,LAS,02:00:00,04:00:00,120,2024-05-29,available,,,,,5.0,6.0,17.0,91.0,185.0,236.0
0,HAT026,JFK,LAS,02:00:00,04:00:00,120,2024-05-30,available,,,,,8.0,4.0,14.0,80.0,149.0,440.0
0,HAT027,MSP,IAH,07:00:00,12:30:00,330,2024-05-01,landed,2024-05-01T07:16:00,2024-05-01T12:08:00,,,,,,,,
0,HAT027,MSP,IAH,07:00:00,12:30:00,330,2024-05-02,cancelled,,,,,,,,,,
0,HAT027,MSP,IAH,07:00:00,12:30:00,330,2024-05-03,landed,2024-05-03T06:42:00,2024-05-03T12:35:00,,,,,,,,
0,HAT027,MSP,IAH,07:00:00,12:30:00,330,2024-05-04,landed,2024-05-04T07:05:00,2024-05-04T12:11:00,,,,,,,,
0,HAT027,MSP,IAH,07:00:00,12:30:00,330,2024-05-05,landed,2024-05-05T07:28:00,2024-05-05T13:20:00,,,,,,,,
0,HAT027,MSP,IAH,07:00:00,12:30:00,330,2024-05-06,landed,2024-05-06T07:30:00,2024-05-06T12:44:00,,,,,,,,
0,HAT027,MSP,IAH,07:00:00,12:30:00,330,2024-05-07,landed,2024-05-07T06:52:00,2024-05-07T12:40:00,,,,,,,,
0,HAT027,MSP,IAH,07:00:00,12:30:00,330,2024-05-08,landed,2024-05-08T07:17:00,2024-05-08T13:18:00,,,,,,,,
0,HAT027,MSP,IAH,07:00:00,12:30:00,330,2024-05-09,landed,2024-05-09T07:18:00,2024-05-09T12:31:00,,,,,,,,
0,HAT027,MSP,IAH,07:00:00,12:30:00,330,2024-05-10,cancelled,,,,,,,,,,
0,HAT027,MSP,IAH,07:00:00,12:30:00,330,2024-05-11,landed,2024-05-11T07:39:00,2024-05-11T13:18:00,,,,,,,,
0,HAT027,MSP,IAH,07:00:00,12:30:00,330,2024-05-12,landed,2024-05-12T06:49:00,2024-05-12T12:06:00,,,,,,,,
0,HAT027,MSP,IAH,07:00:00,12:30:00,330,2024-05-13,landed,2024-05-13T06:42:00,2024-05-13T12:35:00,,,,,,,,
0,HAT027,MSP,IAH,07:00:00,12:30:00,330,2024-05-14,landed,2024-05-14T07:14:00,2024-05-14T12:58:00,,,,,,,,
0,HAT027,MSP,IAH,07:00:00,12:30:00,330,2024-05-15,landed,2024-05-15T06:46:00,2024-05-15T12:56:00,,,,,,,,
0,HAT027,MSP,IAH,07:00:00,12:30:00,330,2024-05-16,available,,,,,15.0,12.0,4.0,82.0,153.0,467.0
0,HAT027,MSP,IAH,07:00:00,12:30:00,330,2024-05-17,available,,,,,15.0,7.0,4.0,99.0,199.0,423.0
0,HAT027,MSP,IAH,07:00:00,12:30:00,330,2024-05-18,available,,,,,18.0,10.0,3.0,53.0,151.0,298.0
0,HAT027,MSP,IAH,07:00:00,12:30:00,330,2024-05-19,available,,,,,4.0,3.0,15.0,83.0,124.0,483.0
0,HAT027,MSP,IAH,07:00:00,12:30:00,330,2024-05-20,available,,,,,10.0,11.0,1.0,81.0,176.0,249.0
0,HAT027,MSP,IAH,07:00:00,12:30:00,330,2024-05-21,available,,,,,3.0,17.0,3.0,65.0,142.0,268.0
0,HAT027,MSP,IAH,07:00:00,12:30:00,330,2024-05-22,available,,,,,19.0,13.0,15.0,89.0,161.0,215.0
0,HAT027,MSP,IAH,07:00:00,12:30:00,330,2024-05-23,available,,,,,8.0,14.0,2.0,89.0,119.0,430.0
0,HAT027,MSP,IAH,07:00:00,12:30:00,330,2024-05-24,available,,,,,7.0,8.0,10.0,88.0,144.0,378.0
0,HAT027,MSP,IAH,07:00:00,12:30:00,330,2024-05-25,available,,,,,11.0,11.0,14.0,52.0,167.0,470.0
0,HAT027,MSP,IAH,07:00:00,12:30:00,330,2024-05-26,available,,,,,10.0,11.0,9.0,86.0,108.0,341.0
0,HAT027,MSP,IAH,07:00:00,12:30:00,330,2024-05-27,available,,,,,1.0,14.0,10.0,75.0,146.0,422.0
0,HAT027,MSP,IAH,07:00:00,12:30:00,330,2024-05-28,available,,,,,13.0,0.0,16.0,64.0,199.0,204.0
0,HAT027,MSP,IAH,07:00:00,12:30:00,330,2024-05-29,available,,,,,8.0,20.0,5.0,71.0,116.0,210.0
0,HAT027,MSP,IAH,07:00:00,12:30:00,330,2024-05-30,available,,,,,15.0,20.0,13.0,69.0,142.0,305.0
0,HAT028,CLT,IAH,07:00:00,09:30:00,150,2024-05-01,cancelled,,,,,,,,,,
0,HAT028,CLT,IAH,07:00:00,09:30:00,150,2024-05-02,landed,2024-05-02T07:31:00,2024-05-02T09:54:00,,,,,,,,
0,HAT028,CLT,IAH,07:00:00,09:30:00,150,2024-05-03,landed,2024-05-03T07:02:00,2024-05-03T09:34:00,,,,,,,,
0,HAT028,CLT,IAH,07:00:00,09:30:00,150,2024-05-04,landed,2024-05-04T07:32:00,2024-05-04T10:21:00,,,,,,,,
0,HAT028,CLT,IAH,07:00:00,09:30:00,150,2024-05-05,landed,2024-05-05T07:28:00,2024-05-05T09:39:00,,,,,,,,
0,HAT028,CLT,IAH,07:00:00,09:30:00,150,2024-05-06,landed,2024-05-06T07:08:00,2024-05-06T09:55:00,,,,,,,,
0,HAT028,CLT,IAH,07:00:00,09:30:00,150,2024-05-07,landed,2024-05-07T07:25:00,2024-05-07T09:15:00,,,,,,,,
0,HAT028,CLT,IAH,07:00:00,09:30:00,150,2024-05-08,landed,2024-05-08T07:08:00,2024-05-08T10:18:00,,,,,,,,
0,HAT028,CLT,IAH,07:00:00,09:30:00,150,2024-05-09,landed,2024-05-09T07:14:00,2024-05-09T09:50:00,,,,,,,,
0,HAT028,CLT,IAH,07:00:00,09:30:00,150,2024-05-10,landed,2024-05-10T07:38:00,2024-05-10T10:09:00,,,,,,,,
0,HAT028,CLT,IAH,07:00:00,09:30:00,150,2024-05-11,landed,2024-05-11T06:50:00,2024-05-11T09:08:00,,,,,,,,
0,HAT028,CLT,IAH,07:00:00,09:30:00,150,2024-05-12,landed,2024-05-12T07:19:00,2024-05-12T09:20:00,,,,,,,,
0,HAT028,CLT,IAH,07:00:00,09:30:00,150,2024-05-13,landed,2024-05-13T06:50:00,2024-05-13T10:07:00,,,,,,,,
0,HAT028,CLT,IAH,07:00:00,09:30:00,150,2024-05-14,landed,2024-05-14T06:53:00,2024-05-14T09:42:00,,,,,,,,
0,HAT028,CLT,IAH,07:00:00,09:30:00,150,2024-05-15,landed,2024-05-15T07:00:00,2024-05-15T10:15:00,,,,,,,,
0,HAT028,CLT,IAH,07:00:00,09:30:00,150,2024-05-16,available,,,,,17.0,11.0,15.0,100.0,181.0,436.0
0,HAT028,CLT,IAH,07:00:00,09:30:00,150,2024-05-17,available,,,,,12.0,3.0,3.0,83.0,177.0,281.0
0,HAT028,CLT,IAH,07:00:00,09:30:00,150,2024-05-18,available,,,,,8.0,20.0,14.0,72.0,154.0,342.0
0,HAT028,CLT,IAH,07:00:00,09:30:00,150,2024-05-19,available,,,,,8.0,6.0,13.0,74.0,103.0,234.0
0,HAT028,CLT,IAH,07:00:00,09:30:00,150,2024-05-20,available,,,,,4.0,3.0,10.0,73.0,100.0,200.0
0,HAT028,CLT,IAH,07:00:00,09:30:00,150,2024-05-21,available,,,,,6.0,7.0,14.0,74.0,169.0,487.0
0,HAT028,CLT,IAH,07:00:00,09:30:00,150,2024-05-22,available,,,,,7.0,4.0,16.0,68.0,192.0,397.0
0,HAT028,CLT,IAH,07:00:00,09:30:00,150,2024-05-23,available,,,,,13.0,10.0,10.0,93.0,131.0,217.0
0,HAT028,CLT,IAH,07:00:00,09:30:00,150,2024-05-24,available,,,,,13.0,12.0,8.0,72.0,158.0,389.0
0,HAT028,CLT,IAH,07:00:00,09:30:00,150,2024-05-25,available,,,,,12.0,18.0,4.0,91.0,149.0,295.0
0,HAT028,CLT,IAH,07:00:00,09:30:00,150,2024-05-26,available,,,,,0.0,0.0,15.0,81.0,136.0,331.0
0,HAT028,CLT,IAH,07:00:00,09:30:00,150,2024-05-27,available,,,,,13.0,19.0,11.0,60.0,194.0,350.0
0,HAT028,CLT,IAH,07:00:00,09:30:00,150,2024-05-28,available,,,,,19.0,17.0,14.0,85.0,165.0,335.0
0,HAT028,CLT,IAH,07:00:00,09:30:00,150,2024-05-29,available,,,,,20.0,10.0,19.0,85.0,199.0,472.0
0,HAT028,CLT,IAH,07:00:00,09:30:00,150,2024-05-30,available,,,,,15.0,9.0,13.0,88.0,154.0,374.0
0,HAT029,CLT,IAH,19:00:00,21:30:00,150,2024-05-01,landed,2024-05-01T19:28:00,2024-05-01T21:28:00,,,,,,,,
0,HAT029,CLT,IAH,19:00:00,21:30:00,150,2024-05-02,cancelled,,,,,,,,,,
0,HAT029,CLT,IAH,19:00:00,21:30:00,150,2024-05-03,landed,2024-05-03T18:55:00,2024-05-03T22:14:00,,,,,,,,
0,HAT029,CLT,IAH,19:00:00,21:30:00,150,2024-05-04,landed,2024-05-04T19:15:00,2024-05-04T21:21:00,,,,,,,,
0,HAT029,CLT,IAH,19:00:00,21:30:00,150,2024-05-05,landed,2024-05-05T19:24:00,2024-05-05T21:41:00,,,,,,,,
0,HAT029,CLT,IAH,19:00:00,21:30:00,150,2024-05-06,cancelled,,,,,,,,,,
0,HAT029,CLT,IAH,19:00:00,21:30:00,150,2024-05-07,cancelled,,,,,,,,,,
0,HAT029,CLT,IAH,19:00:00,21:30:00,150,2024-05-08,landed,2024-05-08T19:23:00,2024-05-08T21:14:00,,,,,,,,
0,HAT029,CLT,IAH,19:00:00,21:30:00,150,2024-05-09,cancelled,,,,,,,,,,
0,HAT029,CLT,IAH,19:00:00,21:30:00,150,2024-05-10,landed,2024-05-10T19:37:00,2024-05-10T21:43:00,,,,,,,,
0,HAT029,CLT,IAH,19:00:00,21:30:00,150,2024-05-11,landed,2024-05-11T19:05:00,2024-05-11T21:13:00,,,,,,,,
0,HAT029,CLT,IAH,19:00:00,21:30:00,150,2024-05-12,landed,2024-05-12T18:44:00,2024-05-12T22:23:00,,,,,,,,
0,HAT029,CLT,IAH,19:00:00,21:30:00,150,2024-05-13,landed,2024-05-13T19:30:00,2024-05-13T21:14:00,,,,,,,,
0,HAT029,CLT,IAH,19:00:00,21:30:00,150,2024-05-14,landed,2024-05-14T19:35:00,2024-05-14T21:48:00,,,,,,,,
0,HAT029,CLT,IAH,19:00:00,21:30:00,150,2024-05-15,delayed,,,2024-05-15T20:22:00,2024-05-15T23:29:00,,,,,,
0,HAT029,CLT,IAH,19:00:00,21:30:00,150,2024-05-16,available,,,,,19.0,8.0,9.0,74.0,192.0,342.0
0,HAT029,CLT,IAH,19:00:00,21:30:00,150,2024-05-17,available,,,,,20.0,5.0,18.0,82.0,102.0,284.0
0,HAT029,CLT,IAH,19:00:00,21:30:00,150,2024-05-18,available,,,,,3.0,19.0,18.0,56.0,137.0,262.0
0,HAT029,CLT,IAH,19:00:00,21:30:00,150,2024-05-19,available,,,,,4.0,3.0,0.0,93.0,110.0,405.0
0,HAT029,CLT,IAH,19:00:00,21:30:00,150,2024-05-20,available,,,,,13.0,20.0,3.0,62.0,182.0,322.0
0,HAT029,CLT,IAH,19:00:00,21:30:00,150,2024-05-21,available,,,,,8.0,15.0,3.0,71.0,134.0,470.0
0,HAT029,CLT,IAH,19:00:00,21:30:00,150,2024-05-22,available,,,,,12.0,9.0,1.0,83.0,200.0,345.0
0,HAT029,CLT,IAH,19:00:00,21:30:00,150,2024-05-23,available,,,,,6.0,8.0,3.0,90.0,103.0,232.0
0,HAT029,CLT,IAH,19:00:00,21:30:00,150,2024-05-24,available,,,,,6.0,9.0,5.0,90.0,195.0,364.0
0,HAT029,CLT,IAH,19:00:00,21:30:00,150,2024-05-25,available,,,,,4.0,5.0,12.0,100.0,136.0,314.0
0,HAT029,CLT,IAH,19:00:00,21:30:00,150,2024-05-26,available,,,,,14.0,0.0,0.0,57.0,157.0,452.0
0,HAT029,CLT,IAH,19:00:00,21:30:00,150,2024-05-27,available,,,,,20.0,10.0,2.0,87.0,139.0,209.0
0,HAT029,CLT,IAH,19:00:00,21:30:00,150,2024-05-28,available,,,,,6.0,2.0,17.0,80.0,158.0,434.0
0,HAT029,CLT,IAH,19:00:00,21:30:00,150,2024-05-29,available,,,,,11.0,13.0,11.0,70.0,192.0,421.0
0,HAT029,CLT,IAH,19:00:00,21:30:00,150,2024-05-30,available,,,,,5.0,12.0,7.0,97.0,125.0,350.0
0,HAT030,CLT,IAH,09:00:00,11:30:00,150,2024-05-01,landed,2024-05-01T08:57:00,2024-05-01T12:03:00,,,,,,,,
0,HAT030,CLT,IAH,09:00:00,11:30:00,150,2024-05-02,landed,2024-05-02T08:45:00,2024-05-02T12:20:00,,,,,,,,
0,HAT030,CLT,IAH,09:00:00,11:30:00,150,2024-05-03,landed,2024-05-03T09:17:00,2024-05-03T11:31:00,,,,,,,,
0,HAT030,CLT,IAH,09:00:00,11:30:00,150,2024-05-04,landed,2024-05-04T08:52:00,2024-05-04T12:00:00,,,,,,,,
0,HAT030,CLT,IAH,09:00:00,11:30:00,150,2024-05-05,landed,2024-05-05T09:40:00,2024-05-05T11:43:00,,,,,,,,
0,HAT030,CLT,IAH,09:00:00,11:30:00,150,2024-05-06,landed,2024-05-06T08:49:00,2024-05-06T12:17:00,,,,,,,,
0,HAT030,CLT,IAH,09:00:00,11:30:00,150,2024-05-07,landed,2024-05-07T08:55:00,2024-05-07T11:49:00,,,,,,,,
0,HAT030,CLT,IAH,09:00:00,11:30:00,150,2024-05-08,landed,2024-05-08T09:13:00,2024-05-08T11:28:00,,,,,,,,
0,HAT030,CLT,IAH,09:00:00,11:30:00,150,2024-05-09,cancelled,,,,,,,,,,
0,HAT030,CLT,IAH,09:00:00,11:30:00,150,2024-05-10,landed,2024-05-10T09:34:00,2024-05-10T11:41:00,,,,,,,,
0,HAT030,CLT,IAH,09:00:00,11:30:00,150,2024-05-11,landed,2024-05-11T09:24:00,2024-05-11T12:11:00,,,,,,,,
0,HAT030,CLT,IAH,09:00:00,11:30:00,150,2024-05-12,landed,2024-05-12T08:56:00,2024-05-12T11:50:00,,,,,,,,
0,HAT030,CLT,IAH,09:00:00,11:30:00,150,2024-05-13,landed,2024-05-13T09:23:00,2024-05-13T12:02:00,,,,,,,,
0,HAT030,CLT,IAH,09:00:00,11:30:00,150,2024-05-14,landed,2024-05-14T09:10:00,2024-05-14T11:16:00,,,,,,,,
0,HAT030,CLT,IAH,09:00:00,11:30:00,150,2024-05-15,landed,2024-05-15T09:36:00,2024-05-15T11:59:00,,,,,,,,
0,HAT030,CLT,IAH,09:00:00,11:30:00,150,2024-05-16,available,,,,,12.0,4.0,7.0,92.0,154.0,463.0
0,HAT030,CLT,IAH,09:00:00,11:30:00,150,2024-05-17,available,,,,,18.0,11.0,4.0,60.0,130.0,343.0
0,HAT030,CLT,IAH,09:00:00,11:30:00,150,2024-05-18,available,,,,,5.0,6.0,0.0,87.0,149.0,256.0
0,HAT030,CLT,IAH,09:00:00,11:30:00,150,2024-05-19,available,,,,,1.0,6.0,2.0,97.0,153.0,412.0
0,HAT030,CLT,IAH,09:00:00,11:30:00,150,2024-05-20,available,,,,,7.0,9.0,15.0,96.0,135.0,469.0
0,HAT030,CLT,IAH,09:00:00,11:30:00,150,2024-05-21,available,,,,,13.0,4.0,5.0,99.0,151.0,385.0
0,HAT030,CLT,IAH,09:00:00,11:30:00,150,2024-05-22,available,,,,,0.0,7.0,3.0,51.0,194.0,313.0
0,HAT030,CLT,IAH,09:00:00,11:30:00,150,2024-05-23,available,,,,,16.0,7.0,2.0,59.0,159.0,402.0
0,HAT030,CLT,IAH,09:00:00,11:30:00,150,2024-05-24,available,,,,,16.0,15.0,13.0,77.0,116.0,296.0
0,HAT030,CLT,IAH,09:00:00,11:30:00,150,2024-05-25,available,,,,,4.0,7.0,16.0,94.0,184.0,272.0
0,HAT030,CLT,IAH,09:00:00,11:30:00,150,2024-05-26,available,,,,,17.0,4.0,11.0,82.0,105.0,414.0
0,HAT030,CLT,IAH,09:00:00,11:30:00,150,2024-05-27,available,,,,,20.0,18.0,14.0,60.0,167.0,492.0
0,HAT030,CLT,IAH,09:00:00,11:30:00,150,2024-05-28,available,,,,,6.0,10.0,15.0,74.0,152.0,472.0
0,HAT030,CLT,IAH,09:00:00,11:30:00,150,2024-05-29,available,,,,,10.0,8.0,17.0,65.0,184.0,215.0
0,HAT030,CLT,IAH,09:00:00,11:30:00,150,2024-05-30,available,,,,,7.0,14.0,6.0,95.0,193.0,486.0
0,HAT031,CLT,JFK,04:00:00,08:00:00,240,2024-05-01,landed,2024-05-01T04:12:00,2024-05-01T08:48:00,,,,,,,,
0,HAT031,CLT,JFK,04:00:00,08:00:00,240,2024-05-02,landed,2024-05-02T04:08:00,2024-05-02T08:36:00,,,,,,,,
0,HAT031,CLT,JFK,04:00:00,08:00:00,240,2024-05-03,landed,2024-05-03T04:33:00,2024-05-03T08:28:00,,,,,,,,
0,HAT031,CLT,JFK,04:00:00,08:00:00,240,2024-05-04,landed,2024-05-04T04:39:00,2024-05-04T08:01:00,,,,,,,,
0,HAT031,CLT,JFK,04:00:00,08:00:00,240,2024-05-05,landed,2024-05-05T04:23:00,2024-05-05T08:34:00,,,,,,,,
0,HAT031,CLT,JFK,04:00:00,08:00:00,240,2024-05-06,landed,2024-05-06T04:06:00,2024-05-06T08:28:00,,,,,,,,
0,HAT031,CLT,JFK,04:00:00,08:00:00,240,2024-05-07,landed,2024-05-07T04:36:00,2024-05-07T08:13:00,,,,,,,,
0,HAT031,CLT,JFK,04:00:00,08:00:00,240,2024-05-08,landed,2024-05-08T04:34:00,2024-05-08T08:31:00,,,,,,,,
0,HAT031,CLT,JFK,04:00:00,08:00:00,240,2024-05-09,landed,2024-05-09T04:03:00,2024-05-09T08:09:00,,,,,,,,
0,HAT031,CLT,JFK,04:00:00,08:00:00,240,2024-05-10,cancelled,,,,,,,,,,
0,HAT031,CLT,JFK,04:00:00,08:00:00,240,2024-05-11,landed,2024-05-11T04:34:00,2024-05-11T08:53:00,,,,,,,,
0,HAT031,CLT,JFK,04:00:00,08:00:00,240,2024-05-12,landed,2024-05-12T04:03:00,2024-05-12T08:28:00,,,,,,,,
0,HAT031,CLT,JFK,04:00:00,08:00:00,240,2024-05-13,landed,2024-05-13T04:08:00,2024-05-13T07:48:00,,,,,,,,
0,HAT031,CLT,JFK,04:00:00,08:00:00,240,2024-05-14,landed,2024-05-14T04:23:00,2024-05-14T08:00:00,,,,,,,,
0,HAT031,CLT,JFK,04:00:00,08:00:00,240,2024-05-15,landed,2024-05-15T03:45:00,2024-05-15T07:58:00,,,,,,,,
0,HAT031,CLT,JFK,04:00:00,08:00:00,240,2024-05-16,available,,,,,20.0,16.0,7.0,71.0,135.0,473.0
0,HAT031,CLT,JFK,04:00:00,08:00:00,240,2024-05-17,available,,,,,10.0,16.0,18.0,93.0,143.0,423.0
0,HAT031,CLT,JFK,04:00:00,08:00:00,240,2024-05-18,available,,,,,14.0,10.0,4.0,65.0,145.0,377.0
0,HAT031,CLT,JFK,04:00:00,08:00:00,240,2024-05-19,available,,,,,8.0,9.0,14.0,85.0,100.0,253.0
0,HAT031,CLT,JFK,04:00:00,08:00:00,240,2024-05-20,available,,,,,5.0,15.0,13.0,61.0,135.0,203.0
0,HAT031,CLT,JFK,04:00:00,08:00:00,240,2024-05-21,available,,,,,17.0,18.0,6.0,58.0,105.0,279.0
0,HAT031,CLT,JFK,04:00:00,08:00:00,240,2024-05-22,available,,,,,14.0,10.0,13.0,54.0,191.0,365.0
0,HAT031,CLT,JFK,04:00:00,08:00:00,240,2024-05-23,available,,,,,2.0,7.0,4.0,59.0,106.0,411.0
0,HAT031,CLT,JFK,04:00:00,08:00:00,240,2024-05-24,available,,,,,14.0,5.0,3.0,86.0,128.0,309.0
0,HAT031,CLT,JFK,04:00:00,08:00:00,240,2024-05-25,available,,,,,20.0,12.0,10.0,71.0,130.0,208.0
0,HAT031,CLT,JFK,04:00:00,08:00:00,240,2024-05-26,available,,,,,17.0,0.0,3.0,58.0,143.0,352.0
0,HAT031,CLT,JFK,04:00:00,08:00:00,240,2024-05-27,available,,,,,16.0,15.0,20.0,100.0,124.0,409.0
0,HAT031,CLT,JFK,04:00:00,08:00:00,240,2024-05-28,available,,,,,6.0,8.0,0.0,70.0,135.0,498.0
0,HAT031,CLT,JFK,04:00:00,08:00:00,240,2024-05-29,available,,,,,18.0,19.0,6.0,81.0,113.0,326.0
0,HAT031,CLT,JFK,04:00:00,08:00:00,240,2024-05-30,available,,,,,19.0,16.0,0.0,96.0,135.0,430.0
0,HAT032,CLT,JFK,10:00:00,14:00:00,240,2024-05-01,landed,2024-05-01T09:53:00,2024-05-01T14:48:00,,,,,,,,
0,HAT032,CLT,JFK,10:00:00,14:00:00,240,2024-05-02,landed,2024-05-02T10:21:00,2024-05-02T13:57:00,,,,,,,,
0,HAT032,CLT,JFK,10:00:00,14:00:00,240,2024-05-03,landed,2024-05-03T09:55:00,2024-05-03T14:11:00,,,,,,,,
0,HAT032,CLT,JFK,10:00:00,14:00:00,240,2024-05-04,landed,2024-05-04T10:03:00,2024-05-04T14:44:00,,,,,,,,
0,HAT032,CLT,JFK,10:00:00,14:00:00,240,2024-05-05,landed,2024-05-05T10:16:00,2024-05-05T13:55:00,,,,,,,,
0,HAT032,CLT,JFK,10:00:00,14:00:00,240,2024-05-06,landed,2024-05-06T10:21:00,2024-05-06T14:03:00,,,,,,,,
0,HAT032,CLT,JFK,10:00:00,14:00:00,240,2024-05-07,landed,2024-05-07T09:54:00,2024-05-07T13:57:00,,,,,,,,
0,HAT032,CLT,JFK,10:00:00,14:00:00,240,2024-05-08,landed,2024-05-08T09:50:00,2024-05-08T14:34:00,,,,,,,,
0,HAT032,CLT,JFK,10:00:00,14:00:00,240,2024-05-09,landed,2024-05-09T10:38:00,2024-05-09T14:14:00,,,,,,,,
0,HAT032,CLT,JFK,10:00:00,14:00:00,240,2024-05-10,cancelled,,,,,,,,,,
0,HAT032,CLT,JFK,10:00:00,14:00:00,240,2024-05-11,landed,2024-05-11T09:51:00,2024-05-11T14:50:00,,,,,,,,
0,HAT032,CLT,JFK,10:00:00,14:00:00,240,2024-05-12,landed,2024-05-12T10:31:00,2024-05-12T14:00:00,,,,,,,,
0,HAT032,CLT,JFK,10:00:00,14:00:00,240,2024-05-13,cancelled,,,,,,,,,,
0,HAT032,CLT,JFK,10:00:00,14:00:00,240,2024-05-14,landed,2024-05-14T10:00:00,2024-05-14T14:32:00,,,,,,,,
0,HAT032,CLT,JFK,10:00:00,14:00:00,240,2024-05-15,landed,2024-05-15T09:49:00,2024-05-15T14:13:00,,,,,,,,
0,HAT032,CLT,JFK,10:00:00,14:00:00,240,2024-05-16,available,,,,,2.0,0.0,10.0,76.0,147.0,257.0
0,HAT032,CLT,JFK,10:00:00,14:00:00,240,2024-05-17,available,,,,,9.0,11.0,11.0,59.0,157.0,408.0
0,HAT032,CLT,JFK,10:00:00,14:00:00,240,2024-05-18,available,,,,,14.0,2.0,9.0,66.0,161.0,361.0
0,HAT032,CLT,JFK,10:00:00,14:00:00,240,2024-05-19,available,,,,,2.0,18.0,14.0,77.0,156.0,498.0
0,HAT032,CLT,JFK,10:00:00,14:00:00,240,2024-05-20,available,,,,,7.0,7.0,5.0,99.0,164.0,301.0
0,HAT032,CLT,JFK,10:00:00,14:00:00,240,2024-05-21,available,,,,,5.0,0.0,17.0,98.0,193.0,445.0
0,HAT032,CLT,JFK,10:00:00,14:00:00,240,2024-05-22,available,,,,,1.0,10.0,4.0,58.0,129.0,318.0
0,HAT032,CLT,JFK,10:00:00,14:00:00,240,2024-05-23,available,,,,,10.0,10.0,3.0,54.0,129.0,342.0
0,HAT032,CLT,JFK,10:00:00,14:00:00,240,2024-05-24,available,,,,,5.0,12.0,6.0,68.0,195.0,378.0
0,HAT032,CLT,JFK,10:00:00,14:00:00,240,2024-05-25,available,,,,,9.0,7.0,1.0,80.0,180.0,297.0
0,HAT032,CLT,JFK,10:00:00,14:00:00,240,2024-05-26,available,,,,,7.0,17.0,18.0,75.0,192.0,252.0
0,HAT032,CLT,JFK,10:00:00,14:00:00,240,2024-05-27,available,,,,,14.0,8.0,20.0,52.0,132.0,481.0
0,HAT032,CLT,JFK,10:00:00,14:00:00,240,2024-05-28,available,,,,,15.0,11.0,18.0,80.0,148.0,421.0
0,HAT032,CLT,JFK,10:00:00,14:00:00,240,2024-05-29,available,,,,,15.0,20.0,19.0,56.0,171.0,459.0
0,HAT032,CLT,JFK,10:00:00,14:00:00,240,2024-05-30,available,,,,,12.0,13.0,13.0,61.0,133.0,285.0
0,HAT033,CLT,JFK,03:00:00,07:00:00,240,2024-05-01,landed,2024-05-01T03:16:00,2024-05-01T07:39:00,,,,,,,,
0,HAT033,CLT,JFK,03:00:00,07:00:00,240,2024-05-02,landed,2024-05-02T02:58:00,2024-05-02T07:41:00,,,,,,,,
0,HAT033,CLT,JFK,03:00:00,07:00:00,240,2024-05-03,landed,2024-05-03T03:12:00,2024-05-03T07:39:00,,,,,,,,
0,HAT033,CLT,JFK,03:00:00,07:00:00,240,2024-05-04,landed,2024-05-04T03:02:00,2024-05-04T07:45:00,,,,,,,,
0,HAT033,CLT,JFK,03:00:00,07:00:00,240,2024-05-05,landed,2024-05-05T03:19:00,2024-05-05T06:51:00,,,,,,,,
0,HAT033,CLT,JFK,03:00:00,07:00:00,240,2024-05-06,landed,2024-05-06T03:34:00,2024-05-06T07:00:00,,,,,,,,
0,HAT033,CLT,JFK,03:00:00,07:00:00,240,2024-05-07,landed,2024-05-07T03:04:00,2024-05-07T07:53:00,,,,,,,,
0,HAT033,CLT,JFK,03:00:00,07:00:00,240,2024-05-08,landed,2024-05-08T02:44:00,2024-05-08T07:19:00,,,,,,,,
0,HAT033,CLT,JFK,03:00:00,07:00:00,240,2024-05-09,landed,2024-05-09T03:06:00,2024-05-09T07:17:00,,,,,,,,
0,HAT033,CLT,JFK,03:00:00,07:00:00,240,2024-05-10,landed,2024-05-10T02:44:00,2024-05-10T07:05:00,,,,,,,,
0,HAT033,CLT,JFK,03:00:00,07:00:00,240,2024-05-11,landed,2024-05-11T03:37:00,2024-05-11T07:40:00,,,,,,,,
0,HAT033,CLT,JFK,03:00:00,07:00:00,240,2024-05-12,landed,2024-05-12T03:23:00,2024-05-12T07:36:00,,,,,,,,
0,HAT033,CLT,JFK,03:00:00,07:00:00,240,2024-05-13,landed,2024-05-13T03:37:00,2024-05-13T07:13:00,,,,,,,,
0,HAT033,CLT,JFK,03:00:00,07:00:00,240,2024-05-14,landed,2024-05-14T02:57:00,2024-05-14T07:37:00,,,,,,,,
0,HAT033,CLT,JFK,03:00:00,07:00:00,240,2024-05-15,landed,2024-05-15T03:38:00,2024-05-15T07:43:00,,,,,,,,
0,HAT033,CLT,JFK,03:00:00,07:00:00,240,2024-05-16,available,,,,,13.0,18.0,1.0,62.0,143.0,220.0
0,HAT033,CLT,JFK,03:00:00,07:00:00,240,2024-05-17,available,,,,,6.0,18.0,8.0,78.0,130.0,479.0
0,HAT033,CLT,JFK,03:00:00,07:00:00,240,2024-05-18,available,,,,,19.0,12.0,6.0,55.0,177.0,312.0
0,HAT033,CLT,JFK,03:00:00,07:00:00,240,2024-05-19,available,,,,,0.0,2.0,20.0,78.0,114.0,201.0
0,HAT033,CLT,JFK,03:00:00,07:00:00,240,2024-05-20,available,,,,,20.0,16.0,14.0,74.0,100.0,488.0
0,HAT033,CLT,JFK,03:00:00,07:00:00,240,2024-05-21,available,,,,,2.0,10.0,1.0,95.0,137.0,423.0
0,HAT033,CLT,JFK,03:00:00,07:00:00,240,2024-05-22,available,,,,,2.0,8.0,1.0,50.0,136.0,437.0
0,HAT033,CLT,JFK,03:00:00,07:00:00,240,2024-05-23,available,,,,,5.0,18.0,7.0,96.0,142.0,443.0
0,HAT033,CLT,JFK,03:00:00,07:00:00,240,2024-05-24,available,,,,,18.0,6.0,20.0,72.0,200.0,221.0
0,HAT033,CLT,JFK,03:00:00,07:00:00,240,2024-05-25,available,,,,,11.0,6.0,13.0,95.0,157.0,212.0
0,HAT033,CLT,JFK,03:00:00,07:00:00,240,2024-05-26,available,,,,,4.0,16.0,8.0,90.0,146.0,263.0
0,HAT033,CLT,JFK,03:00:00,07:00:00,240,2024-05-27,available,,,,,13.0,11.0,18.0,75.0,150.0,478.0
0,HAT033,CLT,JFK,03:00:00,07:00:00,240,2024-05-28,available,,,,,13.0,16.0,15.0,87.0,127.0,469.0
0,HAT033,CLT,JFK,03:00:00,07:00:00,240,2024-05-29,available,,,,,8.0,14.0,12.0,84.0,126.0,358.0
0,HAT033,CLT,JFK,03:00:00,07:00:00,240,2024-05-30,available,,,,,20.0,8.0,3.0,94.0,179.0,287.0
0,HAT034,CLT,JFK,19:00:00,23:00:00,240,2024-05-01,landed,2024-05-01T19:00:00,2024-05-01T22:37:00,,,,,,,,
0,HAT034,CLT,JFK,19:00:00,23:00:00,240,2024-05-02,landed,2024-05-02T19:20:00,2024-05-02T23:23:00,,,,,,,,
0,HAT034,CLT,JFK,19:00:00,23:00:00,240,2024-05-03,landed,2024-05-03T18:58:00,2024-05-03T23:42:00,,,,,,,,
0,HAT034,CLT,JFK,19:00:00,23:00:00,240,2024-05-04,landed,2024-05-04T18:41:00,2024-05-04T22:57:00,,,,,,,,
0,HAT034,CLT,JFK,19:00:00,23:00:00,240,2024-05-05,landed,2024-05-05T19:39:00,2024-05-05T23:10:00,,,,,,,,
0,HAT034,CLT,JFK,19:00:00,23:00:00,240,2024-05-06,landed,2024-05-06T18:44:00,2024-05-06T23:47:00,,,,,,,,
0,HAT034,CLT,JFK,19:00:00,23:00:00,240,2024-05-07,landed,2024-05-07T18:49:00,2024-05-07T23:37:00,,,,,,,,
0,HAT034,CLT,JFK,19:00:00,23:00:00,240,2024-05-08,landed,2024-05-08T18:51:00,2024-05-08T23:31:00,,,,,,,,
0,HAT034,CLT,JFK,19:00:00,23:00:00,240,2024-05-09,landed,2024-05-09T18:53:00,2024-05-09T23:17:00,,,,,,,,
0,HAT034,CLT,JFK,19:00:00,23:00:00,240,2024-05-10,landed,2024-05-10T19:06:00,2024-05-10T23:17:00,,,,,,,,
0,HAT034,CLT,JFK,19:00:00,23:00:00,240,2024-05-11,landed,2024-05-11T19:03:00,2024-05-11T23:29:00,,,,,,,,
0,HAT034,CLT,JFK,19:00:00,23:00:00,240,2024-05-12,landed,2024-05-12T19:24:00,2024-05-12T22:48:00,,,,,,,,
0,HAT034,CLT,JFK,19:00:00,23:00:00,240,2024-05-13,landed,2024-05-13T19:04:00,2024-05-13T22:45:00,,,,,,,,
0,HAT034,CLT,JFK,19:00:00,23:00:00,240,2024-05-14,landed,2024-05-14T19:40:00,2024-05-14T23:44:00,,,,,,,,
0,HAT034,CLT,JFK,19:00:00,23:00:00,240,2024-05-15,on time,,,2024-05-15T18:44:00,2024-05-15T22:27:00,,,,,,
0,HAT034,CLT,JFK,19:00:00,23:00:00,240,2024-05-16,available,,,,,13.0,11.0,6.0,98.0,156.0,277.0
0,HAT034,CLT,JFK,19:00:00,23:00:00,240,2024-05-17,available,,,,,12.0,16.0,11.0,66.0,140.0,275.0
0,HAT034,CLT,JFK,19:00:00,23:00:00,240,2024-05-18,available,,,,,15.0,9.0,15.0,60.0,195.0,429.0
0,HAT034,CLT,JFK,19:00:00,23:00:00,240,2024-05-19,available,,,,,10.0,20.0,5.0,55.0,200.0,473.0
0,HAT034,CLT,JFK,19:00:00,23:00:00,240,2024-05-20,available,,,,,15.0,1.0,18.0,100.0,145.0,283.0
0,HAT034,CLT,JFK,19:00:00,23:00:00,240,2024-05-21,available,,,,,15.0,16.0,6.0,93.0,179.0,377.0
0,HAT034,CLT,JFK,19:00:00,23:00:00,240,2024-05-22,available,,,,,18.0,4.0,19.0,60.0,168.0,419.0
0,HAT034,CLT,JFK,19:00:00,23:00:00,240,2024-05-23,available,,,,,13.0,1.0,1.0,67.0,176.0,332.0
0,HAT034,CLT,JFK,19:00:00,23:00:00,240,2024-05-24,available,,,,,5.0,12.0,1.0,60.0,180.0,354.0
0,HAT034,CLT,JFK,19:00:00,23:00:00,240,2024-05-25,available,,,,,9.0,6.0,15.0,50.0,131.0,279.0
0,HAT034,CLT,JFK,19:00:00,23:00:00,240,2024-05-26,available,,,,,15.0,17.0,7.0,96.0,130.0,474.0
0,HAT034,CLT,JFK,19:00:00,23:00:00,240,2024-05-27,available,,,,,9.0,5.0,12.0,57.0,128.0,213.0
0,HAT034,CLT,JFK,19:00:00,23:00:00,240,2024-05-28,available,,,,,19.0,3.0,9.0,66.0,101.0,343.0
0,HAT034,CLT,JFK,19:00:00,23:00:00,240,2024-05-29,available,,,,,20.0,2.0,1.0,97.0,140.0,474.0
0,HAT034,CLT,JFK,19:00:00,23:00:00,240,2024-05-30,available,,,,,19.0,12.0,7.0,100.0,194.0,353.0
0,HAT035,CLT,JFK,08:00:00,12:00:00,240,2024-05-01,landed,2024-05-01T07:44:00,2024-05-01T12:08:00,,,,,,,,
0,HAT035,CLT,JFK,08:00:00,12:00:00,240,2024-05-02,cancelled,,,,,,,,,,
0,HAT035,CLT,JFK,08:00:00,12:00:00,240,2024-05-03,landed,2024-05-03T08:18:00,2024-05-03T12:39:00,,,,,,,,
0,HAT035,CLT,JFK,08:00:00,12:00:00,240,2024-05-04,landed,2024-05-04T08:33:00,2024-05-04T12:42:00,,,,,,,,
0,HAT035,CLT,JFK,08:00:00,12:00:00,240,2024-05-05,landed,2024-05-05T08:37:00,2024-05-05T12:04:00,,,,,,,,
0,HAT035,CLT,JFK,08:00:00,12:00:00,240,2024-05-06,landed,2024-05-06T07:45:00,2024-05-06T12:20:00,,,,,,,,
0,HAT035,CLT,JFK,08:00:00,12:00:00,240,2024-05-07,landed,2024-05-07T07:50:00,2024-05-07T12:17:00,,,,,,,,
0,HAT035,CLT,JFK,08:00:00,12:00:00,240,2024-05-08,landed,2024-05-08T08:29:00,2024-05-08T11:36:00,,,,,,,,
0,HAT035,CLT,JFK,08:00:00,12:00:00,240,2024-05-09,landed,2024-05-09T08:35:00,2024-05-09T12:38:00,,,,,,,,
0,HAT035,CLT,JFK,08:00:00,12:00:00,240,2024-05-10,landed,2024-05-10T08:20:00,2024-05-10T12:41:00,,,,,,,,
0,HAT035,CLT,JFK,08:00:00,12:00:00,240,2024-05-11,landed,2024-05-11T08:01:00,2024-05-11T12:35:00,,,,,,,,
0,HAT035,CLT,JFK,08:00:00,12:00:00,240,2024-05-12,cancelled,,,,,,,,,,
0,HAT035,CLT,JFK,08:00:00,12:00:00,240,2024-05-13,landed,2024-05-13T07:51:00,2024-05-13T11:39:00,,,,,,,,
0,HAT035,CLT,JFK,08:00:00,12:00:00,240,2024-05-14,landed,2024-05-14T08:36:00,2024-05-14T12:23:00,,,,,,,,
0,HAT035,CLT,JFK,08:00:00,12:00:00,240,2024-05-15,landed,2024-05-15T08:00:00,2024-05-15T11:50:00,,,,,,,,
0,HAT035,CLT,JFK,08:00:00,12:00:00,240,2024-05-16,available,,,,,18.0,18.0,11.0,84.0,124.0,238.0
0,HAT035,CLT,JFK,08:00:00,12:00:00,240,2024-05-17,available,,,,,14.0,5.0,17.0,60.0,166.0,331.0
0,HAT035,CLT,JFK,08:00:00,12:00:00,240,2024-05-18,available,,,,,7.0,1.0,1.0,70.0,127.0,464.0
0,HAT035,CLT,JFK,08:00:00,12:00:00,240,2024-05-19,available,,,,,5.0,1.0,4.0,82.0,160.0,342.0
0,HAT035,CLT,JFK,08:00:00,12:00:00,240,2024-05-20,available,,,,,15.0,18.0,2.0,82.0,114.0,500.0
0,HAT035,CLT,JFK,08:00:00,12:00:00,240,2024-05-21,available,,,,,4.0,18.0,10.0,100.0,160.0,458.0
0,HAT035,CLT,JFK,08:00:00,12:00:00,240,2024-05-22,available,,,,,2.0,2.0,9.0,74.0,193.0,333.0
0,HAT035,CLT,JFK,08:00:00,12:00:00,240,2024-05-23,available,,,,,20.0,5.0,3.0,93.0,195.0,341.0
0,HAT035,CLT,JFK,08:00:00,12:00:00,240,2024-05-24,available,,,,,15.0,11.0,15.0,54.0,134.0,303.0
0,HAT035,CLT,JFK,08:00:00,12:00:00,240,2024-05-25,available,,,,,10.0,16.0,20.0,68.0,115.0,404.0
0,HAT035,CLT,JFK,08:00:00,12:00:00,240,2024-05-26,available,,,,,14.0,13.0,19.0,70.0,146.0,327.0
0,HAT035,CLT,JFK,08:00:00,12:00:00,240,2024-05-27,available,,,,,8.0,18.0,17.0,80.0,193.0,419.0
0,HAT035,CLT,JFK,08:00:00,12:00:00,240,2024-05-28,available,,,,,1.0,7.0,6.0,68.0,194.0,465.0
0,HAT035,CLT,JFK,08:00:00,12:00:00,240,2024-05-29,available,,,,,11.0,19.0,11.0,95.0,159.0,424.0
0,HAT035,CLT,JFK,08:00:00,12:00:00,240,2024-05-30,available,,,,,14.0,13.0,0.0,88.0,167.0,263.0
0,HAT036,CLT,PHX,02:00:00,07:00:00,300,2024-05-01,landed,2024-05-01T02:11:00,2024-05-01T06:52:00,,,,,,,,
0,HAT036,CLT,PHX,02:00:00,07:00:00,300,2024-05-02,landed,2024-05-02T02:16:00,2024-05-02T07:14:00,,,,,,,,
0,HAT036,CLT,PHX,02:00:00,07:00:00,300,2024-05-03,landed,2024-05-03T01:52:00,2024-05-03T07:33:00,,,,,,,,
0,HAT036,CLT,PHX,02:00:00,07:00:00,300,2024-05-04,landed,2024-05-04T01:45:00,2024-05-04T07:13:00,,,,,,,,
0,HAT036,CLT,PHX,02:00:00,07:00:00,300,2024-05-05,landed,2024-05-05T02:37:00,2024-05-05T06:57:00,,,,,,,,
0,HAT036,CLT,PHX,02:00:00,07:00:00,300,2024-05-06,landed,2024-05-06T02:15:00,2024-05-06T07:29:00,,,,,,,,
0,HAT036,CLT,PHX,02:00:00,07:00:00,300,2024-05-07,cancelled,,,,,,,,,,
0,HAT036,CLT,PHX,02:00:00,07:00:00,300,2024-05-08,landed,2024-05-08T02:11:00,2024-05-08T07:32:00,,,,,,,,
0,HAT036,CLT,PHX,02:00:00,07:00:00,300,2024-05-09,cancelled,,,,,,,,,,
0,HAT036,CLT,PHX,02:00:00,07:00:00,300,2024-05-10,landed,2024-05-10T02:24:00,2024-05-10T06:52:00,,,,,,,,
0,HAT036,CLT,PHX,02:00:00,07:00:00,300,2024-05-11,landed,2024-05-11T01:56:00,2024-05-11T06:51:00,,,,,,,,
0,HAT036,CLT,PHX,02:00:00,07:00:00,300,2024-05-12,landed,2024-05-12T01:45:00,2024-05-12T07:04:00,,,,,,,,
0,HAT036,CLT,PHX,02:00:00,07:00:00,300,2024-05-13,landed,2024-05-13T02:00:00,2024-05-13T07:49:00,,,,,,,,
0,HAT036,CLT,PHX,02:00:00,07:00:00,300,2024-05-14,landed,2024-05-14T02:25:00,2024-05-14T07:41:00,,,,,,,,
0,HAT036,CLT,PHX,02:00:00,07:00:00,300,2024-05-15,landed,2024-05-15T02:08:00,2024-05-15T07:26:00,,,,,,,,
0,HAT036,CLT,PHX,02:00:00,07:00:00,300,2024-05-16,available,,,,,3.0,9.0,3.0,91.0,125.0,446.0
0,HAT036,CLT,PHX,02:00:00,07:00:00,300,2024-05-17,available,,,,,3.0,5.0,12.0,66.0,165.0,408.0
0,HAT036,CLT,PHX,02:00:00,07:00:00,300,2024-05-18,available,,,,,8.0,7.0,4.0,81.0,175.0,222.0
0,HAT036,CLT,PHX,02:00:00,07:00:00,300,2024-05-19,available,,,,,6.0,19.0,5.0,51.0,105.0,366.0
0,HAT036,CLT,PHX,02:00:00,07:00:00,300,2024-05-20,available,,,,,20.0,19.0,14.0,84.0,199.0,445.0
0,HAT036,CLT,PHX,02:00:00,07:00:00,300,2024-05-21,available,,,,,0.0,18.0,4.0,87.0,186.0,240.0
0,HAT036,CLT,PHX,02:00:00,07:00:00,300,2024-05-22,available,,,,,9.0,16.0,6.0,85.0,139.0,252.0
0,HAT036,CLT,PHX,02:00:00,07:00:00,300,2024-05-23,available,,,,,14.0,3.0,12.0,82.0,150.0,402.0
0,HAT036,CLT,PHX,02:00:00,07:00:00,300,2024-05-24,available,,,,,4.0,2.0,8.0,82.0,175.0,254.0
0,HAT036,CLT,PHX,02:00:00,07:00:00,300,2024-05-25,available,,,,,15.0,2.0,18.0,66.0,153.0,212.0
0,HAT036,CLT,PHX,02:00:00,07:00:00,300,2024-05-26,available,,,,,14.0,5.0,19.0,86.0,125.0,216.0
0,HAT036,CLT,PHX,02:00:00,07:00:00,300,2024-05-27,available,,,,,13.0,19.0,0.0,61.0,177.0,466.0
0,HAT036,CLT,PHX,02:00:00,07:00:00,300,2024-05-28,available,,,,,11.0,18.0,7.0,65.0,109.0,316.0
0,HAT036,CLT,PHX,02:00:00,07:00:00,300,2024-05-29,available,,,,,7.0,15.0,6.0,54.0,133.0,428.0
0,HAT036,CLT,PHX,02:00:00,07:00:00,300,2024-05-30,available,,,,,18.0,20.0,9.0,70.0,147.0,414.0
0,HAT037,CLT,PHX,00:00:00,05:00:00,300,2024-05-01,landed,2024-05-01T00:00:00,2024-05-01T04:52:00,,,,,,,,
0,HAT037,CLT,PHX,00:00:00,05:00:00,300,2024-05-02,landed,2024-05-02T00:00:00,2024-05-02T05:13:00,,,,,,,,
0,HAT037,CLT,PHX,00:00:00,05:00:00,300,2024-05-03,landed,2024-05-03T00:31:00,2024-05-03T05:54:00,,,,,,,,
0,HAT037,CLT,PHX,00:00:00,05:00:00,300,2024-05-04,landed,2024-05-04T00:15:00,2024-05-04T04:49:00,,,,,,,,
0,HAT037,CLT,PHX,00:00:00,05:00:00,300,2024-05-05,landed,2024-05-05T00:11:00,2024-05-05T04:46:00,,,,,,,,
0,HAT037,CLT,PHX,00:00:00,05:00:00,300,2024-05-06,landed,2024-05-06T00:35:00,2024-05-06T05:26:00,,,,,,,,
0,HAT037,CLT,PHX,00:00:00,05:00:00,300,2024-05-07,landed,2024-05-07T00:00:00,2024-05-07T05:07:00,,,,,,,,
0,HAT037,CLT,PHX,00:00:00,05:00:00,300,2024-05-08,cancelled,,,,,,,,,,
0,HAT037,CLT,PHX,00:00:00,05:00:00,300,2024-05-09,landed,2024-05-09T00:01:00,2024-05-09T05:37:00,,,,,,,,
0,HAT037,CLT,PHX,00:00:00,05:00:00,300,2024-05-10,landed,2024-05-10T00:35:00,2024-05-10T05:40:00,,,,,,,,
0,HAT037,CLT,PHX,00:00:00,05:00:00,300,2024-05-11,landed,2024-05-11T00:39:00,2024-05-11T04:37:00,,,,,,,,
0,HAT037,CLT,PHX,00:00:00,05:00:00,300,2024-05-12,landed,2024-05-12T00:00:00,2024-05-12T05:10:00,,,,,,,,
0,HAT037,CLT,PHX,00:00:00,05:00:00,300,2024-05-13,landed,2024-05-13T00:00:00,2024-05-13T05:36:00,,,,,,,,
0,HAT037,CLT,PHX,00:00:00,05:00:00,300,2024-05-14,landed,2024-05-14T00:00:00,2024-05-14T05:16:00,,,,,,,,
0,HAT037,CLT,PHX,00:00:00,05:00:00,300,2024-05-15,landed,2024-05-15T00:13:00,2024-05-15T05:01:00,,,,,,,,
0,HAT037,CLT,PHX,00:00:00,05:00:00,300,2024-05-16,available,,,,,9.0,12.0,6.0,70.0,187.0,210.0
0,HAT037,CLT,PHX,00:00:00,05:00:00,300,2024-05-17,available,,,,,8.0,3.0,0.0,82.0,182.0,292.0
0,HAT037,CLT,PHX,00:00:00,05:00:00,300,2024-05-18,available,,,,,3.0,0.0,0.0,80.0,162.0,436.0
0,HAT037,CLT,PHX,00:00:00,05:00:00,300,2024-05-19,available,,,,,13.0,2.0,4.0,97.0,113.0,211.0
0,HAT037,CLT,PHX,00:00:00,05:00:00,300,2024-05-20,available,,,,,19.0,6.0,18.0,76.0,166.0,489.0
0,HAT037,CLT,PHX,00:00:00,05:00:00,300,2024-05-21,available,,,,,6.0,17.0,12.0,94.0,140.0,327.0
0,HAT037,CLT,PHX,00:00:00,05:00:00,300,2024-05-22,available,,,,,3.0,17.0,11.0,78.0,138.0,209.0
0,HAT037,CLT,PHX,00:00:00,05:00:00,300,2024-05-23,available,,,,,17.0,17.0,10.0,77.0,128.0,389.0
0,HAT037,CLT,PHX,00:00:00,05:00:00,300,2024-05-24,available,,,,,10.0,17.0,20.0,68.0,166.0,410.0
0,HAT037,CLT,PHX,00:00:00,05:00:00,300,2024-05-25,available,,,,,17.0,7.0,8.0,59.0,152.0,396.0
0,HAT037,CLT,PHX,00:00:00,05:00:00,300,2024-05-26,available,,,,,5.0,15.0,17.0,89.0,198.0,373.0
0,HAT037,CLT,PHX,00:00:00,05:00:00,300,2024-05-27,available,,,,,20.0,0.0,1.0,90.0,178.0,365.0
0,HAT037,CLT,PHX,00:00:00,05:00:00,300,2024-05-28,available,,,,,5.0,10.0,18.0,51.0,114.0,284.0
0,HAT037,CLT,PHX,00:00:00,05:00:00,300,2024-05-29,available,,,,,2.0,9.0,17.0,75.0,183.0,478.0
0,HAT037,CLT,PHX,00:00:00,05:00:00,300,2024-05-30,available,,,,,4.0,9.0,2.0,89.0,190.0,248.0
0,HAT038,CLT,PHX,23:00:00,04:00:00+1,300,2024-05-01,landed,2024-05-01T22:42:00,2024-05-02T04:40:00,,,,,,,,
0,HAT038,CLT,PHX,23:00:00,04:00:00+1,300,2024-05-02,landed,2024-05-02T23:23:00,2024-05-03T03:45:00,,,,,,,,
0,HAT038,CLT,PHX,23:00:00,04:00:00+1,300,2024-05-03,landed,2024-05-03T23:09:00,2024-05-04T03:44:00,,,,,,,,
0,HAT038,CLT,PHX,23:00:00,04:00:00+1,300,2024-05-04,landed,2024-05-04T23:25:00,2024-05-05T03:56:00,,,,,,,,
0,HAT038,CLT,PHX,23:00:00,04:00:00+1,300,2024-05-05,landed,2024-05-05T23:17:00,2024-05-06T04:06:00,,,,,,,,
0,HAT038,CLT,PHX,23:00:00,04:00:00+1,300,2024-05-06,landed,2024-05-06T23:39:00,2024-05-07T04:47:00,,,,,,,,
0,HAT038,CLT,PHX,23:00:00,04:00:00+1,300,2024-05-07,landed,2024-05-07T23:34:00,2024-05-08T04:10:00,,,,,,,,
0,HAT038,CLT,PHX,23:00:00,04:00:00+1,300,2024-05-08,landed,2024-05-08T22:59:00,2024-05-09T04:52:00,,,,,,,,
0,HAT038,CLT,PHX,23:00:00,04:00:00+1,300,2024-05-09,cancelled,,,,,,,,,,
0,HAT038,CLT,PHX,23:00:00,04:00:00+1,300,2024-05-10,landed,2024-05-10T23:17:00,2024-05-11T04:31:00,,,,,,,,
0,HAT038,CLT,PHX,23:00:00,04:00:00+1,300,2024-05-11,landed,2024-05-11T22:50:00,2024-05-12T04:49:00,,,,,,,,
0,HAT038,CLT,PHX,23:00:00,04:00:00+1,300,2024-05-12,landed,2024-05-12T23:38:00,2024-05-13T04:43:00,,,,,,,,
0,HAT038,CLT,PHX,23:00:00,04:00:00+1,300,2024-05-13,landed,2024-05-13T23:13:00,2024-05-14T03:55:00,,,,,,,,
0,HAT038,CLT,PHX,23:00:00,04:00:00+1,300,2024-05-14,landed,2024-05-14T23:32:00,2024-05-15T04:54:00,,,,,,,,
0,HAT038,CLT,PHX,23:00:00,04:00:00+1,300,2024-05-15,on time,,,2024-05-15T23:30:00,2024-05-16T04:40:00,,,,,,
0,HAT038,CLT,PHX,23:00:00,04:00:00+1,300,2024-05-16,available,,,,,14.0,10.0,11.0,82.0,114.0,373.0
0,HAT038,CLT,PHX,23:00:00,04:00:00+1,300,2024-05-17,available,,,,,4.0,4.0,17.0,75.0,128.0,290.0
0,HAT038,CLT,PHX,23:00:00,04:00:00+1,300,2024-05-18,available,,,,,4.0,18.0,10.0,81.0,159.0,412.0
0,HAT038,CLT,PHX,23:00:00,04:00:00+1,300,2024-05-19,available,,,,,0.0,18.0,5.0,67.0,112.0,200.0
0,HAT038,CLT,PHX,23:00:00,04:00:00+1,300,2024-05-20,available,,,,,2.0,19.0,4.0,86.0,104.0,307.0
0,HAT038,CLT,PHX,23:00:00,04:00:00+1,300,2024-05-21,available,,,,,0.0,20.0,5.0,99.0,170.0,206.0
0,HAT038,CLT,PHX,23:00:00,04:00:00+1,300,2024-05-22,available,,,,,3.0,18.0,6.0,96.0,178.0,390.0
0,HAT038,CLT,PHX,23:00:00,04:00:00+1,300,2024-05-23,available,,,,,20.0,0.0,20.0,50.0,193.0,246.0
0,HAT038,CLT,PHX,23:00:00,04:00:00+1,300,2024-05-24,available,,,,,2.0,17.0,3.0,69.0,160.0,279.0
0,HAT038,CLT,PHX,23:00:00,04:00:00+1,300,2024-05-25,available,,,,,15.0,13.0,1.0,52.0,106.0,368.0
0,HAT038,CLT,PHX,23:00:00,04:00:00+1,300,2024-05-26,available,,,,,12.0,11.0,2.0,75.0,116.0,281.0
0,HAT038,CLT,PHX,23:00:00,04:00:00+1,300,2024-05-27,available,,,,,12.0,4.0,7.0,73.0,178.0,203.0
0,HAT038,CLT,PHX,23:00:00,04:00:00+1,300,2024-05-28,available,,,,,3.0,20.0,15.0,71.0,194.0,203.0
0,HAT038,CLT,PHX,23:00:00,04:00:00+1,300,2024-05-29,available,,,,,7.0,20.0,20.0,90.0,167.0,217.0
0,HAT038,CLT,PHX,23:00:00,04:00:00+1,300,2024-05-30,available,,,,,9.0,11.0,8.0,59.0,164.0,334.0
0,HAT039,CLT,PHX,14:00:00,19:00:00,300,2024-05-01,landed,2024-05-01T14:18:00,2024-05-01T19:18:00,,,,,,,,
0,HAT039,CLT,PHX,14:00:00,19:00:00,300,2024-05-02,landed,2024-05-02T14:20:00,2024-05-02T18:45:00,,,,,,,,
0,HAT039,CLT,PHX,14:00:00,19:00:00,300,2024-05-03,landed,2024-05-03T13:56:00,2024-05-03T18:47:00,,,,,,,,
0,HAT039,CLT,PHX,14:00:00,19:00:00,300,2024-05-04,landed,2024-05-04T13:50:00,2024-05-04T19:03:00,,,,,,,,
0,HAT039,CLT,PHX,14:00:00,19:00:00,300,2024-05-05,landed,2024-05-05T14:08:00,2024-05-05T19:41:00,,,,,,,,
0,HAT039,CLT,PHX,14:00:00,19:00:00,300,2024-05-06,landed,2024-05-06T14:15:00,2024-05-06T19:53:00,,,,,,,,
0,HAT039,CLT,PHX,14:00:00,19:00:00,300,2024-05-07,landed,2024-05-07T14:18:00,2024-05-07T18:56:00,,,,,,,,
0,HAT039,CLT,PHX,14:00:00,19:00:00,300,2024-05-08,landed,2024-05-08T14:31:00,2024-05-08T19:38:00,,,,,,,,
0,HAT039,CLT,PHX,14:00:00,19:00:00,300,2024-05-09,landed,2024-05-09T14:19:00,2024-05-09T19:07:00,,,,,,,,
0,HAT039,CLT,PHX,14:00:00,19:00:00,300,2024-05-10,landed,2024-05-10T14:30:00,2024-05-10T19:47:00,,,,,,,,
0,HAT039,CLT,PHX,14:00:00,19:00:00,300,2024-05-11,landed,2024-05-11T14:24:00,2024-05-11T19:53:00,,,,,,,,
0,HAT039,CLT,PHX,14:00:00,19:00:00,300,2024-05-12,landed,2024-05-12T13:51:00,2024-05-12T18:56:00,,,,,,,,
0,HAT039,CLT,PHX,14:00:00,19:00:00,300,2024-05-13,landed,2024-05-13T14:19:00,2024-05-13T19:22:00,,,,,,,,
0,HAT039,CLT,PHX,14:00:00,19:00:00,300,2024-05-14,landed,2024-05-14T14:14:00,2024-05-14T19:15:00,,,,,,,,
0,HAT039,CLT,PHX,14:00:00,19:00:00,300,2024-05-15,flying,2024-05-15T13:50:00,,,2024-05-15T18:54:00,,,,,,
0,HAT039,CLT,PHX,14:00:00,19:00:00,300,2024-05-16,available,,,,,16.0,10.0,5.0,51.0,116.0,413.0
0,HAT039,CLT,PHX,14:00:00,19:00:00,300,2024-05-17,available,,,,,0.0,11.0,10.0,72.0,164.0,367.0
0,HAT039,CLT,PHX,14:00:00,19:00:00,300,2024-05-18,available,,,,,15.0,13.0,18.0,64.0,148.0,456.0
0,HAT039,CLT,PHX,14:00:00,19:00:00,300,2024-05-19,available,,,,,4.0,3.0,12.0,65.0,139.0,426.0
0,HAT039,CLT,PHX,14:00:00,19:00:00,300,2024-05-20,available,,,,,3.0,2.0,15.0,84.0,103.0,360.0
0,HAT039,CLT,PHX,14:00:00,19:00:00,300,2024-05-21,available,,,,,17.0,11.0,0.0,50.0,155.0,221.0
0,HAT039,CLT,PHX,14:00:00,19:00:00,300,2024-05-22,available,,,,,17.0,4.0,4.0,94.0,140.0,236.0
0,HAT039,CLT,PHX,14:00:00,19:00:00,300,2024-05-23,available,,,,,9.0,11.0,0.0,61.0,118.0,392.0
0,HAT039,CLT,PHX,14:00:00,19:00:00,300,2024-05-24,available,,,,,10.0,1.0,4.0,92.0,172.0,354.0
0,HAT039,CLT,PHX,14:00:00,19:00:00,300,2024-05-25,available,,,,,2.0,15.0,4.0,77.0,103.0,242.0
0,HAT039,CLT,PHX,14:00:00,19:00:00,300,2024-05-26,available,,,,,20.0,14.0,20.0,57.0,190.0,490.0
0,HAT039,CLT,PHX,14:00:00,19:00:00,300,2024-05-27,available,,,,,6.0,9.0,8.0,80.0,115.0,243.0
0,HAT039,CLT,PHX,14:00:00,19:00:00,300,2024-05-28,available,,,,,11.0,4.0,10.0,96.0,144.0,343.0
0,HAT039,CLT,PHX,14:00:00,19:00:00,300,2024-05-29,available,,,,,17.0,20.0,5.0,81.0,187.0,233.0
0,HAT039,CLT,PHX,14:00:00,19:00:00,300,2024-05-30,available,,,,,18.0,17.0,14.0,91.0,138.0,460.0
0,HAT040,CLT,LGA,11:00:00,14:30:00,210,2024-05-01,landed,2024-05-01T11:28:00,2024-05-01T14:35:00,,,,,,,,
0,HAT040,CLT,LGA,11:00:00,14:30:00,210,2024-05-02,cancelled,,,,,,,,,,
0,HAT040,CLT,LGA,11:00:00,14:30:00,210,2024-05-03,landed,2024-05-03T10:49:00,2024-05-03T14:45:00,,,,,,,,
0,HAT040,CLT,LGA,11:00:00,14:30:00,210,2024-05-04,landed,2024-05-04T10:51:00,2024-05-04T14:34:00,,,,,,,,
0,HAT040,CLT,LGA,11:00:00,14:30:00,210,2024-05-05,cancelled,,,,,,,,,,
0,HAT040,CLT,LGA,11:00:00,14:30:00,210,2024-05-06,landed,2024-05-06T11:30:00,2024-05-06T14:25:00,,,,,,,,
0,HAT040,CLT,LGA,11:00:00,14:30:00,210,2024-05-07,landed,2024-05-07T11:03:00,2024-05-07T15:18:00,,,,,,,,
0,HAT040,CLT,LGA,11:00:00,14:30:00,210,2024-05-08,landed,2024-05-08T11:19:00,2024-05-08T15:09:00,,,,,,,,
0,HAT040,CLT,LGA,11:00:00,14:30:00,210,2024-05-09,landed,2024-05-09T11:18:00,2024-05-09T14:05:00,,,,,,,,
0,HAT040,CLT,LGA,11:00:00,14:30:00,210,2024-05-10,landed,2024-05-10T11:19:00,2024-05-10T14:20:00,,,,,,,,
0,HAT040,CLT,LGA,11:00:00,14:30:00,210,2024-05-11,landed,2024-05-11T11:07:00,2024-05-11T14:52:00,,,,,,,,
0,HAT040,CLT,LGA,11:00:00,14:30:00,210,2024-05-12,landed,2024-05-12T11:21:00,2024-05-12T14:09:00,,,,,,,,
0,HAT040,CLT,LGA,11:00:00,14:30:00,210,2024-05-13,landed,2024-05-13T11:05:00,2024-05-13T15:03:00,,,,,,,,
0,HAT040,CLT,LGA,11:00:00,14:30:00,210,2024-05-14,landed,2024-05-14T11:23:00,2024-05-14T15:08:00,,,,,,,,
0,HAT040,CLT,LGA,11:00:00,14:30:00,210,2024-05-15,landed,2024-05-15T10:43:00,2024-05-15T14:26:00,,,,,,,,
0,HAT040,CLT,LGA,11:00:00,14:30:00,210,2024-05-16,available,,,,,14.0,2.0,0.0,99.0,173.0,498.0
0,HAT040,CLT,LGA,11:00:00,14:30:00,210,2024-05-17,available,,,,,9.0,13.0,1.0,90.0,149.0,251.0
0,HAT040,CLT,LGA,11:00:00,14:30:00,210,2024-05-18,available,,,,,15.0,5.0,13.0,93.0,176.0,465.0
0,HAT040,CLT,LGA,11:00:00,14:30:00,210,2024-05-19,available,,,,,4.0,12.0,15.0,56.0,132.0,408.0
0,HAT040,CLT,LGA,11:00:00,14:30:00,210,2024-05-20,available,,,,,15.0,0.0,7.0,82.0,137.0,392.0
0,HAT040,CLT,LGA,11:00:00,14:30:00,210,2024-05-21,available,,,,,5.0,1.0,15.0,63.0,178.0,309.0
0,HAT040,CLT,LGA,11:00:00,14:30:00,210,2024-05-22,available,,,,,8.0,11.0,11.0,53.0,153.0,247.0
0,HAT040,CLT,LGA,11:00:00,14:30:00,210,2024-05-23,available,,,,,11.0,11.0,18.0,96.0,105.0,380.0
0,HAT040,CLT,LGA,11:00:00,14:30:00,210,2024-05-24,available,,,,,1.0,5.0,8.0,98.0,195.0,377.0
0,HAT040,CLT,LGA,11:00:00,14:30:00,210,2024-05-25,available,,,,,1.0,13.0,12.0,65.0,149.0,234.0
0,HAT040,CLT,LGA,11:00:00,14:30:00,210,2024-05-26,available,,,,,18.0,12.0,14.0,95.0,102.0,441.0
0,HAT040,CLT,LGA,11:00:00,14:30:00,210,2024-05-27,available,,,,,19.0,11.0,15.0,79.0,109.0,458.0
0,HAT040,CLT,LGA,11:00:00,14:30:00,210,2024-05-28,available,,,,,19.0,3.0,6.0,63.0,155.0,419.0
0,HAT040,CLT,LGA,11:00:00,14:30:00,210,2024-05-29,available,,,,,14.0,4.0,5.0,50.0,128.0,257.0
0,HAT040,CLT,LGA,11:00:00,14:30:00,210,2024-05-30,available,,,,,5.0,7.0,4.0,60.0,141.0,231.0
0,HAT041,CLT,LGA,12:00:00,15:30:00,210,2024-05-01,landed,2024-05-01T12:18:00,2024-05-01T15:26:00,,,,,,,,
0,HAT041,CLT,LGA,12:00:00,15:30:00,210,2024-05-02,landed,2024-05-02T11:45:00,2024-05-02T15:48:00,,,,,,,,
0,HAT041,CLT,LGA,12:00:00,15:30:00,210,2024-05-03,landed,2024-05-03T12:28:00,2024-05-03T16:12:00,,,,,,,,
0,HAT041,CLT,LGA,12:00:00,15:30:00,210,2024-05-04,landed,2024-05-04T11:55:00,2024-05-04T15:34:00,,,,,,,,
0,HAT041,CLT,LGA,12:00:00,15:30:00,210,2024-05-05,landed,2024-05-05T12:14:00,2024-05-05T16:22:00,,,,,,,,
0,HAT041,CLT,LGA,12:00:00,15:30:00,210,2024-05-06,landed,2024-05-06T12:10:00,2024-05-06T15:13:00,,,,,,,,
0,HAT041,CLT,LGA,12:00:00,15:30:00,210,2024-05-07,landed,2024-05-07T11:40:00,2024-05-07T16:16:00,,,,,,,,
0,HAT041,CLT,LGA,12:00:00,15:30:00,210,2024-05-08,landed,2024-05-08T12:30:00,2024-05-08T15:56:00,,,,,,,,
0,HAT041,CLT,LGA,12:00:00,15:30:00,210,2024-05-09,landed,2024-05-09T12:15:00,2024-05-09T15:43:00,,,,,,,,
0,HAT041,CLT,LGA,12:00:00,15:30:00,210,2024-05-10,landed,2024-05-10T12:32:00,2024-05-10T15:06:00,,,,,,,,
0,HAT041,CLT,LGA,12:00:00,15:30:00,210,2024-05-11,landed,2024-05-11T12:03:00,2024-05-11T15:56:00,,,,,,,,
0,HAT041,CLT,LGA,12:00:00,15:30:00,210,2024-05-12,landed,2024-05-12T11:49:00,2024-05-12T16:14:00,,,,,,,,
0,HAT041,CLT,LGA,12:00:00,15:30:00,210,2024-05-13,landed,2024-05-13T12:28:00,2024-05-13T15:09:00,,,,,,,,
0,HAT041,CLT,LGA,12:00:00,15:30:00,210,2024-05-14,landed,2024-05-14T12:03:00,2024-05-14T15:43:00,,,,,,,,
0,HAT041,CLT,LGA,12:00:00,15:30:00,210,2024-05-15,flying,2024-05-15T12:16:00,,,2024-05-15T15:47:00,,,,,,
0,HAT041,CLT,LGA,12:00:00,15:30:00,210,2024-05-16,available,,,,,18.0,16.0,6.0,70.0,102.0,388.0
0,HAT041,CLT,LGA,12:00:00,15:30:00,210,2024-05-17,available,,,,,9.0,16.0,14.0,68.0,116.0,305.0
0,HAT041,CLT,LGA,12:00:00,15:30:00,210,2024-05-18,available,,,,,10.0,4.0,6.0,70.0,138.0,304.0
0,HAT041,CLT,LGA,12:00:00,15:30:00,210,2024-05-19,available,,,,,9.0,20.0,0.0,75.0,196.0,281.0
0,HAT041,CLT,LGA,12:00:00,15:30:00,210,2024-05-20,available,,,,,8.0,20.0,2.0,92.0,122.0,356.0
0,HAT041,CLT,LGA,12:00:00,15:30:00,210,2024-05-21,available,,,,,19.0,11.0,12.0,61.0,100.0,384.0
0,HAT041,CLT,LGA,12:00:00,15:30:00,210,2024-05-22,available,,,,,13.0,4.0,15.0,80.0,200.0,294.0
0,HAT041,CLT,LGA,12:00:00,15:30:00,210,2024-05-23,available,,,,,10.0,19.0,17.0,95.0,166.0,348.0
0,HAT041,CLT,LGA,12:00:00,15:30:00,210,2024-05-24,available,,,,,4.0,9.0,19.0,76.0,154.0,437.0
0,HAT041,CLT,LGA,12:00:00,15:30:00,210,2024-05-25,available,,,,,3.0,11.0,12.0,100.0,196.0,273.0
0,HAT041,CLT,LGA,12:00:00,15:30:00,210,2024-05-26,available,,,,,5.0,1.0,10.0,77.0,116.0,265.0
0,HAT041,CLT,LGA,12:00:00,15:30:00,210,2024-05-27,available,,,,,0.0,12.0,11.0,90.0,126.0,403.0
0,HAT041,CLT,LGA,12:00:00,15:30:00,210,2024-05-28,available,,,,,17.0,14.0,11.0,58.0,124.0,394.0
0,HAT041,CLT,LGA,12:00:00,15:30:00,210,2024-05-29,available,,,,,20.0,15.0,13.0,97.0,133.0,267.0
0,HAT041,CLT,LGA,12:00:00,15:30:00,210,2024-05-30,available,,,,,2.0,6.0,10.0,91.0,146.0,431.0
0,HAT042,CLT,LGA,02:00:00,05:30:00,210,2024-05-01,landed,2024-05-01T02:07:00,2024-05-01T05:16:00,,,,,,,,
0,HAT042,CLT,LGA,02:00:00,05:30:00,210,2024-05-02,landed,2024-05-02T02:13:00,2024-05-02T05:34:00,,,,,,,,
0,HAT042,CLT,LGA,02:00:00,05:30:00,210,2024-05-03,landed,2024-05-03T02:24:00,2024-05-03T05:27:00,,,,,,,,
0,HAT042,CLT,LGA,02:00:00,05:30:00,210,2024-05-04,landed,2024-05-04T02:26:00,2024-05-04T05:54:00,,,,,,,,
0,HAT042,CLT,LGA,02:00:00,05:30:00,210,2024-05-05,landed,2024-05-05T01:46:00,2024-05-05T06:01:00,,,,,,,,
0,HAT042,CLT,LGA,02:00:00,05:30:00,210,2024-05-06,cancelled,,,,,,,,,,
0,HAT042,CLT,LGA,02:00:00,05:30:00,210,2024-05-07,landed,2024-05-07T01:50:00,2024-05-07T05:51:00,,,,,,,,
0,HAT042,CLT,LGA,02:00:00,05:30:00,210,2024-05-08,cancelled,,,,,,,,,,
0,HAT042,CLT,LGA,02:00:00,05:30:00,210,2024-05-09,landed,2024-05-09T02:14:00,2024-05-09T06:18:00,,,,,,,,
0,HAT042,CLT,LGA,02:00:00,05:30:00,210,2024-05-10,landed,2024-05-10T02:40:00,2024-05-10T05:30:00,,,,,,,,
0,HAT042,CLT,LGA,02:00:00,05:30:00,210,2024-05-11,landed,2024-05-11T02:27:00,2024-05-11T05:19:00,,,,,,,,
0,HAT042,CLT,LGA,02:00:00,05:30:00,210,2024-05-12,landed,2024-05-12T02:40:00,2024-05-12T05:39:00,,,,,,,,
0,HAT042,CLT,LGA,02:00:00,05:30:00,210,2024-05-13,landed,2024-05-13T01:44:00,2024-05-13T05:57:00,,,,,,,,
0,HAT042,CLT,LGA,02:00:00,05:30:00,210,2024-05-14,landed,2024-05-14T02:13:00,2024-05-14T06:10:00,,,,,,,,
0,HAT042,CLT,LGA,02:00:00,05:30:00,210,2024-05-15,landed,2024-05-15T01:58:00,2024-05-15T05:48:00,,,,,,,,
0,HAT042,CLT,LGA,02:00:00,05:30:00,210,2024-05-16,available,,,,,1.0,13.0,6.0,61.0,101.0,200.0
0,HAT042,CLT,LGA,02:00:00,05:30:00,210,2024-05-17,available,,,,,7.0,4.0,16.0,55.0,196.0,307.0
0,HAT042,CLT,LGA,02:00:00,05:30:00,210,2024-05-18,available,,,,,16.0,17.0,18.0,63.0,117.0,374.0
0,HAT042,CLT,LGA,02:00:00,05:30:00,210,2024-05-19,available,,,,,3.0,4.0,5.0,62.0,137.0,284.0
0,HAT042,CLT,LGA,02:00:00,05:30:00,210,2024-05-20,available,,,,,3.0,13.0,5.0,58.0,104.0,273.0
0,HAT042,CLT,LGA,02:00:00,05:30:00,210,2024-05-21,available,,,,,9.0,0.0,5.0,64.0,143.0,422.0
0,HAT042,CLT,LGA,02:00:00,05:30:00,210,2024-05-22,available,,,,,8.0,19.0,20.0,72.0,170.0,322.0
0,HAT042,CLT,LGA,02:00:00,05:30:00,210,2024-05-23,available,,,,,8.0,6.0,7.0,52.0,139.0,333.0
0,HAT042,CLT,LGA,02:00:00,05:30:00,210,2024-05-24,available,,,,,19.0,8.0,12.0,53.0,103.0,448.0
0,HAT042,CLT,LGA,02:00:00,05:30:00,210,2024-05-25,available,,,,,13.0,0.0,9.0,99.0,189.0,452.0
0,HAT042,CLT,LGA,02:00:00,05:30:00,210,2024-05-26,available,,,,,0.0,7.0,1.0,77.0,121.0,378.0
0,HAT042,CLT,LGA,02:00:00,05:30:00,210,2024-05-27,available,,,,,3.0,10.0,13.0,82.0,135.0,338.0
0,HAT042,CLT,LGA,02:00:00,05:30:00,210,2024-05-28,available,,,,,11.0,4.0,1.0,64.0,189.0,234.0
0,HAT042,CLT,LGA,02:00:00,05:30:00,210,2024-05-29,available,,,,,12.0,1.0,14.0,56.0,160.0,237.0
0,HAT042,CLT,LGA,02:00:00,05:30:00,210,2024-05-30,available,,,,,8.0,2.0,12.0,89.0,109.0,418.0
0,HAT043,BOS,PHL,04:00:00,07:30:00,210,2024-05-01,landed,2024-05-01T04:23:00,2024-05-01T07:26:00,,,,,,,,
0,HAT043,BOS,PHL,04:00:00,07:30:00,210,2024-05-02,landed,2024-05-02T04:34:00,2024-05-02T07:08:00,,,,,,,,
0,HAT043,BOS,PHL,04:00:00,07:30:00,210,2024-05-03,landed,2024-05-03T04:22:00,2024-05-03T07:55:00,,,,,,,,
0,HAT043,BOS,PHL,04:00:00,07:30:00,210,2024-05-04,landed,2024-05-04T04:21:00,2024-05-04T08:11:00,,,,,,,,
0,HAT043,BOS,PHL,04:00:00,07:30:00,210,2024-05-05,cancelled,,,,,,,,,,
0,HAT043,BOS,PHL,04:00:00,07:30:00,210,2024-05-06,landed,2024-05-06T04:15:00,2024-05-06T07:22:00,,,,,,,,
0,HAT043,BOS,PHL,04:00:00,07:30:00,210,2024-05-07,landed,2024-05-07T03:49:00,2024-05-07T07:09:00,,,,,,,,
0,HAT043,BOS,PHL,04:00:00,07:30:00,210,2024-05-08,landed,2024-05-08T04:30:00,2024-05-08T07:35:00,,,,,,,,
0,HAT043,BOS,PHL,04:00:00,07:30:00,210,2024-05-09,landed,2024-05-09T04:25:00,2024-05-09T07:43:00,,,,,,,,
0,HAT043,BOS,PHL,04:00:00,07:30:00,210,2024-05-10,cancelled,,,,,,,,,,
0,HAT043,BOS,PHL,04:00:00,07:30:00,210,2024-05-11,landed,2024-05-11T04:21:00,2024-05-11T08:23:00,,,,,,,,
0,HAT043,BOS,PHL,04:00:00,07:30:00,210,2024-05-12,landed,2024-05-12T04:39:00,2024-05-12T07:06:00,,,,,,,,
0,HAT043,BOS,PHL,04:00:00,07:30:00,210,2024-05-13,cancelled,,,,,,,,,,
0,HAT043,BOS,PHL,04:00:00,07:30:00,210,2024-05-14,landed,2024-05-14T03:49:00,2024-05-14T08:18:00,,,,,,,,
0,HAT043,BOS,PHL,04:00:00,07:30:00,210,2024-05-15,landed,2024-05-15T04:20:00,2024-05-15T07:16:00,,,,,,,,
0,HAT043,BOS,PHL,04:00:00,07:30:00,210,2024-05-16,available,,,,,19.0,12.0,6.0,62.0,140.0,255.0
0,HAT043,BOS,PHL,04:00:00,07:30:00,210,2024-05-17,available,,,,,6.0,0.0,11.0,58.0,115.0,213.0
0,HAT043,BOS,PHL,04:00:00,07:30:00,210,2024-05-18,available,,,,,19.0,6.0,6.0,53.0,176.0,224.0
0,HAT043,BOS,PHL,04:00:00,07:30:00,210,2024-05-19,available,,,,,0.0,16.0,9.0,87.0,172.0,273.0
0,HAT043,BOS,PHL,04:00:00,07:30:00,210,2024-05-20,available,,,,,11.0,17.0,11.0,67.0,188.0,468.0
0,HAT043,BOS,PHL,04:00:00,07:30:00,210,2024-05-21,available,,,,,6.0,16.0,8.0,62.0,179.0,488.0
0,HAT043,BOS,PHL,04:00:00,07:30:00,210,2024-05-22,available,,,,,11.0,2.0,11.0,77.0,109.0,461.0
0,HAT043,BOS,PHL,04:00:00,07:30:00,210,2024-05-23,available,,,,,2.0,8.0,11.0,91.0,150.0,378.0
0,HAT043,BOS,PHL,04:00:00,07:30:00,210,2024-05-24,available,,,,,17.0,5.0,8.0,75.0,173.0,402.0
0,HAT043,BOS,PHL,04:00:00,07:30:00,210,2024-05-25,available,,,,,7.0,5.0,13.0,70.0,179.0,240.0
0,HAT043,BOS,PHL,04:00:00,07:30:00,210,2024-05-26,available,,,,,0.0,4.0,8.0,84.0,146.0,367.0
0,HAT043,BOS,PHL,04:00:00,07:30:00,210,2024-05-27,available,,,,,8.0,6.0,16.0,83.0,148.0,454.0
0,HAT043,BOS,PHL,04:00:00,07:30:00,210,2024-05-28,available,,,,,16.0,16.0,7.0,63.0,104.0,423.0
0,HAT043,BOS,PHL,04:00:00,07:30:00,210,2024-05-29,available,,,,,12.0,13.0,10.0,96.0,103.0,419.0
0,HAT043,BOS,PHL,04:00:00,07:30:00,210,2024-05-30,available,,,,,15.0,2.0,11.0,67.0,188.0,340.0
0,HAT044,BOS,PHL,19:00:00,22:30:00,210,2024-05-01,landed,2024-05-01T19:24:00,2024-05-01T23:24:00,,,,,,,,
0,HAT044,BOS,PHL,19:00:00,22:30:00,210,2024-05-02,landed,2024-05-02T19:12:00,2024-05-02T22:38:00,,,,,,,,
0,HAT044,BOS,PHL,19:00:00,22:30:00,210,2024-05-03,landed,2024-05-03T19:10:00,2024-05-03T22:40:00,,,,,,,,
0,HAT044,BOS,PHL,19:00:00,22:30:00,210,2024-05-04,landed,2024-05-04T18:55:00,2024-05-04T23:00:00,,,,,,,,
0,HAT044,BOS,PHL,19:00:00,22:30:00,210,2024-05-05,landed,2024-05-05T19:29:00,2024-05-05T22:17:00,,,,,,,,
0,HAT044,BOS,PHL,19:00:00,22:30:00,210,2024-05-06,landed,2024-05-06T19:26:00,2024-05-06T22:26:00,,,,,,,,
0,HAT044,BOS,PHL,19:00:00,22:30:00,210,2024-05-07,landed,2024-05-07T18:54:00,2024-05-07T23:25:00,,,,,,,,
0,HAT044,BOS,PHL,19:00:00,22:30:00,210,2024-05-08,landed,2024-05-08T19:20:00,2024-05-08T22:05:00,,,,,,,,
0,HAT044,BOS,PHL,19:00:00,22:30:00,210,2024-05-09,landed,2024-05-09T18:45:00,2024-05-09T22:25:00,,,,,,,,
0,HAT044,BOS,PHL,19:00:00,22:30:00,210,2024-05-10,landed,2024-05-10T18:51:00,2024-05-10T23:06:00,,,,,,,,
0,HAT044,BOS,PHL,19:00:00,22:30:00,210,2024-05-11,landed,2024-05-11T19:24:00,2024-05-11T22:51:00,,,,,,,,
0,HAT044,BOS,PHL,19:00:00,22:30:00,210,2024-05-12,landed,2024-05-12T19:31:00,2024-05-12T22:12:00,,,,,,,,
0,HAT044,BOS,PHL,19:00:00,22:30:00,210,2024-05-13,landed,2024-05-13T19:31:00,2024-05-13T23:15:00,,,,,,,,
0,HAT044,BOS,PHL,19:00:00,22:30:00,210,2024-05-14,landed,2024-05-14T19:33:00,2024-05-14T22:50:00,,,,,,,,
0,HAT044,BOS,PHL,19:00:00,22:30:00,210,2024-05-15,delayed,,,2024-05-15T21:45:00,2024-05-16T02:03:00,,,,,,
0,HAT044,BOS,PHL,19:00:00,22:30:00,210,2024-05-16,available,,,,,2.0,4.0,5.0,75.0,161.0,490.0
0,HAT044,BOS,PHL,19:00:00,22:30:00,210,2024-05-17,available,,,,,7.0,9.0,12.0,89.0,157.0,321.0
0,HAT044,BOS,PHL,19:00:00,22:30:00,210,2024-05-18,available,,,,,16.0,5.0,16.0,85.0,155.0,461.0
0,HAT044,BOS,PHL,19:00:00,22:30:00,210,2024-05-19,available,,,,,1.0,9.0,3.0,51.0,111.0,202.0
0,HAT044,BOS,PHL,19:00:00,22:30:00,210,2024-05-20,available,,,,,19.0,0.0,2.0,78.0,108.0,434.0
0,HAT044,BOS,PHL,19:00:00,22:30:00,210,2024-05-21,available,,,,,6.0,12.0,18.0,77.0,157.0,285.0
0,HAT044,BOS,PHL,19:00:00,22:30:00,210,2024-05-22,available,,,,,4.0,15.0,6.0,73.0,200.0,340.0
0,HAT044,BOS,PHL,19:00:00,22:30:00,210,2024-05-23,available,,,,,15.0,19.0,7.0,90.0,160.0,338.0
0,HAT044,BOS,PHL,19:00:00,22:30:00,210,2024-05-24,available,,,,,6.0,0.0,15.0,57.0,186.0,312.0
0,HAT044,BOS,PHL,19:00:00,22:30:00,210,2024-05-25,available,,,,,11.0,19.0,13.0,58.0,111.0,444.0
0,HAT044,BOS,PHL,19:00:00,22:30:00,210,2024-05-26,available,,,,,18.0,9.0,19.0,95.0,159.0,218.0
0,HAT044,BOS,PHL,19:00:00,22:30:00,210,2024-05-27,available,,,,,15.0,14.0,0.0,98.0,197.0,356.0
0,HAT044,BOS,PHL,19:00:00,22:30:00,210,2024-05-28,available,,,,,20.0,20.0,13.0,75.0,129.0,226.0
0,HAT044,BOS,PHL,19:00:00,22:30:00,210,2024-05-29,available,,,,,10.0,5.0,19.0,51.0,200.0,335.0
0,HAT044,BOS,PHL,19:00:00,22:30:00,210,2024-05-30,available,,,,,6.0,8.0,11.0,83.0,142.0,268.0
0,HAT045,DFW,BOS,00:00:00,02:00:00,120,2024-05-01,landed,2024-05-01T00:33:00,2024-05-01T01:59:00,,,,,,,,
0,HAT045,DFW,BOS,00:00:00,02:00:00,120,2024-05-02,landed,2024-05-02T00:12:00,2024-05-02T02:30:00,,,,,,,,
0,HAT045,DFW,BOS,00:00:00,02:00:00,120,2024-05-03,landed,2024-05-03T00:00:00,2024-05-03T01:46:00,,,,,,,,
0,HAT045,DFW,BOS,00:00:00,02:00:00,120,2024-05-04,landed,2024-05-04T00:00:00,2024-05-04T02:52:00,,,,,,,,
0,HAT045,DFW,BOS,00:00:00,02:00:00,120,2024-05-05,landed,2024-05-05T00:13:00,2024-05-05T01:37:00,,,,,,,,
0,HAT045,DFW,BOS,00:00:00,02:00:00,120,2024-05-06,landed,2024-05-06T00:00:00,2024-05-06T01:48:00,,,,,,,,
0,HAT045,DFW,BOS,00:00:00,02:00:00,120,2024-05-07,landed,2024-05-07T00:00:00,2024-05-07T01:39:00,,,,,,,,
0,HAT045,DFW,BOS,00:00:00,02:00:00,120,2024-05-08,landed,2024-05-08T00:09:00,2024-05-08T02:53:00,,,,,,,,
0,HAT045,DFW,BOS,00:00:00,02:00:00,120,2024-05-09,landed,2024-05-09T00:00:00,2024-05-09T02:17:00,,,,,,,,
0,HAT045,DFW,BOS,00:00:00,02:00:00,120,2024-05-10,landed,2024-05-10T00:00:00,2024-05-10T02:21:00,,,,,,,,
0,HAT045,DFW,BOS,00:00:00,02:00:00,120,2024-05-11,landed,2024-05-11T00:28:00,2024-05-11T02:24:00,,,,,,,,
0,HAT045,DFW,BOS,00:00:00,02:00:00,120,2024-05-12,landed,2024-05-12T00:00:00,2024-05-12T02:02:00,,,,,,,,
0,HAT045,DFW,BOS,00:00:00,02:00:00,120,2024-05-13,landed,2024-05-13T00:33:00,2024-05-13T02:11:00,,,,,,,,
0,HAT045,DFW,BOS,00:00:00,02:00:00,120,2024-05-14,landed,2024-05-14T00:37:00,2024-05-14T01:56:00,,,,,,,,
0,HAT045,DFW,BOS,00:00:00,02:00:00,120,2024-05-15,landed,2024-05-15T00:00:00,2024-05-15T02:46:00,,,,,,,,
0,HAT045,DFW,BOS,00:00:00,02:00:00,120,2024-05-16,available,,,,,13.0,4.0,7.0,94.0,118.0,309.0
0,HAT045,DFW,BOS,00:00:00,02:00:00,120,2024-05-17,available,,,,,13.0,0.0,3.0,79.0,195.0,298.0
0,HAT045,DFW,BOS,00:00:00,02:00:00,120,2024-05-18,available,,,,,7.0,19.0,6.0,85.0,118.0,354.0
0,HAT045,DFW,BOS,00:00:00,02:00:00,120,2024-05-19,available,,,,,10.0,5.0,7.0,86.0,156.0,267.0
0,HAT045,DFW,BOS,00:00:00,02:00:00,120,2024-05-20,available,,,,,8.0,4.0,18.0,90.0,189.0,402.0
0,HAT045,DFW,BOS,00:00:00,02:00:00,120,2024-05-21,available,,,,,12.0,16.0,6.0,83.0,130.0,297.0
0,HAT045,DFW,BOS,00:00:00,02:00:00,120,2024-05-22,available,,,,,9.0,12.0,1.0,50.0,187.0,468.0
0,HAT045,DFW,BOS,00:00:00,02:00:00,120,2024-05-23,available,,,,,14.0,15.0,9.0,58.0,189.0,215.0
0,HAT045,DFW,BOS,00:00:00,02:00:00,120,2024-05-24,available,,,,,3.0,18.0,19.0,73.0,155.0,444.0
0,HAT045,DFW,BOS,00:00:00,02:00:00,120,2024-05-25,available,,,,,17.0,10.0,8.0,90.0,198.0,497.0
0,HAT045,DFW,BOS,00:00:00,02:00:00,120,2024-05-26,available,,,,,16.0,6.0,6.0,65.0,151.0,450.0
0,HAT045,DFW,BOS,00:00:00,02:00:00,120,2024-05-27,available,,,,,14.0,18.0,11.0,55.0,129.0,448.0
0,HAT045,DFW,BOS,00:00:00,02:00:00,120,2024-05-28,available,,,,,4.0,2.0,2.0,93.0,193.0,301.0
0,HAT045,DFW,BOS,00:00:00,02:00:00,120,2024-05-29,available,,,,,3.0,4.0,0.0,77.0,138.0,455.0
0,HAT045,DFW,BOS,00:00:00,02:00:00,120,2024-05-30,available,,,,,8.0,3.0,20.0,54.0,179.0,384.0
0,HAT046,DFW,BOS,15:00:00,17:00:00,120,2024-05-01,cancelled,,,,,,,,,,
0,HAT046,DFW,BOS,15:00:00,17:00:00,120,2024-05-02,landed,2024-05-02T15:29:00,2024-05-02T17:44:00,,,,,,,,
0,HAT046,DFW,BOS,15:00:00,17:00:00,120,2024-05-03,landed,2024-05-03T15:11:00,2024-05-03T17:23:00,,,,,,,,
0,HAT046,DFW,BOS,15:00:00,17:00:00,120,2024-05-04,landed,2024-05-04T15:32:00,2024-05-04T16:59:00,,,,,,,,
0,HAT046,DFW,BOS,15:00:00,17:00:00,120,2024-05-05,landed,2024-05-05T15:37:00,2024-05-05T16:49:00,,,,,,,,
0,HAT046,DFW,BOS,15:00:00,17:00:00,120,2024-05-06,landed,2024-05-06T14:56:00,2024-05-06T17:41:00,,,,,,,,
0,HAT046,DFW,BOS,15:00:00,17:00:00,120,2024-05-07,cancelled,,,,,,,,,,
0,HAT046,DFW,BOS,15:00:00,17:00:00,120,2024-05-08,landed,2024-05-08T14:56:00,2024-05-08T17:50:00,,,,,,,,
0,HAT046,DFW,BOS,15:00:00,17:00:00,120,2024-05-09,landed,2024-05-09T15:24:00,2024-05-09T16:51:00,,,,,,,,
0,HAT046,DFW,BOS,15:00:00,17:00:00,120,2024-05-10,landed,2024-05-10T15:27:00,2024-05-10T17:15:00,,,,,,,,
0,HAT046,DFW,BOS,15:00:00,17:00:00,120,2024-05-11,landed,2024-05-11T15:21:00,2024-05-11T17:12:00,,,,,,,,
0,HAT046,DFW,BOS,15:00:00,17:00:00,120,2024-05-12,landed,2024-05-12T15:32:00,2024-05-12T16:36:00,,,,,,,,
0,HAT046,DFW,BOS,15:00:00,17:00:00,120,2024-05-13,landed,2024-05-13T15:27:00,2024-05-13T17:45:00,,,,,,,,
0,HAT046,DFW,BOS,15:00:00,17:00:00,120,2024-05-14,landed,2024-05-14T15:31:00,2024-05-14T17:26:00,,,,,,,,
0,HAT046,DFW,BOS,15:00:00,17:00:00,120,2024-05-15,flying,2024-05-15T14:21:00,,,2024-05-15T17:13:00,,,,,,
0,HAT046,DFW,BOS,15:00:00,17:00:00,120,2024-05-16,available,,,,,20.0,18.0,14.0,61.0,183.0,339.0
0,HAT046,DFW,BOS,15:00:00,17:00:00,120,2024-05-17,available,,,,,4.0,12.0,19.0,60.0,162.0,364.0
0,HAT046,DFW,BOS,15:00:00,17:00:00,120,2024-05-18,available,,,,,0.0,10.0,19.0,68.0,183.0,379.0
0,HAT046,DFW,BOS,15:00:00,17:00:00,120,2024-05-19,available,,,,,18.0,20.0,4.0,98.0,174.0,472.0
0,HAT046,DFW,BOS,15:00:00,17:00:00,120,2024-05-20,available,,,,,2.0,17.0,7.0,89.0,196.0,438.0
0,HAT046,DFW,BOS,15:00:00,17:00:00,120,2024-05-21,available,,,,,4.0,9.0,9.0,59.0,196.0,247.0
0,HAT046,DFW,BOS,15:00:00,17:00:00,120,2024-05-22,available,,,,,13.0,1.0,10.0,59.0,181.0,279.0
0,HAT046,DFW,BOS,15:00:00,17:00:00,120,2024-05-23,available,,,,,15.0,6.0,19.0,80.0,109.0,286.0
0,HAT046,DFW,BOS,15:00:00,17:00:00,120,2024-05-24,available,,,,,13.0,13.0,11.0,72.0,188.0,215.0
0,HAT046,DFW,BOS,15:00:00,17:00:00,120,2024-05-25,available,,,,,8.0,13.0,2.0,62.0,137.0,452.0
0,HAT046,DFW,BOS,15:00:00,17:00:00,120,2024-05-26,available,,,,,4.0,5.0,16.0,68.0,171.0,397.0
0,HAT046,DFW,BOS,15:00:00,17:00:00,120,2024-05-27,available,,,,,18.0,1.0,12.0,63.0,134.0,484.0
0,HAT046,DFW,BOS,15:00:00,17:00:00,120,2024-05-28,available,,,,,12.0,8.0,16.0,56.0,186.0,328.0
0,HAT046,DFW,BOS,15:00:00,17:00:00,120,2024-05-29,available,,,,,20.0,12.0,6.0,66.0,190.0,325.0
0,HAT046,DFW,BOS,15:00:00,17:00:00,120,2024-05-30,available,,,,,2.0,20.0,20.0,71.0,190.0,480.0
0,HAT047,DFW,BOS,05:00:00,07:00:00,120,2024-05-01,landed,2024-05-01T05:31:00,2024-05-01T07:01:00,,,,,,,,
0,HAT047,DFW,BOS,05:00:00,07:00:00,120,2024-05-02,landed,2024-05-02T05:11:00,2024-05-02T06:39:00,,,,,,,,
0,HAT047,DFW,BOS,05:00:00,07:00:00,120,2024-05-03,landed,2024-05-03T04:58:00,2024-05-03T07:23:00,,,,,,,,
0,HAT047,DFW,BOS,05:00:00,07:00:00,120,2024-05-04,landed,2024-05-04T05:34:00,2024-05-04T06:50:00,,,,,,,,
0,HAT047,DFW,BOS,05:00:00,07:00:00,120,2024-05-05,cancelled,,,,,,,,,,
0,HAT047,DFW,BOS,05:00:00,07:00:00,120,2024-05-06,landed,2024-05-06T05:25:00,2024-05-06T07:08:00,,,,,,,,
0,HAT047,DFW,BOS,05:00:00,07:00:00,120,2024-05-07,landed,2024-05-07T04:50:00,2024-05-07T07:35:00,,,,,,,,
0,HAT047,DFW,BOS,05:00:00,07:00:00,120,2024-05-08,landed,2024-05-08T04:47:00,2024-05-08T07:32:00,,,,,,,,
0,HAT047,DFW,BOS,05:00:00,07:00:00,120,2024-05-09,landed,2024-05-09T05:15:00,2024-05-09T07:37:00,,,,,,,,
0,HAT047,DFW,BOS,05:00:00,07:00:00,120,2024-05-10,landed,2024-05-10T04:40:00,2024-05-10T07:34:00,,,,,,,,
0,HAT047,DFW,BOS,05:00:00,07:00:00,120,2024-05-11,landed,2024-05-11T04:45:00,2024-05-11T07:07:00,,,,,,,,
0,HAT047,DFW,BOS,05:00:00,07:00:00,120,2024-05-12,landed,2024-05-12T04:47:00,2024-05-12T07:26:00,,,,,,,,
0,HAT047,DFW,BOS,05:00:00,07:00:00,120,2024-05-13,cancelled,,,,,,,,,,
0,HAT047,DFW,BOS,05:00:00,07:00:00,120,2024-05-14,landed,2024-05-14T05:07:00,2024-05-14T07:51:00,,,,,,,,
0,HAT047,DFW,BOS,05:00:00,07:00:00,120,2024-05-15,landed,2024-05-15T05:28:00,2024-05-15T06:58:00,,,,,,,,
0,HAT047,DFW,BOS,05:00:00,07:00:00,120,2024-05-16,available,,,,,19.0,7.0,17.0,98.0,113.0,314.0
0,HAT047,DFW,BOS,05:00:00,07:00:00,120,2024-05-17,available,,,,,12.0,13.0,15.0,100.0,162.0,453.0
0,HAT047,DFW,BOS,05:00:00,07:00:00,120,2024-05-18,available,,,,,6.0,9.0,5.0,84.0,154.0,473.0
0,HAT047,DFW,BOS,05:00:00,07:00:00,120,2024-05-19,available,,,,,18.0,9.0,15.0,72.0,190.0,381.0
0,HAT047,DFW,BOS,05:00:00,07:00:00,120,2024-05-20,available,,,,,0.0,8.0,1.0,53.0,184.0,470.0
0,HAT047,DFW,BOS,05:00:00,07:00:00,120,2024-05-21,available,,,,,2.0,12.0,9.0,92.0,126.0,425.0
0,HAT047,DFW,BOS,05:00:00,07:00:00,120,2024-05-22,available,,,,,19.0,17.0,8.0,84.0,190.0,212.0
0,HAT047,DFW,BOS,05:00:00,07:00:00,120,2024-05-23,available,,,,,8.0,20.0,3.0,78.0,163.0,355.0
0,HAT047,DFW,BOS,05:00:00,07:00:00,120,2024-05-24,available,,,,,10.0,16.0,13.0,75.0,147.0,484.0
0,HAT047,DFW,BOS,05:00:00,07:00:00,120,2024-05-25,available,,,,,0.0,17.0,15.0,60.0,105.0,452.0
0,HAT047,DFW,BOS,05:00:00,07:00:00,120,2024-05-26,available,,,,,14.0,5.0,9.0,59.0,155.0,402.0
0,HAT047,DFW,BOS,05:00:00,07:00:00,120,2024-05-27,available,,,,,0.0,5.0,2.0,67.0,167.0,369.0
0,HAT047,DFW,BOS,05:00:00,07:00:00,120,2024-05-28,available,,,,,14.0,10.0,8.0,54.0,109.0,418.0
0,HAT047,DFW,BOS,05:00:00,07:00:00,120,2024-05-29,available,,,,,11.0,0.0,0.0,74.0,118.0,431.0
0,HAT047,DFW,BOS,05:00:00,07:00:00,120,2024-05-30,available,,,,,1.0,1.0,12.0,87.0,195.0,231.0
0,HAT048,DFW,BOS,21:00:00,23:00:00,120,2024-05-01,landed,2024-05-01T20:41:00,2024-05-01T22:39:00,,,,,,,,
0,HAT048,DFW,BOS,21:00:00,23:00:00,120,2024-05-02,landed,2024-05-02T20:54:00,2024-05-02T23:10:00,,,,,,,,
0,HAT048,DFW,BOS,21:00:00,23:00:00,120,2024-05-03,landed,2024-05-03T21:25:00,2024-05-03T22:59:00,,,,,,,,
0,HAT048,DFW,BOS,21:00:00,23:00:00,120,2024-05-04,landed,2024-05-04T21:32:00,2024-05-04T23:48:00,,,,,,,,
0,HAT048,DFW,BOS,21:00:00,23:00:00,120,2024-05-05,cancelled,,,,,,,,,,
0,HAT048,DFW,BOS,21:00:00,23:00:00,120,2024-05-06,cancelled,,,,,,,,,,
0,HAT048,DFW,BOS,21:00:00,23:00:00,120,2024-05-07,cancelled,,,,,,,,,,
0,HAT048,DFW,BOS,21:00:00,23:00:00,120,2024-05-08,landed,2024-05-08T21:28:00,2024-05-08T22:39:00,,,,,,,,
0,HAT048,DFW,BOS,21:00:00,23:00:00,120,2024-05-09,landed,2024-05-09T20:51:00,2024-05-09T23:00:00,,,,,,,,
0,HAT048,DFW,BOS,21:00:00,23:00:00,120,2024-05-10,landed,2024-05-10T21:18:00,2024-05-10T23:54:00,,,,,,,,
0,HAT048,DFW,BOS,21:00:00,23:00:00,120,2024-05-11,landed,2024-05-11T20:46:00,2024-05-11T22:42:00,,,,,,,,
0,HAT048,DFW,BOS,21:00:00,23:00:00,120,2024-05-12,landed,2024-05-12T21:07:00,2024-05-12T23:02:00,,,,,,,,
0,HAT048,DFW,BOS,21:00:00,23:00:00,120,2024-05-13,cancelled,,,,,,,,,,
0,HAT048,DFW,BOS,21:00:00,23:00:00,120,2024-05-14,landed,2024-05-14T21:21:00,2024-05-14T23:00:00,,,,,,,,
0,HAT048,DFW,BOS,21:00:00,23:00:00,120,2024-05-15,on time,,,2024-05-15T20:47:00,2024-05-15T22:39:00,,,,,,
0,HAT048,DFW,BOS,21:00:00,23:00:00,120,2024-05-16,available,,,,,1.0,8.0,10.0,82.0,169.0,244.0
0,HAT048,DFW,BOS,21:00:00,23:00:00,120,2024-05-17,available,,,,,3.0,1.0,16.0,98.0,177.0,304.0
0,HAT048,DFW,BOS,21:00:00,23:00:00,120,2024-05-18,available,,,,,19.0,17.0,3.0,76.0,117.0,366.0
0,HAT048,DFW,BOS,21:00:00,23:00:00,120,2024-05-19,available,,,,,2.0,0.0,8.0,52.0,194.0,399.0
0,HAT048,DFW,BOS,21:00:00,23:00:00,120,2024-05-20,available,,,,,17.0,4.0,3.0,73.0,151.0,370.0
0,HAT048,DFW,BOS,21:00:00,23:00:00,120,2024-05-21,available,,,,,8.0,0.0,12.0,84.0,158.0,347.0
0,HAT048,DFW,BOS,21:00:00,23:00:00,120,2024-05-22,available,,,,,4.0,13.0,18.0,81.0,149.0,474.0
0,HAT048,DFW,BOS,21:00:00,23:00:00,120,2024-05-23,available,,,,,7.0,11.0,12.0,59.0,134.0,481.0
0,HAT048,DFW,BOS,21:00:00,23:00:00,120,2024-05-24,available,,,,,0.0,11.0,12.0,91.0,177.0,442.0
0,HAT048,DFW,BOS,21:00:00,23:00:00,120,2024-05-25,available,,,,,15.0,12.0,2.0,68.0,158.0,274.0
0,HAT048,DFW,BOS,21:00:00,23:00:00,120,2024-05-26,available,,,,,8.0,0.0,16.0,91.0,188.0,226.0
0,HAT048,DFW,BOS,21:00:00,23:00:00,120,2024-05-27,available,,,,,3.0,11.0,14.0,52.0,199.0,284.0
0,HAT048,DFW,BOS,21:00:00,23:00:00,120,2024-05-28,available,,,,,14.0,1.0,11.0,95.0,170.0,271.0
0,HAT048,DFW,BOS,21:00:00,23:00:00,120,2024-05-29,available,,,,,19.0,7.0,0.0,57.0,123.0,299.0
0,HAT048,DFW,BOS,21:00:00,23:00:00,120,2024-05-30,available,,,,,1.0,16.0,2.0,58.0,135.0,468.0
0,HAT049,DFW,BOS,04:00:00,06:00:00,120,2024-05-01,landed,2024-05-01T04:27:00,2024-05-01T06:06:00,,,,,,,,
0,HAT049,DFW,BOS,04:00:00,06:00:00,120,2024-05-02,cancelled,,,,,,,,,,
0,HAT049,DFW,BOS,04:00:00,06:00:00,120,2024-05-03,landed,2024-05-03T04:35:00,2024-05-03T06:39:00,,,,,,,,
0,HAT049,DFW,BOS,04:00:00,06:00:00,120,2024-05-04,cancelled,,,,,,,,,,
0,HAT049,DFW,BOS,04:00:00,06:00:00,120,2024-05-05,landed,2024-05-05T04:14:00,2024-05-05T05:39:00,,,,,,,,
0,HAT049,DFW,BOS,04:00:00,06:00:00,120,2024-05-06,landed,2024-05-06T03:58:00,2024-05-06T06:55:00,,,,,,,,
0,HAT049,DFW,BOS,04:00:00,06:00:00,120,2024-05-07,landed,2024-05-07T04:03:00,2024-05-07T06:23:00,,,,,,,,
0,HAT049,DFW,BOS,04:00:00,06:00:00,120,2024-05-08,landed,2024-05-08T04:30:00,2024-05-08T06:36:00,,,,,,,,
0,HAT049,DFW,BOS,04:00:00,06:00:00,120,2024-05-09,landed,2024-05-09T03:44:00,2024-05-09T05:45:00,,,,,,,,
0,HAT049,DFW,BOS,04:00:00,06:00:00,120,2024-05-10,landed,2024-05-10T03:53:00,2024-05-10T05:45:00,,,,,,,,
0,HAT049,DFW,BOS,04:00:00,06:00:00,120,2024-05-11,cancelled,,,,,,,,,,
0,HAT049,DFW,BOS,04:00:00,06:00:00,120,2024-05-12,landed,2024-05-12T03:42:00,2024-05-12T05:53:00,,,,,,,,
0,HAT049,DFW,BOS,04:00:00,06:00:00,120,2024-05-13,landed,2024-05-13T03:41:00,2024-05-13T06:55:00,,,,,,,,
0,HAT049,DFW,BOS,04:00:00,06:00:00,120,2024-05-14,cancelled,,,,,,,,,,
0,HAT049,DFW,BOS,04:00:00,06:00:00,120,2024-05-15,landed,2024-05-15T04:26:00,2024-05-15T06:00:00,,,,,,,,
0,HAT049,DFW,BOS,04:00:00,06:00:00,120,2024-05-16,available,,,,,7.0,17.0,14.0,96.0,143.0,273.0
0,HAT049,DFW,BOS,04:00:00,06:00:00,120,2024-05-17,available,,,,,2.0,5.0,16.0,68.0,149.0,205.0
0,HAT049,DFW,BOS,04:00:00,06:00:00,120,2024-05-18,available,,,,,2.0,11.0,0.0,78.0,175.0,435.0
0,HAT049,DFW,BOS,04:00:00,06:00:00,120,2024-05-19,available,,,,,15.0,20.0,20.0,68.0,194.0,487.0
0,HAT049,DFW,BOS,04:00:00,06:00:00,120,2024-05-20,available,,,,,13.0,18.0,18.0,56.0,167.0,473.0
0,HAT049,DFW,BOS,04:00:00,06:00:00,120,2024-05-21,available,,,,,9.0,1.0,0.0,74.0,153.0,365.0
0,HAT049,DFW,BOS,04:00:00,06:00:00,120,2024-05-22,available,,,,,19.0,14.0,7.0,74.0,100.0,455.0
0,HAT049,DFW,BOS,04:00:00,06:00:00,120,2024-05-23,available,,,,,18.0,20.0,0.0,72.0,168.0,297.0
0,HAT049,DFW,BOS,04:00:00,06:00:00,120,2024-05-24,available,,,,,9.0,7.0,5.0,87.0,164.0,243.0
0,HAT049,DFW,BOS,04:00:00,06:00:00,120,2024-05-25,available,,,,,9.0,7.0,11.0,82.0,152.0,217.0
0,HAT049,DFW,BOS,04:00:00,06:00:00,120,2024-05-26,available,,,,,15.0,9.0,20.0,72.0,159.0,449.0
0,HAT049,DFW,BOS,04:00:00,06:00:00,120,2024-05-27,available,,,,,16.0,5.0,12.0,73.0,113.0,382.0
0,HAT049,DFW,BOS,04:00:00,06:00:00,120,2024-05-28,available,,,,,6.0,17.0,11.0,57.0,157.0,466.0
0,HAT049,DFW,BOS,04:00:00,06:00:00,120,2024-05-29,available,,,,,16.0,15.0,5.0,92.0,191.0,303.0
0,HAT049,DFW,BOS,04:00:00,06:00:00,120,2024-05-30,available,,,,,13.0,8.0,10.0,75.0,186.0,236.0
0,HAT050,DFW,BOS,08:00:00,10:00:00,120,2024-05-01,landed,2024-05-01T08:30:00,2024-05-01T10:11:00,,,,,,,,
0,HAT050,DFW,BOS,08:00:00,10:00:00,120,2024-05-02,landed,2024-05-02T07:49:00,2024-05-02T10:20:00,,,,,,,,
0,HAT050,DFW,BOS,08:00:00,10:00:00,120,2024-05-03,landed,2024-05-03T08:16:00,2024-05-03T09:36:00,,,,,,,,
0,HAT050,DFW,BOS,08:00:00,10:00:00,120,2024-05-04,landed,2024-05-04T07:42:00,2024-05-04T09:53:00,,,,,,,,
0,HAT050,DFW,BOS,08:00:00,10:00:00,120,2024-05-05,landed,2024-05-05T07:43:00,2024-05-05T10:44:00,,,,,,,,
0,HAT050,DFW,BOS,08:00:00,10:00:00,120,2024-05-06,landed,2024-05-06T08:02:00,2024-05-06T09:39:00,,,,,,,,
0,HAT050,DFW,BOS,08:00:00,10:00:00,120,2024-05-07,landed,2024-05-07T08:03:00,2024-05-07T10:00:00,,,,,,,,
0,HAT050,DFW,BOS,08:00:00,10:00:00,120,2024-05-08,landed,2024-05-08T07:58:00,2024-05-08T10:15:00,,,,,,,,
0,HAT050,DFW,BOS,08:00:00,10:00:00,120,2024-05-09,landed,2024-05-09T07:55:00,2024-05-09T10:00:00,,,,,,,,
0,HAT050,DFW,BOS,08:00:00,10:00:00,120,2024-05-10,landed,2024-05-10T08:07:00,2024-05-10T09:55:00,,,,,,,,
0,HAT050,DFW,BOS,08:00:00,10:00:00,120,2024-05-11,landed,2024-05-11T08:38:00,2024-05-11T09:50:00,,,,,,,,
0,HAT050,DFW,BOS,08:00:00,10:00:00,120,2024-05-12,cancelled,,,,,,,,,,
0,HAT050,DFW,BOS,08:00:00,10:00:00,120,2024-05-13,landed,2024-05-13T08:37:00,2024-05-13T10:22:00,,,,,,,,
0,HAT050,DFW,BOS,08:00:00,10:00:00,120,2024-05-14,landed,2024-05-14T08:00:00,2024-05-14T10:16:00,,,,,,,,
0,HAT050,DFW,BOS,08:00:00,10:00:00,120,2024-05-15,landed,2024-05-15T08:18:00,2024-05-15T09:57:00,,,,,,,,
0,HAT050,DFW,BOS,08:00:00,10:00:00,120,2024-05-16,available,,,,,16.0,3.0,18.0,59.0,153.0,351.0
0,HAT050,DFW,BOS,08:00:00,10:00:00,120,2024-05-17,available,,,,,4.0,7.0,12.0,61.0,158.0,453.0
0,HAT050,DFW,BOS,08:00:00,10:00:00,120,2024-05-18,available,,,,,12.0,13.0,0.0,73.0,154.0,322.0
0,HAT050,DFW,BOS,08:00:00,10:00:00,120,2024-05-19,available,,,,,18.0,20.0,12.0,94.0,108.0,313.0
0,HAT050,DFW,BOS,08:00:00,10:00:00,120,2024-05-20,available,,,,,18.0,0.0,8.0,52.0,104.0,301.0
0,HAT050,DFW,BOS,08:00:00,10:00:00,120,2024-05-21,available,,,,,13.0,18.0,4.0,59.0,109.0,349.0
0,HAT050,DFW,BOS,08:00:00,10:00:00,120,2024-05-22,available,,,,,4.0,3.0,9.0,67.0,173.0,246.0
0,HAT050,DFW,BOS,08:00:00,10:00:00,120,2024-05-23,available,,,,,2.0,4.0,10.0,81.0,174.0,302.0
0,HAT050,DFW,BOS,08:00:00,10:00:00,120,2024-05-24,available,,,,,4.0,3.0,7.0,93.0,139.0,453.0
0,HAT050,DFW,BOS,08:00:00,10:00:00,120,2024-05-25,available,,,,,10.0,5.0,15.0,86.0,165.0,366.0
0,HAT050,DFW,BOS,08:00:00,10:00:00,120,2024-05-26,available,,,,,2.0,8.0,7.0,70.0,177.0,295.0
0,HAT050,DFW,BOS,08:00:00,10:00:00,120,2024-05-27,available,,,,,2.0,12.0,10.0,65.0,164.0,382.0
0,HAT050,DFW,BOS,08:00:00,10:00:00,120,2024-05-28,available,,,,,14.0,19.0,2.0,71.0,172.0,441.0
0,HAT050,DFW,BOS,08:00:00,10:00:00,120,2024-05-29,available,,,,,15.0,5.0,18.0,71.0,169.0,388.0
0,HAT050,DFW,BOS,08:00:00,10:00:00,120,2024-05-30,available,,,,,18.0,3.0,9.0,99.0,118.0,470.0
0,HAT051,LAS,JFK,23:00:00,01:00:00+1,120,2024-05-01,landed,2024-05-01T23:08:00,2024-05-02T00:57:00,,,,,,,,
0,HAT051,LAS,JFK,23:00:00,01:00:00+1,120,2024-05-02,landed,2024-05-02T22:56:00,2024-05-03T00:52:00,,,,,,,,
0,HAT051,LAS,JFK,23:00:00,01:00:00+1,120,2024-05-03,landed,2024-05-03T22:49:00,2024-05-04T00:48:00,,,,,,,,
0,HAT051,LAS,JFK,23:00:00,01:00:00+1,120,2024-05-04,landed,2024-05-04T23:17:00,2024-05-05T00:56:00,,,,,,,,
0,HAT051,LAS,JFK,23:00:00,01:00:00+1,120,2024-05-05,landed,2024-05-05T23:06:00,2024-05-06T01:22:00,,,,,,,,
0,HAT051,LAS,JFK,23:00:00,01:00:00+1,120,2024-05-06,landed,2024-05-06T23:06:00,2024-05-07T00:35:00,,,,,,,,
0,HAT051,LAS,JFK,23:00:00,01:00:00+1,120,2024-05-07,landed,2024-05-07T22:49:00,2024-05-08T00:59:00,,,,,,,,
0,HAT051,LAS,JFK,23:00:00,01:00:00+1,120,2024-05-08,landed,2024-05-08T23:37:00,2024-05-09T00:50:00,,,,,,,,
0,HAT051,LAS,JFK,23:00:00,01:00:00+1,120,2024-05-09,cancelled,,,,,,,,,,
0,HAT051,LAS,JFK,23:00:00,01:00:00+1,120,2024-05-10,landed,2024-05-10T23:30:00,2024-05-11T00:56:00,,,,,,,,
0,HAT051,LAS,JFK,23:00:00,01:00:00+1,120,2024-05-11,landed,2024-05-11T23:12:00,2024-05-12T01:46:00,,,,,,,,
0,HAT051,LAS,JFK,23:00:00,01:00:00+1,120,2024-05-12,landed,2024-05-12T22:48:00,2024-05-13T00:42:00,,,,,,,,
0,HAT051,LAS,JFK,23:00:00,01:00:00+1,120,2024-05-13,landed,2024-05-13T23:04:00,2024-05-14T00:54:00,,,,,,,,
0,HAT051,LAS,JFK,23:00:00,01:00:00+1,120,2024-05-14,landed,2024-05-14T23:11:00,2024-05-15T01:24:00,,,,,,,,
0,HAT051,LAS,JFK,23:00:00,01:00:00+1,120,2024-05-15,on time,,,2024-05-15T23:05:00,2024-05-16T01:20:00,,,,,,
0,HAT051,LAS,JFK,23:00:00,01:00:00+1,120,2024-05-16,available,,,,,14.0,2.0,11.0,68.0,116.0,286.0
0,HAT051,LAS,JFK,23:00:00,01:00:00+1,120,2024-05-17,available,,,,,8.0,13.0,1.0,84.0,147.0,443.0
0,HAT051,LAS,JFK,23:00:00,01:00:00+1,120,2024-05-18,available,,,,,2.0,10.0,15.0,81.0,152.0,390.0
0,HAT051,LAS,JFK,23:00:00,01:00:00+1,120,2024-05-19,available,,,,,9.0,2.0,11.0,88.0,117.0,313.0
0,HAT051,LAS,JFK,23:00:00,01:00:00+1,120,2024-05-20,available,,,,,6.0,4.0,4.0,72.0,167.0,271.0
0,HAT051,LAS,JFK,23:00:00,01:00:00+1,120,2024-05-21,available,,,,,8.0,10.0,1.0,55.0,105.0,344.0
0,HAT051,LAS,JFK,23:00:00,01:00:00+1,120,2024-05-22,available,,,,,17.0,1.0,19.0,53.0,101.0,475.0
0,HAT051,LAS,JFK,23:00:00,01:00:00+1,120,2024-05-23,available,,,,,13.0,20.0,18.0,82.0,109.0,326.0
0,HAT051,LAS,JFK,23:00:00,01:00:00+1,120,2024-05-24,available,,,,,20.0,5.0,14.0,56.0,130.0,227.0
0,HAT051,LAS,JFK,23:00:00,01:00:00+1,120,2024-05-25,available,,,,,9.0,6.0,19.0,71.0,157.0,229.0
0,HAT051,LAS,JFK,23:00:00,01:00:00+1,120,2024-05-26,available,,,,,20.0,11.0,8.0,62.0,196.0,329.0
0,HAT051,LAS,JFK,23:00:00,01:00:00+1,120,2024-05-27,available,,,,,14.0,9.0,17.0,57.0,114.0,217.0
0,HAT051,LAS,JFK,23:00:00,01:00:00+1,120,2024-05-28,available,,,,,5.0,5.0,19.0,70.0,114.0,200.0
0,HAT051,LAS,JFK,23:00:00,01:00:00+1,120,2024-05-29,available,,,,,16.0,12.0,10.0,79.0,166.0,443.0
0,HAT051,LAS,JFK,23:00:00,01:00:00+1,120,2024-05-30,available,,,,,2.0,1.0,19.0,57.0,103.0,429.0
0,HAT052,LAS,JFK,09:00:00,11:00:00,120,2024-05-01,landed,2024-05-01T08:45:00,2024-05-01T10:55:00,,,,,,,,
0,HAT052,LAS,JFK,09:00:00,11:00:00,120,2024-05-02,landed,2024-05-02T09:24:00,2024-05-02T10:48:00,,,,,,,,
0,HAT052,LAS,JFK,09:00:00,11:00:00,120,2024-05-03,landed,2024-05-03T09:19:00,2024-05-03T10:51:00,,,,,,,,
0,HAT052,LAS,JFK,09:00:00,11:00:00,120,2024-05-04,landed,2024-05-04T09:30:00,2024-05-04T11:35:00,,,,,,,,
0,HAT052,LAS,JFK,09:00:00,11:00:00,120,2024-05-05,landed,2024-05-05T09:09:00,2024-05-05T11:07:00,,,,,,,,
0,HAT052,LAS,JFK,09:00:00,11:00:00,120,2024-05-06,landed,2024-05-06T09:29:00,2024-05-06T11:48:00,,,,,,,,
0,HAT052,LAS,JFK,09:00:00,11:00:00,120,2024-05-07,landed,2024-05-07T08:54:00,2024-05-07T11:16:00,,,,,,,,
0,HAT052,LAS,JFK,09:00:00,11:00:00,120,2024-05-08,cancelled,,,,,,,,,,
0,HAT052,LAS,JFK,09:00:00,11:00:00,120,2024-05-09,landed,2024-05-09T08:50:00,2024-05-09T10:40:00,,,,,,,,
0,HAT052,LAS,JFK,09:00:00,11:00:00,120,2024-05-10,landed,2024-05-10T09:29:00,2024-05-10T11:29:00,,,,,,,,
0,HAT052,LAS,JFK,09:00:00,11:00:00,120,2024-05-11,landed,2024-05-11T09:38:00,2024-05-11T10:49:00,,,,,,,,
0,HAT052,LAS,JFK,09:00:00,11:00:00,120,2024-05-12,landed,2024-05-12T08:46:00,2024-05-12T11:23:00,,,,,,,,
0,HAT052,LAS,JFK,09:00:00,11:00:00,120,2024-05-13,landed,2024-05-13T09:22:00,2024-05-13T10:58:00,,,,,,,,
0,HAT052,LAS,JFK,09:00:00,11:00:00,120,2024-05-14,landed,2024-05-14T09:10:00,2024-05-14T11:50:00,,,,,,,,
0,HAT052,LAS,JFK,09:00:00,11:00:00,120,2024-05-15,landed,2024-05-15T08:54:00,2024-05-15T11:26:00,,,,,,,,
0,HAT052,LAS,JFK,09:00:00,11:00:00,120,2024-05-16,available,,,,,15.0,14.0,8.0,97.0,187.0,393.0
0,HAT052,LAS,JFK,09:00:00,11:00:00,120,2024-05-17,available,,,,,20.0,18.0,16.0,82.0,142.0,490.0
0,HAT052,LAS,JFK,09:00:00,11:00:00,120,2024-05-18,available,,,,,16.0,4.0,8.0,90.0,108.0,239.0
0,HAT052,LAS,JFK,09:00:00,11:00:00,120,2024-05-19,available,,,,,16.0,16.0,14.0,64.0,105.0,331.0
0,HAT052,LAS,JFK,09:00:00,11:00:00,120,2024-05-20,available,,,,,19.0,5.0,3.0,70.0,181.0,325.0
0,HAT052,LAS,JFK,09:00:00,11:00:00,120,2024-05-21,available,,,,,6.0,20.0,20.0,78.0,125.0,459.0
0,HAT052,LAS,JFK,09:00:00,11:00:00,120,2024-05-22,available,,,,,4.0,19.0,11.0,60.0,112.0,328.0
0,HAT052,LAS,JFK,09:00:00,11:00:00,120,2024-05-23,available,,,,,16.0,6.0,20.0,99.0,139.0,241.0
0,HAT052,LAS,JFK,09:00:00,11:00:00,120,2024-05-24,available,,,,,12.0,13.0,15.0,59.0,187.0,381.0
0,HAT052,LAS,JFK,09:00:00,11:00:00,120,2024-05-25,available,,,,,17.0,9.0,12.0,87.0,170.0,436.0
0,HAT052,LAS,JFK,09:00:00,11:00:00,120,2024-05-26,available,,,,,6.0,18.0,10.0,64.0,198.0,283.0
0,HAT052,LAS,JFK,09:00:00,11:00:00,120,2024-05-27,available,,,,,12.0,16.0,2.0,80.0,137.0,215.0
0,HAT052,LAS,JFK,09:00:00,11:00:00,120,2024-05-28,available,,,,,19.0,1.0,11.0,99.0,128.0,237.0
0,HAT052,LAS,JFK,09:00:00,11:00:00,120,2024-05-29,available,,,,,4.0,8.0,0.0,75.0,181.0,264.0
0,HAT052,LAS,JFK,09:00:00,11:00:00,120,2024-05-30,available,,,,,1.0,8.0,17.0,54.0,141.0,374.0
0,HAT053,PHL,DTW,22:00:00,02:00:00+1,240,2024-05-01,landed,2024-05-01T21:44:00,2024-05-02T01:51:00,,,,,,,,
0,HAT053,PHL,DTW,22:00:00,02:00:00+1,240,2024-05-02,landed,2024-05-02T21:57:00,2024-05-03T02:17:00,,,,,,,,
0,HAT053,PHL,DTW,22:00:00,02:00:00+1,240,2024-05-03,landed,2024-05-03T22:28:00,2024-05-04T01:43:00,,,,,,,,
0,HAT053,PHL,DTW,22:00:00,02:00:00+1,240,2024-05-04,landed,2024-05-04T22:14:00,2024-05-05T01:52:00,,,,,,,,
0,HAT053,PHL,DTW,22:00:00,02:00:00+1,240,2024-05-05,landed,2024-05-05T22:38:00,2024-05-06T02:48:00,,,,,,,,
0,HAT053,PHL,DTW,22:00:00,02:00:00+1,240,2024-05-06,landed,2024-05-06T22:25:00,2024-05-07T02:15:00,,,,,,,,
0,HAT053,PHL,DTW,22:00:00,02:00:00+1,240,2024-05-07,landed,2024-05-07T22:31:00,2024-05-08T02:53:00,,,,,,,,
0,HAT053,PHL,DTW,22:00:00,02:00:00+1,240,2024-05-08,landed,2024-05-08T22:38:00,2024-05-09T01:48:00,,,,,,,,
0,HAT053,PHL,DTW,22:00:00,02:00:00+1,240,2024-05-09,landed,2024-05-09T22:16:00,2024-05-10T02:13:00,,,,,,,,
0,HAT053,PHL,DTW,22:00:00,02:00:00+1,240,2024-05-10,landed,2024-05-10T21:40:00,2024-05-11T02:17:00,,,,,,,,
0,HAT053,PHL,DTW,22:00:00,02:00:00+1,240,2024-05-11,landed,2024-05-11T22:17:00,2024-05-12T01:38:00,,,,,,,,
0,HAT053,PHL,DTW,22:00:00,02:00:00+1,240,2024-05-12,cancelled,,,,,,,,,,
0,HAT053,PHL,DTW,22:00:00,02:00:00+1,240,2024-05-13,landed,2024-05-13T22:18:00,2024-05-14T02:06:00,,,,,,,,
0,HAT053,PHL,DTW,22:00:00,02:00:00+1,240,2024-05-14,landed,2024-05-14T21:51:00,2024-05-15T01:48:00,,,,,,,,
0,HAT053,PHL,DTW,22:00:00,02:00:00+1,240,2024-05-15,on time,,,2024-05-15T22:12:00,2024-05-16T02:08:00,,,,,,
0,HAT053,PHL,DTW,22:00:00,02:00:00+1,240,2024-05-16,available,,,,,8.0,0.0,18.0,63.0,195.0,297.0
0,HAT053,PHL,DTW,22:00:00,02:00:00+1,240,2024-05-17,available,,,,,14.0,12.0,19.0,94.0,108.0,281.0
0,HAT053,PHL,DTW,22:00:00,02:00:00+1,240,2024-05-18,available,,,,,13.0,12.0,11.0,88.0,158.0,429.0
0,HAT053,PHL,DTW,22:00:00,02:00:00+1,240,2024-05-19,available,,,,,18.0,14.0,5.0,92.0,143.0,466.0
0,HAT053,PHL,DTW,22:00:00,02:00:00+1,240,2024-05-20,available,,,,,5.0,19.0,1.0,60.0,102.0,333.0
0,HAT053,PHL,DTW,22:00:00,02:00:00+1,240,2024-05-21,available,,,,,11.0,2.0,9.0,65.0,178.0,423.0
0,HAT053,PHL,DTW,22:00:00,02:00:00+1,240,2024-05-22,available,,,,,7.0,5.0,0.0,92.0,102.0,262.0
0,HAT053,PHL,DTW,22:00:00,02:00:00+1,240,2024-05-23,available,,,,,8.0,0.0,7.0,82.0,175.0,270.0
0,HAT053,PHL,DTW,22:00:00,02:00:00+1,240,2024-05-24,available,,,,,3.0,2.0,4.0,89.0,141.0,433.0
0,HAT053,PHL,DTW,22:00:00,02:00:00+1,240,2024-05-25,available,,,,,9.0,1.0,19.0,70.0,100.0,253.0
0,HAT053,PHL,DTW,22:00:00,02:00:00+1,240,2024-05-26,available,,,,,17.0,14.0,20.0,54.0,157.0,334.0
0,HAT053,PHL,DTW,22:00:00,02:00:00+1,240,2024-05-27,available,,,,,4.0,18.0,16.0,55.0,121.0,304.0
0,HAT053,PHL,DTW,22:00:00,02:00:00+1,240,2024-05-28,available,,,,,15.0,18.0,5.0,83.0,100.0,453.0
0,HAT053,PHL,DTW,22:00:00,02:00:00+1,240,2024-05-29,available,,,,,20.0,4.0,5.0,55.0,180.0,295.0
0,HAT053,PHL,DTW,22:00:00,02:00:00+1,240,2024-05-30,available,,,,,1.0,4.0,16.0,86.0,128.0,403.0
0,HAT054,JFK,ORD,03:00:00,05:00:00,120,2024-05-01,landed,2024-05-01T02:41:00,2024-05-01T05:00:00,,,,,,,,
0,HAT054,JFK,ORD,03:00:00,05:00:00,120,2024-05-02,landed,2024-05-02T03:29:00,2024-05-02T05:55:00,,,,,,,,
0,HAT054,JFK,ORD,03:00:00,05:00:00,120,2024-05-03,landed,2024-05-03T03:21:00,2024-05-03T05:09:00,,,,,,,,
0,HAT054,JFK,ORD,03:00:00,05:00:00,120,2024-05-04,landed,2024-05-04T03:14:00,2024-05-04T05:15:00,,,,,,,,
0,HAT054,JFK,ORD,03:00:00,05:00:00,120,2024-05-05,landed,2024-05-05T02:42:00,2024-05-05T05:52:00,,,,,,,,
0,HAT054,JFK,ORD,03:00:00,05:00:00,120,2024-05-06,landed,2024-05-06T03:21:00,2024-05-06T05:09:00,,,,,,,,
0,HAT054,JFK,ORD,03:00:00,05:00:00,120,2024-05-07,landed,2024-05-07T02:53:00,2024-05-07T04:40:00,,,,,,,,
0,HAT054,JFK,ORD,03:00:00,05:00:00,120,2024-05-08,landed,2024-05-08T03:37:00,2024-05-08T04:49:00,,,,,,,,
0,HAT054,JFK,ORD,03:00:00,05:00:00,120,2024-05-09,landed,2024-05-09T02:46:00,2024-05-09T05:51:00,,,,,,,,
0,HAT054,JFK,ORD,03:00:00,05:00:00,120,2024-05-10,landed,2024-05-10T02:59:00,2024-05-10T05:25:00,,,,,,,,
0,HAT054,JFK,ORD,03:00:00,05:00:00,120,2024-05-11,landed,2024-05-11T03:26:00,2024-05-11T05:32:00,,,,,,,,
0,HAT054,JFK,ORD,03:00:00,05:00:00,120,2024-05-12,landed,2024-05-12T03:24:00,2024-05-12T05:34:00,,,,,,,,
0,HAT054,JFK,ORD,03:00:00,05:00:00,120,2024-05-13,landed,2024-05-13T02:47:00,2024-05-13T04:55:00,,,,,,,,
0,HAT054,JFK,ORD,03:00:00,05:00:00,120,2024-05-14,landed,2024-05-14T02:53:00,2024-05-14T05:25:00,,,,,,,,
0,HAT054,JFK,ORD,03:00:00,05:00:00,120,2024-05-15,landed,2024-05-15T02:56:00,2024-05-15T04:54:00,,,,,,,,
0,HAT054,JFK,ORD,03:00:00,05:00:00,120,2024-05-16,available,,,,,1.0,3.0,16.0,81.0,111.0,246.0
0,HAT054,JFK,ORD,03:00:00,05:00:00,120,2024-05-17,available,,,,,7.0,14.0,18.0,61.0,123.0,372.0
0,HAT054,JFK,ORD,03:00:00,05:00:00,120,2024-05-18,available,,,,,17.0,12.0,1.0,60.0,113.0,489.0
0,HAT054,JFK,ORD,03:00:00,05:00:00,120,2024-05-19,available,,,,,18.0,5.0,3.0,66.0,126.0,284.0
0,HAT054,JFK,ORD,03:00:00,05:00:00,120,2024-05-20,available,,,,,0.0,17.0,8.0,64.0,131.0,261.0
0,HAT054,JFK,ORD,03:00:00,05:00:00,120,2024-05-21,available,,,,,13.0,14.0,20.0,60.0,178.0,243.0
0,HAT054,JFK,ORD,03:00:00,05:00:00,120,2024-05-22,available,,,,,18.0,13.0,2.0,82.0,107.0,275.0
0,HAT054,JFK,ORD,03:00:00,05:00:00,120,2024-05-23,available,,,,,13.0,13.0,2.0,67.0,160.0,227.0
0,HAT054,JFK,ORD,03:00:00,05:00:00,120,2024-05-24,available,,,,,12.0,11.0,4.0,93.0,199.0,331.0
0,HAT054,JFK,ORD,03:00:00,05:00:00,120,2024-05-25,available,,,,,15.0,7.0,19.0,59.0,132.0,408.0
0,HAT054,JFK,ORD,03:00:00,05:00:00,120,2024-05-26,available,,,,,6.0,5.0,20.0,72.0,152.0,469.0
0,HAT054,JFK,ORD,03:00:00,05:00:00,120,2024-05-27,available,,,,,9.0,10.0,14.0,95.0,189.0,210.0
0,HAT054,JFK,ORD,03:00:00,05:00:00,120,2024-05-28,available,,,,,15.0,18.0,4.0,96.0,115.0,311.0
0,HAT054,JFK,ORD,03:00:00,05:00:00,120,2024-05-29,available,,,,,5.0,18.0,15.0,100.0,128.0,438.0
0,HAT054,JFK,ORD,03:00:00,05:00:00,120,2024-05-30,available,,,,,5.0,7.0,15.0,72.0,183.0,331.0
0,HAT055,JFK,ORD,08:00:00,10:00:00,120,2024-05-01,cancelled,,,,,,,,,,
0,HAT055,JFK,ORD,08:00:00,10:00:00,120,2024-05-02,landed,2024-05-02T08:33:00,2024-05-02T10:14:00,,,,,,,,
0,HAT055,JFK,ORD,08:00:00,10:00:00,120,2024-05-03,cancelled,,,,,,,,,,
0,HAT055,JFK,ORD,08:00:00,10:00:00,120,2024-05-04,landed,2024-05-04T08:15:00,2024-05-04T09:56:00,,,,,,,,
0,HAT055,JFK,ORD,08:00:00,10:00:00,120,2024-05-05,landed,2024-05-05T07:48:00,2024-05-05T10:51:00,,,,,,,,
0,HAT055,JFK,ORD,08:00:00,10:00:00,120,2024-05-06,landed,2024-05-06T07:40:00,2024-05-06T09:41:00,,,,,,,,
0,HAT055,JFK,ORD,08:00:00,10:00:00,120,2024-05-07,landed,2024-05-07T08:26:00,2024-05-07T09:49:00,,,,,,,,
0,HAT055,JFK,ORD,08:00:00,10:00:00,120,2024-05-08,landed,2024-05-08T08:01:00,2024-05-08T10:39:00,,,,,,,,
0,HAT055,JFK,ORD,08:00:00,10:00:00,120,2024-05-09,landed,2024-05-09T08:11:00,2024-05-09T10:49:00,,,,,,,,
0,HAT055,JFK,ORD,08:00:00,10:00:00,120,2024-05-10,landed,2024-05-10T07:40:00,2024-05-10T09:48:00,,,,,,,,
0,HAT055,JFK,ORD,08:00:00,10:00:00,120,2024-05-11,cancelled,,,,,,,,,,
0,HAT055,JFK,ORD,08:00:00,10:00:00,120,2024-05-12,landed,2024-05-12T08:13:00,2024-05-12T09:44:00,,,,,,,,
0,HAT055,JFK,ORD,08:00:00,10:00:00,120,2024-05-13,landed,2024-05-13T08:10:00,2024-05-13T09:40:00,,,,,,,,
0,HAT055,JFK,ORD,08:00:00,10:00:00,120,2024-05-14,landed,2024-05-14T07:51:00,2024-05-14T10:49:00,,,,,,,,
0,HAT055,JFK,ORD,08:00:00,10:00:00,120,2024-05-15,landed,2024-05-15T07:56:00,2024-05-15T09:50:00,,,,,,,,
0,HAT055,JFK,ORD,08:00:00,10:00:00,120,2024-05-16,available,,,,,9.0,8.0,6.0,98.0,136.0,246.0
0,HAT055,JFK,ORD,08:00:00,10:00:00,120,2024-05-17,available,,,,,5.0,9.0,1.0,98.0,200.0,477.0
0,HAT055,JFK,ORD,08:00:00,10:00:00,120,2024-05-18,available,,,,,7.0,12.0,5.0,57.0,145.0,201.0
0,HAT055,JFK,ORD,08:00:00,10:00:00,120,2024-05-19,available,,,,,1.0,5.0,16.0,72.0,181.0,233.0
0,HAT055,JFK,ORD,08:00:00,10:00:00,120,2024-05-20,available,,,,,0.0,9.0,13.0,100.0,190.0,435.0
0,HAT055,JFK,ORD,08:00:00,10:00:00,120,2024-05-21,available,,,,,4.0,13.0,8.0,98.0,169.0,220.0
0,HAT055,JFK,ORD,08:00:00,10:00:00,120,2024-05-22,available,,,,,15.0,13.0,14.0,88.0,110.0,407.0
0,HAT055,JFK,ORD,08:00:00,10:00:00,120,2024-05-23,available,,,,,17.0,12.0,19.0,52.0,159.0,449.0
0,HAT055,JFK,ORD,08:00:00,10:00:00,120,2024-05-24,available,,,,,2.0,1.0,17.0,59.0,188.0,313.0
0,HAT055,JFK,ORD,08:00:00,10:00:00,120,2024-05-25,available,,,,,14.0,12.0,14.0,84.0,194.0,354.0
0,HAT055,JFK,ORD,08:00:00,10:00:00,120,2024-05-26,available,,,,,10.0,20.0,0.0,80.0,149.0,423.0
0,HAT055,JFK,ORD,08:00:00,10:00:00,120,2024-05-27,available,,,,,12.0,13.0,17.0,60.0,127.0,488.0
0,HAT055,JFK,ORD,08:00:00,10:00:00,120,2024-05-28,available,,,,,13.0,2.0,12.0,63.0,192.0,363.0
0,HAT055,JFK,ORD,08:00:00,10:00:00,120,2024-05-29,available,,,,,9.0,12.0,0.0,72.0,117.0,402.0
0,HAT055,JFK,ORD,08:00:00,10:00:00,120,2024-05-30,available,,,,,6.0,9.0,15.0,71.0,142.0,344.0
0,HAT056,JFK,ORD,11:00:00,13:00:00,120,2024-05-01,landed,2024-05-01T11:10:00,2024-05-01T13:37:00,,,,,,,,
0,HAT056,JFK,ORD,11:00:00,13:00:00,120,2024-05-02,landed,2024-05-02T11:32:00,2024-05-02T12:46:00,,,,,,,,
0,HAT056,JFK,ORD,11:00:00,13:00:00,120,2024-05-03,landed,2024-05-03T11:23:00,2024-05-03T12:50:00,,,,,,,,
0,HAT056,JFK,ORD,11:00:00,13:00:00,120,2024-05-04,cancelled,,,,,,,,,,
0,HAT056,JFK,ORD,11:00:00,13:00:00,120,2024-05-05,landed,2024-05-05T11:25:00,2024-05-05T12:36:00,,,,,,,,
0,HAT056,JFK,ORD,11:00:00,13:00:00,120,2024-05-06,landed,2024-05-06T11:40:00,2024-05-06T12:40:00,,,,,,,,
0,HAT056,JFK,ORD,11:00:00,13:00:00,120,2024-05-07,landed,2024-05-07T10:42:00,2024-05-07T13:41:00,,,,,,,,
0,HAT056,JFK,ORD,11:00:00,13:00:00,120,2024-05-08,landed,2024-05-08T11:12:00,2024-05-08T13:10:00,,,,,,,,
0,HAT056,JFK,ORD,11:00:00,13:00:00,120,2024-05-09,landed,2024-05-09T11:35:00,2024-05-09T13:15:00,,,,,,,,
0,HAT056,JFK,ORD,11:00:00,13:00:00,120,2024-05-10,landed,2024-05-10T10:58:00,2024-05-10T13:48:00,,,,,,,,
0,HAT056,JFK,ORD,11:00:00,13:00:00,120,2024-05-11,landed,2024-05-11T11:22:00,2024-05-11T12:46:00,,,,,,,,
0,HAT056,JFK,ORD,11:00:00,13:00:00,120,2024-05-12,landed,2024-05-12T11:35:00,2024-05-12T13:07:00,,,,,,,,
0,HAT056,JFK,ORD,11:00:00,13:00:00,120,2024-05-13,landed,2024-05-13T11:08:00,2024-05-13T12:53:00,,,,,,,,
0,HAT056,JFK,ORD,11:00:00,13:00:00,120,2024-05-14,landed,2024-05-14T11:05:00,2024-05-14T13:24:00,,,,,,,,
0,HAT056,JFK,ORD,11:00:00,13:00:00,120,2024-05-15,landed,2024-05-15T11:05:00,2024-05-15T12:53:00,,,,,,,,
0,HAT056,JFK,ORD,11:00:00,13:00:00,120,2024-05-16,available,,,,,19.0,2.0,17.0,71.0,149.0,458.0
0,HAT056,JFK,ORD,11:00:00,13:00:00,120,2024-05-17,available,,,,,14.0,14.0,3.0,63.0,174.0,297.0
0,HAT056,JFK,ORD,11:00:00,13:00:00,120,2024-05-18,available,,,,,12.0,6.0,18.0,94.0,198.0,205.0
0,HAT056,JFK,ORD,11:00:00,13:00:00,120,2024-05-19,available,,,,,10.0,19.0,3.0,98.0,165.0,403.0
0,HAT056,JFK,ORD,11:00:00,13:00:00,120,2024-05-20,available,,,,,6.0,12.0,9.0,50.0,120.0,379.0
0,HAT056,JFK,ORD,11:00:00,13:00:00,120,2024-05-21,available,,,,,13.0,12.0,9.0,94.0,159.0,218.0
0,HAT056,JFK,ORD,11:00:00,13:00:00,120,2024-05-22,available,,,,,13.0,10.0,1.0,64.0,166.0,446.0
0,HAT056,JFK,ORD,11:00:00,13:00:00,120,2024-05-23,available,,,,,20.0,7.0,4.0,53.0,163.0,341.0
0,HAT056,JFK,ORD,11:00:00,13:00:00,120,2024-05-24,available,,,,,5.0,8.0,8.0,60.0,139.0,428.0
0,HAT056,JFK,ORD,11:00:00,13:00:00,120,2024-05-25,available,,,,,15.0,7.0,3.0,97.0,186.0,300.0
0,HAT056,JFK,ORD,11:00:00,13:00:00,120,2024-05-26,available,,,,,19.0,5.0,7.0,99.0,162.0,345.0
0,HAT056,JFK,ORD,11:00:00,13:00:00,120,2024-05-27,available,,,,,13.0,1.0,16.0,56.0,156.0,427.0
0,HAT056,JFK,ORD,11:00:00,13:00:00,120,2024-05-28,available,,,,,1.0,13.0,16.0,70.0,136.0,345.0
0,HAT056,JFK,ORD,11:00:00,13:00:00,120,2024-05-29,available,,,,,11.0,6.0,13.0,73.0,198.0,382.0
0,HAT056,JFK,ORD,11:00:00,13:00:00,120,2024-05-30,available,,,,,17.0,2.0,10.0,65.0,120.0,474.0
0,HAT057,JFK,ORD,06:00:00,08:00:00,120,2024-05-01,landed,2024-05-01T06:04:00,2024-05-01T08:29:00,,,,,,,,
0,HAT057,JFK,ORD,06:00:00,08:00:00,120,2024-05-02,cancelled,,,,,,,,,,
0,HAT057,JFK,ORD,06:00:00,08:00:00,120,2024-05-03,landed,2024-05-03T06:36:00,2024-05-03T08:12:00,,,,,,,,
0,HAT057,JFK,ORD,06:00:00,08:00:00,120,2024-05-04,landed,2024-05-04T06:11:00,2024-05-04T08:29:00,,,,,,,,
0,HAT057,JFK,ORD,06:00:00,08:00:00,120,2024-05-05,landed,2024-05-05T06:04:00,2024-05-05T08:26:00,,,,,,,,
0,HAT057,JFK,ORD,06:00:00,08:00:00,120,2024-05-06,cancelled,,,,,,,,,,
0,HAT057,JFK,ORD,06:00:00,08:00:00,120,2024-05-07,landed,2024-05-07T05:43:00,2024-05-07T07:50:00,,,,,,,,
0,HAT057,JFK,ORD,06:00:00,08:00:00,120,2024-05-08,landed,2024-05-08T05:57:00,2024-05-08T08:01:00,,,,,,,,
0,HAT057,JFK,ORD,06:00:00,08:00:00,120,2024-05-09,landed,2024-05-09T06:06:00,2024-05-09T08:38:00,,,,,,,,
0,HAT057,JFK,ORD,06:00:00,08:00:00,120,2024-05-10,landed,2024-05-10T06:31:00,2024-05-10T07:53:00,,,,,,,,
0,HAT057,JFK,ORD,06:00:00,08:00:00,120,2024-05-11,landed,2024-05-11T05:41:00,2024-05-11T08:36:00,,,,,,,,
0,HAT057,JFK,ORD,06:00:00,08:00:00,120,2024-05-12,cancelled,,,,,,,,,,
0,HAT057,JFK,ORD,06:00:00,08:00:00,120,2024-05-13,cancelled,,,,,,,,,,
0,HAT057,JFK,ORD,06:00:00,08:00:00,120,2024-05-14,landed,2024-05-14T06:22:00,2024-05-14T08:18:00,,,,,,,,
0,HAT057,JFK,ORD,06:00:00,08:00:00,120,2024-05-15,landed,2024-05-15T05:55:00,2024-05-15T07:51:00,,,,,,,,
0,HAT057,JFK,ORD,06:00:00,08:00:00,120,2024-05-16,available,,,,,10.0,8.0,2.0,59.0,156.0,360.0
0,HAT057,JFK,ORD,06:00:00,08:00:00,120,2024-05-17,available,,,,,17.0,8.0,4.0,64.0,166.0,342.0
0,HAT057,JFK,ORD,06:00:00,08:00:00,120,2024-05-18,available,,,,,15.0,11.0,13.0,92.0,166.0,445.0
0,HAT057,JFK,ORD,06:00:00,08:00:00,120,2024-05-19,available,,,,,0.0,4.0,12.0,52.0,132.0,365.0
0,HAT057,JFK,ORD,06:00:00,08:00:00,120,2024-05-20,available,,,,,19.0,18.0,5.0,92.0,172.0,315.0
0,HAT057,JFK,ORD,06:00:00,08:00:00,120,2024-05-21,available,,,,,3.0,11.0,7.0,76.0,121.0,362.0
0,HAT057,JFK,ORD,06:00:00,08:00:00,120,2024-05-22,available,,,,,9.0,6.0,13.0,77.0,195.0,237.0
0,HAT057,JFK,ORD,06:00:00,08:00:00,120,2024-05-23,available,,,,,16.0,9.0,14.0,73.0,111.0,383.0
0,HAT057,JFK,ORD,06:00:00,08:00:00,120,2024-05-24,available,,,,,20.0,18.0,0.0,91.0,158.0,385.0
0,HAT057,JFK,ORD,06:00:00,08:00:00,120,2024-05-25,available,,,,,15.0,20.0,1.0,97.0,143.0,274.0
0,HAT057,JFK,ORD,06:00:00,08:00:00,120,2024-05-26,available,,,,,6.0,19.0,10.0,53.0,134.0,486.0
0,HAT057,JFK,ORD,06:00:00,08:00:00,120,2024-05-27,available,,,,,11.0,6.0,10.0,57.0,187.0,244.0
0,HAT057,JFK,ORD,06:00:00,08:00:00,120,2024-05-28,available,,,,,7.0,1.0,5.0,75.0,147.0,437.0
0,HAT057,JFK,ORD,06:00:00,08:00:00,120,2024-05-29,available,,,,,8.0,13.0,14.0,85.0,151.0,428.0
0,HAT057,JFK,ORD,06:00:00,08:00:00,120,2024-05-30,available,,,,,16.0,11.0,10.0,57.0,163.0,431.0
0,HAT058,JFK,ORD,17:00:00,19:00:00,120,2024-05-01,landed,2024-05-01T17:30:00,2024-05-01T19:17:00,,,,,,,,
0,HAT058,JFK,ORD,17:00:00,19:00:00,120,2024-05-02,landed,2024-05-02T17:30:00,2024-05-02T19:53:00,,,,,,,,
0,HAT058,JFK,ORD,17:00:00,19:00:00,120,2024-05-03,landed,2024-05-03T17:19:00,2024-05-03T19:49:00,,,,,,,,
0,HAT058,JFK,ORD,17:00:00,19:00:00,120,2024-05-04,landed,2024-05-04T17:39:00,2024-05-04T18:59:00,,,,,,,,
0,HAT058,JFK,ORD,17:00:00,19:00:00,120,2024-05-05,landed,2024-05-05T17:26:00,2024-05-05T19:44:00,,,,,,,,
0,HAT058,JFK,ORD,17:00:00,19:00:00,120,2024-05-06,landed,2024-05-06T16:53:00,2024-05-06T19:47:00,,,,,,,,
0,HAT058,JFK,ORD,17:00:00,19:00:00,120,2024-05-07,landed,2024-05-07T17:24:00,2024-05-07T19:11:00,,,,,,,,
0,HAT058,JFK,ORD,17:00:00,19:00:00,120,2024-05-08,landed,2024-05-08T17:20:00,2024-05-08T19:05:00,,,,,,,,
0,HAT058,JFK,ORD,17:00:00,19:00:00,120,2024-05-09,landed,2024-05-09T17:05:00,2024-05-09T19:16:00,,,,,,,,
0,HAT058,JFK,ORD,17:00:00,19:00:00,120,2024-05-10,landed,2024-05-10T17:29:00,2024-05-10T18:46:00,,,,,,,,
0,HAT058,JFK,ORD,17:00:00,19:00:00,120,2024-05-11,landed,2024-05-11T17:23:00,2024-05-11T19:15:00,,,,,,,,
0,HAT058,JFK,ORD,17:00:00,19:00:00,120,2024-05-12,landed,2024-05-12T16:50:00,2024-05-12T19:20:00,,,,,,,,
0,HAT058,JFK,ORD,17:00:00,19:00:00,120,2024-05-13,landed,2024-05-13T17:30:00,2024-05-13T19:48:00,,,,,,,,
0,HAT058,JFK,ORD,17:00:00,19:00:00,120,2024-05-14,landed,2024-05-14T16:44:00,2024-05-14T18:54:00,,,,,,,,
0,HAT058,JFK,ORD,17:00:00,19:00:00,120,2024-05-15,on time,,,2024-05-15T16:30:00,2024-05-15T18:42:00,,,,,,
0,HAT058,JFK,ORD,17:00:00,19:00:00,120,2024-05-16,available,,,,,3.0,0.0,8.0,52.0,153.0,353.0
0,HAT058,JFK,ORD,17:00:00,19:00:00,120,2024-05-17,available,,,,,9.0,20.0,10.0,97.0,115.0,294.0
0,HAT058,JFK,ORD,17:00:00,19:00:00,120,2024-05-18,available,,,,,1.0,4.0,6.0,56.0,153.0,409.0
0,HAT058,JFK,ORD,17:00:00,19:00:00,120,2024-05-19,available,,,,,18.0,15.0,3.0,75.0,194.0,277.0
0,HAT058,JFK,ORD,17:00:00,19:00:00,120,2024-05-20,available,,,,,12.0,15.0,8.0,61.0,152.0,208.0
0,HAT058,JFK,ORD,17:00:00,19:00:00,120,2024-05-21,available,,,,,1.0,11.0,1.0,93.0,155.0,424.0
0,HAT058,JFK,ORD,17:00:00,19:00:00,120,2024-05-22,available,,,,,12.0,13.0,19.0,76.0,122.0,316.0
0,HAT058,JFK,ORD,17:00:00,19:00:00,120,2024-05-23,available,,,,,14.0,0.0,17.0,69.0,184.0,312.0
0,HAT058,JFK,ORD,17:00:00,19:00:00,120,2024-05-24,available,,,,,2.0,1.0,19.0,87.0,120.0,319.0
0,HAT058,JFK,ORD,17:00:00,19:00:00,120,2024-05-25,available,,,,,2.0,13.0,2.0,93.0,139.0,497.0
0,HAT058,JFK,ORD,17:00:00,19:00:00,120,2024-05-26,available,,,,,10.0,7.0,17.0,95.0,197.0,329.0
0,HAT058,JFK,ORD,17:00:00,19:00:00,120,2024-05-27,available,,,,,12.0,3.0,7.0,85.0,104.0,239.0
0,HAT058,JFK,ORD,17:00:00,19:00:00,120,2024-05-28,available,,,,,6.0,2.0,15.0,82.0,138.0,399.0
0,HAT058,JFK,ORD,17:00:00,19:00:00,120,2024-05-29,available,,,,,7.0,17.0,3.0,83.0,110.0,432.0
0,HAT058,JFK,ORD,17:00:00,19:00:00,120,2024-05-30,available,,,,,16.0,3.0,3.0,99.0,162.0,271.0
0,HAT059,ATL,BOS,04:00:00,06:00:00,120,2024-05-01,landed,2024-05-01T03:50:00,2024-05-01T06:15:00,,,,,,,,
0,HAT059,ATL,BOS,04:00:00,06:00:00,120,2024-05-02,landed,2024-05-02T04:17:00,2024-05-02T06:31:00,,,,,,,,
0,HAT059,ATL,BOS,04:00:00,06:00:00,120,2024-05-03,cancelled,,,,,,,,,,
0,HAT059,ATL,BOS,04:00:00,06:00:00,120,2024-05-04,cancelled,,,,,,,,,,
0,HAT059,ATL,BOS,04:00:00,06:00:00,120,2024-05-05,landed,2024-05-05T03:44:00,2024-05-05T06:08:00,,,,,,,,
0,HAT059,ATL,BOS,04:00:00,06:00:00,120,2024-05-06,landed,2024-05-06T04:17:00,2024-05-06T06:43:00,,,,,,,,
0,HAT059,ATL,BOS,04:00:00,06:00:00,120,2024-05-07,landed,2024-05-07T04:02:00,2024-05-07T05:37:00,,,,,,,,
0,HAT059,ATL,BOS,04:00:00,06:00:00,120,2024-05-08,landed,2024-05-08T03:44:00,2024-05-08T06:29:00,,,,,,,,
0,HAT059,ATL,BOS,04:00:00,06:00:00,120,2024-05-09,landed,2024-05-09T04:32:00,2024-05-09T05:52:00,,,,,,,,
0,HAT059,ATL,BOS,04:00:00,06:00:00,120,2024-05-10,landed,2024-05-10T03:59:00,2024-05-10T05:36:00,,,,,,,,
0,HAT059,ATL,BOS,04:00:00,06:00:00,120,2024-05-11,landed,2024-05-11T04:13:00,2024-05-11T05:50:00,,,,,,,,
0,HAT059,ATL,BOS,04:00:00,06:00:00,120,2024-05-12,landed,2024-05-12T04:14:00,2024-05-12T05:55:00,,,,,,,,
0,HAT059,ATL,BOS,04:00:00,06:00:00,120,2024-05-13,landed,2024-05-13T04:40:00,2024-05-13T05:48:00,,,,,,,,
0,HAT059,ATL,BOS,04:00:00,06:00:00,120,2024-05-14,landed,2024-05-14T03:40:00,2024-05-14T06:21:00,,,,,,,,
0,HAT059,ATL,BOS,04:00:00,06:00:00,120,2024-05-15,landed,2024-05-15T03:44:00,2024-05-15T06:07:00,,,,,,,,
0,HAT059,ATL,BOS,04:00:00,06:00:00,120,2024-05-16,available,,,,,10.0,10.0,11.0,84.0,173.0,277.0
0,HAT059,ATL,BOS,04:00:00,06:00:00,120,2024-05-17,available,,,,,8.0,3.0,19.0,81.0,197.0,259.0
0,HAT059,ATL,BOS,04:00:00,06:00:00,120,2024-05-18,available,,,,,3.0,18.0,13.0,59.0,193.0,203.0
0,HAT059,ATL,BOS,04:00:00,06:00:00,120,2024-05-19,available,,,,,2.0,0.0,12.0,72.0,173.0,429.0
0,HAT059,ATL,BOS,04:00:00,06:00:00,120,2024-05-20,available,,,,,1.0,18.0,14.0,77.0,182.0,431.0
0,HAT059,ATL,BOS,04:00:00,06:00:00,120,2024-05-21,available,,,,,8.0,6.0,5.0,89.0,138.0,325.0
0,HAT059,ATL,BOS,04:00:00,06:00:00,120,2024-05-22,available,,,,,13.0,19.0,14.0,85.0,108.0,278.0
0,HAT059,ATL,BOS,04:00:00,06:00:00,120,2024-05-23,available,,,,,12.0,7.0,9.0,62.0,169.0,428.0
0,HAT059,ATL,BOS,04:00:00,06:00:00,120,2024-05-24,available,,,,,0.0,19.0,7.0,60.0,115.0,309.0
0,HAT059,ATL,BOS,04:00:00,06:00:00,120,2024-05-25,available,,,,,18.0,18.0,5.0,68.0,104.0,375.0
0,HAT059,ATL,BOS,04:00:00,06:00:00,120,2024-05-26,available,,,,,3.0,9.0,3.0,50.0,173.0,257.0
0,HAT059,ATL,BOS,04:00:00,06:00:00,120,2024-05-27,available,,,,,16.0,8.0,3.0,82.0,113.0,287.0
0,HAT059,ATL,BOS,04:00:00,06:00:00,120,2024-05-28,available,,,,,10.0,0.0,1.0,66.0,114.0,359.0
0,HAT059,ATL,BOS,04:00:00,06:00:00,120,2024-05-29,available,,,,,15.0,15.0,6.0,76.0,194.0,414.0
0,HAT059,ATL,BOS,04:00:00,06:00:00,120,2024-05-30,available,,,,,12.0,15.0,1.0,85.0,192.0,463.0
0,HAT060,ATL,BOS,19:00:00,21:00:00,120,2024-05-01,landed,2024-05-01T18:53:00,2024-05-01T21:44:00,,,,,,,,
0,HAT060,ATL,BOS,19:00:00,21:00:00,120,2024-05-02,landed,2024-05-02T19:09:00,2024-05-02T21:44:00,,,,,,,,
0,HAT060,ATL,BOS,19:00:00,21:00:00,120,2024-05-03,cancelled,,,,,,,,,,
0,HAT060,ATL,BOS,19:00:00,21:00:00,120,2024-05-04,landed,2024-05-04T19:16:00,2024-05-04T21:15:00,,,,,,,,
0,HAT060,ATL,BOS,19:00:00,21:00:00,120,2024-05-05,landed,2024-05-05T19:26:00,2024-05-05T21:31:00,,,,,,,,
0,HAT060,ATL,BOS,19:00:00,21:00:00,120,2024-05-06,landed,2024-05-06T19:02:00,2024-05-06T21:52:00,,,,,,,,
0,HAT060,ATL,BOS,19:00:00,21:00:00,120,2024-05-07,landed,2024-05-07T19:06:00,2024-05-07T21:03:00,,,,,,,,
0,HAT060,ATL,BOS,19:00:00,21:00:00,120,2024-05-08,landed,2024-05-08T19:40:00,2024-05-08T20:48:00,,,,,,,,
0,HAT060,ATL,BOS,19:00:00,21:00:00,120,2024-05-09,landed,2024-05-09T18:40:00,2024-05-09T21:00:00,,,,,,,,
0,HAT060,ATL,BOS,19:00:00,21:00:00,120,2024-05-10,landed,2024-05-10T19:32:00,2024-05-10T20:45:00,,,,,,,,
0,HAT060,ATL,BOS,19:00:00,21:00:00,120,2024-05-11,landed,2024-05-11T18:54:00,2024-05-11T20:46:00,,,,,,,,
0,HAT060,ATL,BOS,19:00:00,21:00:00,120,2024-05-12,landed,2024-05-12T19:34:00,2024-05-12T20:45:00,,,,,,,,
0,HAT060,ATL,BOS,19:00:00,21:00:00,120,2024-05-13,landed,2024-05-13T18:48:00,2024-05-13T21:17:00,,,,,,,,
0,HAT060,ATL,BOS,19:00:00,21:00:00,120,2024-05-14,landed,2024-05-14T19:13:00,2024-05-14T20:38:00,,,,,,,,
0,HAT060,ATL,BOS,19:00:00,21:00:00,120,2024-05-15,on time,,,2024-05-15T18:45:00,2024-05-15T20:37:00,,,,,,
0,HAT060,ATL,BOS,19:00:00,21:00:00,120,2024-05-16,available,,,,,4.0,13.0,7.0,59.0,161.0,213.0
0,HAT060,ATL,BOS,19:00:00,21:00:00,120,2024-05-17,available,,,,,11.0,13.0,6.0,75.0,182.0,474.0
0,HAT060,ATL,BOS,19:00:00,21:00:00,120,2024-05-18,available,,,,,9.0,13.0,20.0,92.0,171.0,387.0
0,HAT060,ATL,BOS,19:00:00,21:00:00,120,2024-05-19,available,,,,,2.0,4.0,5.0,67.0,126.0,267.0
0,HAT060,ATL,BOS,19:00:00,21:00:00,120,2024-05-20,available,,,,,16.0,16.0,11.0,73.0,109.0,421.0
0,HAT060,ATL,BOS,19:00:00,21:00:00,120,2024-05-21,available,,,,,8.0,18.0,19.0,55.0,138.0,386.0
0,HAT060,ATL,BOS,19:00:00,21:00:00,120,2024-05-22,available,,,,,13.0,8.0,10.0,94.0,162.0,252.0
0,HAT060,ATL,BOS,19:00:00,21:00:00,120,2024-05-23,available,,,,,14.0,4.0,15.0,55.0,158.0,242.0
0,HAT060,ATL,BOS,19:00:00,21:00:00,120,2024-05-24,available,,,,,17.0,11.0,17.0,55.0,126.0,486.0
0,HAT060,ATL,BOS,19:00:00,21:00:00,120,2024-05-25,available,,,,,16.0,6.0,11.0,63.0,194.0,318.0
0,HAT060,ATL,BOS,19:00:00,21:00:00,120,2024-05-26,available,,,,,6.0,11.0,11.0,84.0,180.0,272.0
0,HAT060,ATL,BOS,19:00:00,21:00:00,120,2024-05-27,available,,,,,5.0,8.0,5.0,88.0,124.0,273.0
0,HAT060,ATL,BOS,19:00:00,21:00:00,120,2024-05-28,available,,,,,5.0,13.0,15.0,94.0,126.0,467.0
0,HAT060,ATL,BOS,19:00:00,21:00:00,120,2024-05-29,available,,,,,10.0,6.0,9.0,77.0,122.0,382.0
0,HAT060,ATL,BOS,19:00:00,21:00:00,120,2024-05-30,available,,,,,12.0,18.0,11.0,65.0,187.0,437.0
0,HAT061,ATL,BOS,13:00:00,15:00:00,120,2024-05-01,landed,2024-05-01T13:26:00,2024-05-01T15:48:00,,,,,,,,
0,HAT061,ATL,BOS,13:00:00,15:00:00,120,2024-05-02,landed,2024-05-02T12:47:00,2024-05-02T14:36:00,,,,,,,,
0,HAT061,ATL,BOS,13:00:00,15:00:00,120,2024-05-03,landed,2024-05-03T12:40:00,2024-05-03T15:42:00,,,,,,,,
0,HAT061,ATL,BOS,13:00:00,15:00:00,120,2024-05-04,landed,2024-05-04T13:31:00,2024-05-04T14:51:00,,,,,,,,
0,HAT061,ATL,BOS,13:00:00,15:00:00,120,2024-05-05,landed,2024-05-05T12:51:00,2024-05-05T15:51:00,,,,,,,,
0,HAT061,ATL,BOS,13:00:00,15:00:00,120,2024-05-06,landed,2024-05-06T12:52:00,2024-05-06T15:12:00,,,,,,,,
0,HAT061,ATL,BOS,13:00:00,15:00:00,120,2024-05-07,landed,2024-05-07T12:41:00,2024-05-07T14:54:00,,,,,,,,
0,HAT061,ATL,BOS,13:00:00,15:00:00,120,2024-05-08,landed,2024-05-08T12:55:00,2024-05-08T15:50:00,,,,,,,,
0,HAT061,ATL,BOS,13:00:00,15:00:00,120,2024-05-09,landed,2024-05-09T13:31:00,2024-05-09T15:04:00,,,,,,,,
0,HAT061,ATL,BOS,13:00:00,15:00:00,120,2024-05-10,cancelled,,,,,,,,,,
0,HAT061,ATL,BOS,13:00:00,15:00:00,120,2024-05-11,landed,2024-05-11T12:49:00,2024-05-11T15:20:00,,,,,,,,
0,HAT061,ATL,BOS,13:00:00,15:00:00,120,2024-05-12,landed,2024-05-12T13:04:00,2024-05-12T15:42:00,,,,,,,,
0,HAT061,ATL,BOS,13:00:00,15:00:00,120,2024-05-13,cancelled,,,,,,,,,,
0,HAT061,ATL,BOS,13:00:00,15:00:00,120,2024-05-14,landed,2024-05-14T13:07:00,2024-05-14T15:27:00,,,,,,,,
0,HAT061,ATL,BOS,13:00:00,15:00:00,120,2024-05-15,landed,2024-05-15T13:36:00,2024-05-15T14:52:00,,,,,,,,
0,HAT061,ATL,BOS,13:00:00,15:00:00,120,2024-05-16,available,,,,,6.0,6.0,2.0,95.0,161.0,222.0
0,HAT061,ATL,BOS,13:00:00,15:00:00,120,2024-05-17,available,,,,,18.0,9.0,15.0,67.0,167.0,466.0
0,HAT061,ATL,BOS,13:00:00,15:00:00,120,2024-05-18,available,,,,,11.0,1.0,6.0,58.0,185.0,237.0
0,HAT061,ATL,BOS,13:00:00,15:00:00,120,2024-05-19,available,,,,,8.0,16.0,2.0,93.0,142.0,297.0
0,HAT061,ATL,BOS,13:00:00,15:00:00,120,2024-05-20,available,,,,,0.0,20.0,19.0,58.0,111.0,283.0
0,HAT061,ATL,BOS,13:00:00,15:00:00,120,2024-05-21,available,,,,,15.0,2.0,20.0,78.0,172.0,460.0
0,HAT061,ATL,BOS,13:00:00,15:00:00,120,2024-05-22,available,,,,,5.0,5.0,4.0,56.0,156.0,272.0
0,HAT061,ATL,BOS,13:00:00,15:00:00,120,2024-05-23,available,,,,,1.0,5.0,11.0,50.0,142.0,364.0
0,HAT061,ATL,BOS,13:00:00,15:00:00,120,2024-05-24,available,,,,,17.0,19.0,15.0,63.0,128.0,372.0
0,HAT061,ATL,BOS,13:00:00,15:00:00,120,2024-05-25,available,,,,,19.0,8.0,17.0,68.0,102.0,332.0
0,HAT061,ATL,BOS,13:00:00,15:00:00,120,2024-05-26,available,,,,,5.0,3.0,0.0,77.0,184.0,204.0
0,HAT061,ATL,BOS,13:00:00,15:00:00,120,2024-05-27,available,,,,,15.0,14.0,11.0,59.0,167.0,299.0
0,HAT061,ATL,BOS,13:00:00,15:00:00,120,2024-05-28,available,,,,,12.0,16.0,12.0,68.0,181.0,236.0
0,HAT061,ATL,BOS,13:00:00,15:00:00,120,2024-05-29,available,,,,,9.0,9.0,19.0,77.0,134.0,355.0
0,HAT061,ATL,BOS,13:00:00,15:00:00,120,2024-05-30,available,,,,,15.0,18.0,0.0,92.0,199.0,395.0
0,HAT062,ATL,BOS,02:00:00,04:00:00,120,2024-05-01,landed,2024-05-01T02:34:00,2024-05-01T04:20:00,,,,,,,,
0,HAT062,ATL,BOS,02:00:00,04:00:00,120,2024-05-02,landed,2024-05-02T01:54:00,2024-05-02T04:02:00,,,,,,,,
0,HAT062,ATL,BOS,02:00:00,04:00:00,120,2024-05-03,landed,2024-05-03T02:40:00,2024-05-03T04:02:00,,,,,,,,
0,HAT062,ATL,BOS,02:00:00,04:00:00,120,2024-05-04,landed,2024-05-04T02:07:00,2024-05-04T04:34:00,,,,,,,,
0,HAT062,ATL,BOS,02:00:00,04:00:00,120,2024-05-05,landed,2024-05-05T02:01:00,2024-05-05T04:17:00,,,,,,,,
0,HAT062,ATL,BOS,02:00:00,04:00:00,120,2024-05-06,landed,2024-05-06T01:43:00,2024-05-06T03:54:00,,,,,,,,
0,HAT062,ATL,BOS,02:00:00,04:00:00,120,2024-05-07,landed,2024-05-07T02:19:00,2024-05-07T04:26:00,,,,,,,,
0,HAT062,ATL,BOS,02:00:00,04:00:00,120,2024-05-08,landed,2024-05-08T02:30:00,2024-05-08T03:56:00,,,,,,,,
0,HAT062,ATL,BOS,02:00:00,04:00:00,120,2024-05-09,landed,2024-05-09T02:39:00,2024-05-09T04:42:00,,,,,,,,
0,HAT062,ATL,BOS,02:00:00,04:00:00,120,2024-05-10,landed,2024-05-10T02:02:00,2024-05-10T04:46:00,,,,,,,,
0,HAT062,ATL,BOS,02:00:00,04:00:00,120,2024-05-11,landed,2024-05-11T02:38:00,2024-05-11T04:17:00,,,,,,,,
0,HAT062,ATL,BOS,02:00:00,04:00:00,120,2024-05-12,landed,2024-05-12T02:36:00,2024-05-12T04:20:00,,,,,,,,
0,HAT062,ATL,BOS,02:00:00,04:00:00,120,2024-05-13,landed,2024-05-13T02:14:00,2024-05-13T04:33:00,,,,,,,,
0,HAT062,ATL,BOS,02:00:00,04:00:00,120,2024-05-14,landed,2024-05-14T02:16:00,2024-05-14T03:46:00,,,,,,,,
0,HAT062,ATL,BOS,02:00:00,04:00:00,120,2024-05-15,landed,2024-05-15T02:11:00,2024-05-15T04:06:00,,,,,,,,
0,HAT062,ATL,BOS,02:00:00,04:00:00,120,2024-05-16,available,,,,,20.0,3.0,18.0,62.0,150.0,480.0
0,HAT062,ATL,BOS,02:00:00,04:00:00,120,2024-05-17,available,,,,,9.0,19.0,15.0,98.0,191.0,461.0
0,HAT062,ATL,BOS,02:00:00,04:00:00,120,2024-05-18,available,,,,,3.0,12.0,0.0,60.0,125.0,494.0
0,HAT062,ATL,BOS,02:00:00,04:00:00,120,2024-05-19,available,,,,,6.0,4.0,18.0,90.0,181.0,239.0
0,HAT062,ATL,BOS,02:00:00,04:00:00,120,2024-05-20,available,,,,,18.0,3.0,4.0,92.0,126.0,495.0
0,HAT062,ATL,BOS,02:00:00,04:00:00,120,2024-05-21,available,,,,,13.0,15.0,3.0,84.0,140.0,360.0
0,HAT062,ATL,BOS,02:00:00,04:00:00,120,2024-05-22,available,,,,,16.0,7.0,10.0,56.0,151.0,320.0
0,HAT062,ATL,BOS,02:00:00,04:00:00,120,2024-05-23,available,,,,,19.0,10.0,3.0,93.0,161.0,408.0
0,HAT062,ATL,BOS,02:00:00,04:00:00,120,2024-05-24,available,,,,,2.0,9.0,3.0,66.0,136.0,380.0
0,HAT062,ATL,BOS,02:00:00,04:00:00,120,2024-05-25,available,,,,,3.0,4.0,2.0,50.0,136.0,487.0
0,HAT062,ATL,BOS,02:00:00,04:00:00,120,2024-05-26,available,,,,,10.0,16.0,9.0,72.0,142.0,422.0
0,HAT062,ATL,BOS,02:00:00,04:00:00,120,2024-05-27,available,,,,,8.0,19.0,6.0,99.0,113.0,433.0
0,HAT062,ATL,BOS,02:00:00,04:00:00,120,2024-05-28,available,,,,,16.0,2.0,17.0,59.0,162.0,415.0
0,HAT062,ATL,BOS,02:00:00,04:00:00,120,2024-05-29,available,,,,,11.0,15.0,19.0,92.0,136.0,443.0
0,HAT062,ATL,BOS,02:00:00,04:00:00,120,2024-05-30,available,,,,,14.0,5.0,20.0,61.0,170.0,484.0
0,HAT063,DTW,ORD,06:00:00,10:00:00,240,2024-05-01,landed,2024-05-01T06:08:00,2024-05-01T09:40:00,,,,,,,,
0,HAT063,DTW,ORD,06:00:00,10:00:00,240,2024-05-02,landed,2024-05-02T06:11:00,2024-05-02T10:37:00,,,,,,,,
0,HAT063,DTW,ORD,06:00:00,10:00:00,240,2024-05-03,landed,2024-05-03T06:23:00,2024-05-03T10:51:00,,,,,,,,
0,HAT063,DTW,ORD,06:00:00,10:00:00,240,2024-05-04,landed,2024-05-04T05:50:00,2024-05-04T09:57:00,,,,,,,,
0,HAT063,DTW,ORD,06:00:00,10:00:00,240,2024-05-05,landed,2024-05-05T05:40:00,2024-05-05T09:46:00,,,,,,,,
0,HAT063,DTW,ORD,06:00:00,10:00:00,240,2024-05-06,landed,2024-05-06T06:25:00,2024-05-06T10:13:00,,,,,,,,
0,HAT063,DTW,ORD,06:00:00,10:00:00,240,2024-05-07,landed,2024-05-07T05:51:00,2024-05-07T10:53:00,,,,,,,,
0,HAT063,DTW,ORD,06:00:00,10:00:00,240,2024-05-08,landed,2024-05-08T05:40:00,2024-05-08T09:47:00,,,,,,,,
0,HAT063,DTW,ORD,06:00:00,10:00:00,240,2024-05-09,landed,2024-05-09T06:07:00,2024-05-09T09:58:00,,,,,,,,
0,HAT063,DTW,ORD,06:00:00,10:00:00,240,2024-05-10,landed,2024-05-10T06:36:00,2024-05-10T09:41:00,,,,,,,,
0,HAT063,DTW,ORD,06:00:00,10:00:00,240,2024-05-11,landed,2024-05-11T06:30:00,2024-05-11T10:48:00,,,,,,,,
0,HAT063,DTW,ORD,06:00:00,10:00:00,240,2024-05-12,landed,2024-05-12T06:18:00,2024-05-12T09:57:00,,,,,,,,
0,HAT063,DTW,ORD,06:00:00,10:00:00,240,2024-05-13,landed,2024-05-13T06:16:00,2024-05-13T09:55:00,,,,,,,,
0,HAT063,DTW,ORD,06:00:00,10:00:00,240,2024-05-14,landed,2024-05-14T05:53:00,2024-05-14T10:24:00,,,,,,,,
0,HAT063,DTW,ORD,06:00:00,10:00:00,240,2024-05-15,landed,2024-05-15T05:53:00,2024-05-15T10:48:00,,,,,,,,
0,HAT063,DTW,ORD,06:00:00,10:00:00,240,2024-05-16,available,,,,,17.0,15.0,0.0,62.0,105.0,289.0
0,HAT063,DTW,ORD,06:00:00,10:00:00,240,2024-05-17,available,,,,,20.0,13.0,16.0,64.0,149.0,486.0
0,HAT063,DTW,ORD,06:00:00,10:00:00,240,2024-05-18,available,,,,,2.0,15.0,0.0,70.0,166.0,499.0
0,HAT063,DTW,ORD,06:00:00,10:00:00,240,2024-05-19,available,,,,,9.0,18.0,11.0,61.0,153.0,424.0
0,HAT063,DTW,ORD,06:00:00,10:00:00,240,2024-05-20,available,,,,,10.0,3.0,17.0,56.0,189.0,387.0
0,HAT063,DTW,ORD,06:00:00,10:00:00,240,2024-05-21,available,,,,,17.0,17.0,9.0,85.0,175.0,238.0
0,HAT063,DTW,ORD,06:00:00,10:00:00,240,2024-05-22,available,,,,,0.0,17.0,19.0,84.0,150.0,266.0
0,HAT063,DTW,ORD,06:00:00,10:00:00,240,2024-05-23,available,,,,,13.0,4.0,10.0,78.0,147.0,318.0
0,HAT063,DTW,ORD,06:00:00,10:00:00,240,2024-05-24,available,,,,,12.0,10.0,19.0,54.0,116.0,497.0
0,HAT063,DTW,ORD,06:00:00,10:00:00,240,2024-05-25,available,,,,,4.0,20.0,2.0,75.0,177.0,472.0
0,HAT063,DTW,ORD,06:00:00,10:00:00,240,2024-05-26,available,,,,,13.0,13.0,1.0,97.0,121.0,215.0
0,HAT063,DTW,ORD,06:00:00,10:00:00,240,2024-05-27,available,,,,,15.0,1.0,4.0,98.0,168.0,315.0
0,HAT063,DTW,ORD,06:00:00,10:00:00,240,2024-05-28,available,,,,,10.0,11.0,14.0,72.0,183.0,317.0
0,HAT063,DTW,ORD,06:00:00,10:00:00,240,2024-05-29,available,,,,,5.0,9.0,13.0,67.0,124.0,270.0
0,HAT063,DTW,ORD,06:00:00,10:00:00,240,2024-05-30,available,,,,,9.0,19.0,20.0,66.0,127.0,347.0
0,HAT064,DTW,ORD,18:00:00,22:00:00,240,2024-05-01,landed,2024-05-01T18:17:00,2024-05-01T21:43:00,,,,,,,,
0,HAT064,DTW,ORD,18:00:00,22:00:00,240,2024-05-02,landed,2024-05-02T18:31:00,2024-05-02T22:35:00,,,,,,,,
0,HAT064,DTW,ORD,18:00:00,22:00:00,240,2024-05-03,landed,2024-05-03T17:48:00,2024-05-03T22:23:00,,,,,,,,
0,HAT064,DTW,ORD,18:00:00,22:00:00,240,2024-05-04,landed,2024-05-04T18:12:00,2024-05-04T22:21:00,,,,,,,,
0,HAT064,DTW,ORD,18:00:00,22:00:00,240,2024-05-05,landed,2024-05-05T17:58:00,2024-05-05T21:54:00,,,,,,,,
0,HAT064,DTW,ORD,18:00:00,22:00:00,240,2024-05-06,landed,2024-05-06T17:46:00,2024-05-06T22:51:00,,,,,,,,
0,HAT064,DTW,ORD,18:00:00,22:00:00,240,2024-05-07,landed,2024-05-07T18:02:00,2024-05-07T22:29:00,,,,,,,,
0,HAT064,DTW,ORD,18:00:00,22:00:00,240,2024-05-08,landed,2024-05-08T18:28:00,2024-05-08T21:37:00,,,,,,,,
0,HAT064,DTW,ORD,18:00:00,22:00:00,240,2024-05-09,landed,2024-05-09T18:22:00,2024-05-09T21:37:00,,,,,,,,
0,HAT064,DTW,ORD,18:00:00,22:00:00,240,2024-05-10,landed,2024-05-10T18:24:00,2024-05-10T21:41:00,,,,,,,,
0,HAT064,DTW,ORD,18:00:00,22:00:00,240,2024-05-11,landed,2024-05-11T17:40:00,2024-05-11T21:51:00,,,,,,,,
0,HAT064,DTW,ORD,18:00:00,22:00:00,240,2024-05-12,cancelled,,,,,,,,,,
0,HAT064,DTW,ORD,18:00:00,22:00:00,240,2024-05-13,landed,2024-05-13T18:09:00,2024-05-13T21:43:00,,,,,,,,
0,HAT064,DTW,ORD,18:00:00,22:00:00,240,2024-05-14,landed,2024-05-14T18:13:00,2024-05-14T22:52:00,,,,,,,,
0,HAT064,DTW,ORD,18:00:00,22:00:00,240,2024-05-15,on time,,,2024-05-15T17:31:00,2024-05-15T21:37:00,,,,,,
0,HAT064,DTW,ORD,18:00:00,22:00:00,240,2024-05-16,available,,,,,12.0,15.0,7.0,66.0,110.0,382.0
0,HAT064,DTW,ORD,18:00:00,22:00:00,240,2024-05-17,available,,,,,9.0,1.0,17.0,96.0,100.0,301.0
0,HAT064,DTW,ORD,18:00:00,22:00:00,240,2024-05-18,available,,,,,13.0,1.0,13.0,60.0,154.0,205.0
0,HAT064,DTW,ORD,18:00:00,22:00:00,240,2024-05-19,available,,,,,0.0,3.0,9.0,68.0,129.0,484.0
0,HAT064,DTW,ORD,18:00:00,22:00:00,240,2024-05-20,available,,,,,13.0,16.0,16.0,62.0,179.0,255.0
0,HAT064,DTW,ORD,18:00:00,22:00:00,240,2024-05-21,available,,,,,6.0,4.0,20.0,89.0,169.0,416.0
0,HAT064,DTW,ORD,18:00:00,22:00:00,240,2024-05-22,available,,,,,7.0,14.0,13.0,69.0,175.0,431.0
0,HAT064,DTW,ORD,18:00:00,22:00:00,240,2024-05-23,available,,,,,6.0,13.0,4.0,53.0,164.0,432.0
0,HAT064,DTW,ORD,18:00:00,22:00:00,240,2024-05-24,available,,,,,5.0,5.0,0.0,79.0,148.0,261.0
0,HAT064,DTW,ORD,18:00:00,22:00:00,240,2024-05-25,available,,,,,4.0,10.0,3.0,74.0,173.0,432.0
0,HAT064,DTW,ORD,18:00:00,22:00:00,240,2024-05-26,available,,,,,3.0,12.0,8.0,95.0,197.0,498.0
0,HAT064,DTW,ORD,18:00:00,22:00:00,240,2024-05-27,available,,,,,7.0,4.0,16.0,52.0,170.0,415.0
0,HAT064,DTW,ORD,18:00:00,22:00:00,240,2024-05-28,available,,,,,12.0,2.0,19.0,98.0,116.0,275.0
0,HAT064,DTW,ORD,18:00:00,22:00:00,240,2024-05-29,available,,,,,4.0,13.0,11.0,95.0,191.0,492.0
0,HAT064,DTW,ORD,18:00:00,22:00:00,240,2024-05-30,available,,,,,3.0,11.0,1.0,50.0,192.0,254.0
0,HAT065,JFK,PHX,14:00:00,17:00:00,180,2024-05-01,landed,2024-05-01T13:56:00,2024-05-01T17:29:00,,,,,,,,
0,HAT065,JFK,PHX,14:00:00,17:00:00,180,2024-05-02,landed,2024-05-02T14:32:00,2024-05-02T17:27:00,,,,,,,,
0,HAT065,JFK,PHX,14:00:00,17:00:00,180,2024-05-03,landed,2024-05-03T14:30:00,2024-05-03T17:27:00,,,,,,,,
0,HAT065,JFK,PHX,14:00:00,17:00:00,180,2024-05-04,cancelled,,,,,,,,,,
0,HAT065,JFK,PHX,14:00:00,17:00:00,180,2024-05-05,landed,2024-05-05T14:23:00,2024-05-05T17:01:00,,,,,,,,
0,HAT065,JFK,PHX,14:00:00,17:00:00,180,2024-05-06,landed,2024-05-06T14:04:00,2024-05-06T17:51:00,,,,,,,,
0,HAT065,JFK,PHX,14:00:00,17:00:00,180,2024-05-07,landed,2024-05-07T14:40:00,2024-05-07T16:44:00,,,,,,,,
0,HAT065,JFK,PHX,14:00:00,17:00:00,180,2024-05-08,landed,2024-05-08T14:38:00,2024-05-08T17:51:00,,,,,,,,
0,HAT065,JFK,PHX,14:00:00,17:00:00,180,2024-05-09,landed,2024-05-09T14:02:00,2024-05-09T17:28:00,,,,,,,,
0,HAT065,JFK,PHX,14:00:00,17:00:00,180,2024-05-10,landed,2024-05-10T14:29:00,2024-05-10T17:19:00,,,,,,,,
0,HAT065,JFK,PHX,14:00:00,17:00:00,180,2024-05-11,landed,2024-05-11T13:46:00,2024-05-11T17:48:00,,,,,,,,
0,HAT065,JFK,PHX,14:00:00,17:00:00,180,2024-05-12,landed,2024-05-12T14:28:00,2024-05-12T17:41:00,,,,,,,,
0,HAT065,JFK,PHX,14:00:00,17:00:00,180,2024-05-13,landed,2024-05-13T14:03:00,2024-05-13T16:53:00,,,,,,,,
0,HAT065,JFK,PHX,14:00:00,17:00:00,180,2024-05-14,landed,2024-05-14T14:01:00,2024-05-14T16:49:00,,,,,,,,
0,HAT065,JFK,PHX,14:00:00,17:00:00,180,2024-05-15,flying,2024-05-15T13:46:00,,,2024-05-15T17:44:00,,,,,,
0,HAT065,JFK,PHX,14:00:00,17:00:00,180,2024-05-16,available,,,,,14.0,1.0,15.0,67.0,139.0,395.0
0,HAT065,JFK,PHX,14:00:00,17:00:00,180,2024-05-17,available,,,,,6.0,9.0,13.0,59.0,187.0,465.0
0,HAT065,JFK,PHX,14:00:00,17:00:00,180,2024-05-18,available,,,,,16.0,14.0,16.0,85.0,111.0,257.0
0,HAT065,JFK,PHX,14:00:00,17:00:00,180,2024-05-19,available,,,,,1.0,14.0,17.0,55.0,165.0,362.0
0,HAT065,JFK,PHX,14:00:00,17:00:00,180,2024-05-20,available,,,,,19.0,11.0,6.0,73.0,126.0,260.0
0,HAT065,JFK,PHX,14:00:00,17:00:00,180,2024-05-21,available,,,,,19.0,10.0,18.0,82.0,122.0,358.0
0,HAT065,JFK,PHX,14:00:00,17:00:00,180,2024-05-22,available,,,,,6.0,10.0,13.0,98.0,166.0,335.0
0,HAT065,JFK,PHX,14:00:00,17:00:00,180,2024-05-23,available,,,,,2.0,5.0,19.0,78.0,153.0,355.0
0,HAT065,JFK,PHX,14:00:00,17:00:00,180,2024-05-24,available,,,,,13.0,3.0,16.0,79.0,109.0,391.0
0,HAT065,JFK,PHX,14:00:00,17:00:00,180,2024-05-25,available,,,,,0.0,12.0,10.0,62.0,187.0,307.0
0,HAT065,JFK,PHX,14:00:00,17:00:00,180,2024-05-26,available,,,,,8.0,9.0,16.0,93.0,128.0,213.0
0,HAT065,JFK,PHX,14:00:00,17:00:00,180,2024-05-27,available,,,,,0.0,7.0,14.0,78.0,139.0,303.0
0,HAT065,JFK,PHX,14:00:00,17:00:00,180,2024-05-28,available,,,,,20.0,0.0,7.0,78.0,100.0,274.0
0,HAT065,JFK,PHX,14:00:00,17:00:00,180,2024-05-29,available,,,,,20.0,18.0,16.0,71.0,121.0,479.0
0,HAT065,JFK,PHX,14:00:00,17:00:00,180,2024-05-30,available,,,,,18.0,7.0,17.0,60.0,154.0,474.0
0,HAT066,JFK,PHX,22:00:00,01:00:00+1,180,2024-05-01,landed,2024-05-01T22:11:00,2024-05-02T00:42:00,,,,,,,,
0,HAT066,JFK,PHX,22:00:00,01:00:00+1,180,2024-05-02,landed,2024-05-02T22:06:00,2024-05-03T00:43:00,,,,,,,,
0,HAT066,JFK,PHX,22:00:00,01:00:00+1,180,2024-05-03,landed,2024-05-03T22:09:00,2024-05-04T01:10:00,,,,,,,,
0,HAT066,JFK,PHX,22:00:00,01:00:00+1,180,2024-05-04,landed,2024-05-04T22:21:00,2024-05-05T01:37:00,,,,,,,,
0,HAT066,JFK,PHX,22:00:00,01:00:00+1,180,2024-05-05,landed,2024-05-05T21:57:00,2024-05-06T01:54:00,,,,,,,,
0,HAT066,JFK,PHX,22:00:00,01:00:00+1,180,2024-05-06,landed,2024-05-06T22:10:00,2024-05-07T01:35:00,,,,,,,,
0,HAT066,JFK,PHX,22:00:00,01:00:00+1,180,2024-05-07,landed,2024-05-07T21:52:00,2024-05-08T01:02:00,,,,,,,,
0,HAT066,JFK,PHX,22:00:00,01:00:00+1,180,2024-05-08,landed,2024-05-08T22:25:00,2024-05-09T01:11:00,,,,,,,,
0,HAT066,JFK,PHX,22:00:00,01:00:00+1,180,2024-05-09,landed,2024-05-09T22:28:00,2024-05-10T01:35:00,,,,,,,,
0,HAT066,JFK,PHX,22:00:00,01:00:00+1,180,2024-05-10,landed,2024-05-10T22:14:00,2024-05-11T01:19:00,,,,,,,,
0,HAT066,JFK,PHX,22:00:00,01:00:00+1,180,2024-05-11,landed,2024-05-11T22:24:00,2024-05-12T01:26:00,,,,,,,,
0,HAT066,JFK,PHX,22:00:00,01:00:00+1,180,2024-05-12,landed,2024-05-12T22:32:00,2024-05-13T01:36:00,,,,,,,,
0,HAT066,JFK,PHX,22:00:00,01:00:00+1,180,2024-05-13,landed,2024-05-13T22:05:00,2024-05-14T00:51:00,,,,,,,,
0,HAT066,JFK,PHX,22:00:00,01:00:00+1,180,2024-05-14,landed,2024-05-14T22:20:00,2024-05-15T00:45:00,,,,,,,,
0,HAT066,JFK,PHX,22:00:00,01:00:00+1,180,2024-05-15,delayed,,,2024-05-16T00:14:00,2024-05-16T03:57:00,,,,,,
0,HAT066,JFK,PHX,22:00:00,01:00:00+1,180,2024-05-16,available,,,,,6.0,19.0,6.0,63.0,132.0,454.0
0,HAT066,JFK,PHX,22:00:00,01:00:00+1,180,2024-05-17,available,,,,,14.0,7.0,17.0,50.0,130.0,440.0
0,HAT066,JFK,PHX,22:00:00,01:00:00+1,180,2024-05-18,available,,,,,13.0,11.0,17.0,80.0,110.0,336.0
0,HAT066,JFK,PHX,22:00:00,01:00:00+1,180,2024-05-19,available,,,,,15.0,20.0,9.0,84.0,179.0,312.0
0,HAT066,JFK,PHX,22:00:00,01:00:00+1,180,2024-05-20,available,,,,,7.0,13.0,14.0,71.0,190.0,313.0
0,HAT066,JFK,PHX,22:00:00,01:00:00+1,180,2024-05-21,available,,,,,5.0,11.0,6.0,64.0,131.0,348.0
0,HAT066,JFK,PHX,22:00:00,01:00:00+1,180,2024-05-22,available,,,,,15.0,6.0,7.0,74.0,193.0,432.0
0,HAT066,JFK,PHX,22:00:00,01:00:00+1,180,2024-05-23,available,,,,,4.0,14.0,9.0,58.0,188.0,342.0
0,HAT066,JFK,PHX,22:00:00,01:00:00+1,180,2024-05-24,available,,,,,6.0,19.0,3.0,78.0,193.0,323.0
0,HAT066,JFK,PHX,22:00:00,01:00:00+1,180,2024-05-25,available,,,,,0.0,8.0,12.0,68.0,144.0,319.0
0,HAT066,JFK,PHX,22:00:00,01:00:00+1,180,2024-05-26,available,,,,,13.0,3.0,1.0,80.0,133.0,273.0
0,HAT066,JFK,PHX,22:00:00,01:00:00+1,180,2024-05-27,available,,,,,0.0,0.0,5.0,72.0,145.0,454.0
0,HAT066,JFK,PHX,22:00:00,01:00:00+1,180,2024-05-28,available,,,,,7.0,14.0,13.0,54.0,199.0,436.0
0,HAT066,JFK,PHX,22:00:00,01:00:00+1,180,2024-05-29,available,,,,,3.0,20.0,16.0,70.0,176.0,437.0
0,HAT066,JFK,PHX,22:00:00,01:00:00+1,180,2024-05-30,available,,,,,9.0,20.0,7.0,96.0,118.0,245.0
0,HAT067,JFK,PHX,15:00:00,18:00:00,180,2024-05-01,landed,2024-05-01T15:32:00,2024-05-01T17:48:00,,,,,,,,
0,HAT067,JFK,PHX,15:00:00,18:00:00,180,2024-05-02,landed,2024-05-02T14:52:00,2024-05-02T18:35:00,,,,,,,,
0,HAT067,JFK,PHX,15:00:00,18:00:00,180,2024-05-03,landed,2024-05-03T15:35:00,2024-05-03T18:11:00,,,,,,,,
0,HAT067,JFK,PHX,15:00:00,18:00:00,180,2024-05-04,landed,2024-05-04T15:17:00,2024-05-04T18:00:00,,,,,,,,
0,HAT067,JFK,PHX,15:00:00,18:00:00,180,2024-05-05,landed,2024-05-05T15:06:00,2024-05-05T17:54:00,,,,,,,,
0,HAT067,JFK,PHX,15:00:00,18:00:00,180,2024-05-06,landed,2024-05-06T14:55:00,2024-05-06T17:37:00,,,,,,,,
0,HAT067,JFK,PHX,15:00:00,18:00:00,180,2024-05-07,landed,2024-05-07T14:42:00,2024-05-07T18:03:00,,,,,,,,
0,HAT067,JFK,PHX,15:00:00,18:00:00,180,2024-05-08,landed,2024-05-08T15:40:00,2024-05-08T17:51:00,,,,,,,,
0,HAT067,JFK,PHX,15:00:00,18:00:00,180,2024-05-09,landed,2024-05-09T14:41:00,2024-05-09T18:04:00,,,,,,,,
0,HAT067,JFK,PHX,15:00:00,18:00:00,180,2024-05-10,landed,2024-05-10T14:56:00,2024-05-10T18:37:00,,,,,,,,
0,HAT067,JFK,PHX,15:00:00,18:00:00,180,2024-05-11,landed,2024-05-11T14:49:00,2024-05-11T18:37:00,,,,,,,,
0,HAT067,JFK,PHX,15:00:00,18:00:00,180,2024-05-12,landed,2024-05-12T14:42:00,2024-05-12T18:28:00,,,,,,,,
0,HAT067,JFK,PHX,15:00:00,18:00:00,180,2024-05-13,landed,2024-05-13T15:23:00,2024-05-13T18:33:00,,,,,,,,
0,HAT067,JFK,PHX,15:00:00,18:00:00,180,2024-05-14,landed,2024-05-14T15:15:00,2024-05-14T18:02:00,,,,,,,,
0,HAT067,JFK,PHX,15:00:00,18:00:00,180,2024-05-15,flying,2024-05-15T14:18:00,,,2024-05-15T17:55:00,,,,,,
0,HAT067,JFK,PHX,15:00:00,18:00:00,180,2024-05-16,available,,,,,17.0,4.0,14.0,54.0,162.0,275.0
0,HAT067,JFK,PHX,15:00:00,18:00:00,180,2024-05-17,available,,,,,15.0,2.0,4.0,83.0,178.0,473.0
0,HAT067,JFK,PHX,15:00:00,18:00:00,180,2024-05-18,available,,,,,8.0,14.0,16.0,82.0,102.0,399.0
0,HAT067,JFK,PHX,15:00:00,18:00:00,180,2024-05-19,available,,,,,5.0,13.0,20.0,74.0,150.0,478.0
0,HAT067,JFK,PHX,15:00:00,18:00:00,180,2024-05-20,available,,,,,10.0,19.0,7.0,72.0,158.0,264.0
0,HAT067,JFK,PHX,15:00:00,18:00:00,180,2024-05-21,available,,,,,20.0,15.0,20.0,79.0,129.0,368.0
0,HAT067,JFK,PHX,15:00:00,18:00:00,180,2024-05-22,available,,,,,7.0,1.0,18.0,77.0,181.0,363.0
0,HAT067,JFK,PHX,15:00:00,18:00:00,180,2024-05-23,available,,,,,16.0,13.0,15.0,73.0,128.0,257.0
0,HAT067,JFK,PHX,15:00:00,18:00:00,180,2024-05-24,available,,,,,0.0,17.0,3.0,96.0,170.0,464.0
0,HAT067,JFK,PHX,15:00:00,18:00:00,180,2024-05-25,available,,,,,7.0,14.0,19.0,87.0,131.0,402.0
0,HAT067,JFK,PHX,15:00:00,18:00:00,180,2024-05-26,available,,,,,20.0,8.0,9.0,77.0,159.0,403.0
0,HAT067,JFK,PHX,15:00:00,18:00:00,180,2024-05-27,available,,,,,15.0,17.0,19.0,99.0,101.0,410.0
0,HAT067,JFK,PHX,15:00:00,18:00:00,180,2024-05-28,available,,,,,18.0,14.0,17.0,67.0,124.0,466.0
0,HAT067,JFK,PHX,15:00:00,18:00:00,180,2024-05-29,available,,,,,5.0,9.0,19.0,61.0,105.0,222.0
0,HAT067,JFK,PHX,15:00:00,18:00:00,180,2024-05-30,available,,,,,13.0,20.0,10.0,89.0,145.0,496.0
0,HAT068,JFK,PHX,14:00:00,17:00:00,180,2024-05-01,landed,2024-05-01T13:53:00,2024-05-01T16:56:00,,,,,,,,
0,HAT068,JFK,PHX,14:00:00,17:00:00,180,2024-05-02,landed,2024-05-02T14:31:00,2024-05-02T17:25:00,,,,,,,,
0,HAT068,JFK,PHX,14:00:00,17:00:00,180,2024-05-03,landed,2024-05-03T14:34:00,2024-05-03T17:24:00,,,,,,,,
0,HAT068,JFK,PHX,14:00:00,17:00:00,180,2024-05-04,landed,2024-05-04T13:52:00,2024-05-04T17:48:00,,,,,,,,
0,HAT068,JFK,PHX,14:00:00,17:00:00,180,2024-05-05,landed,2024-05-05T14:26:00,2024-05-05T16:40:00,,,,,,,,
0,HAT068,JFK,PHX,14:00:00,17:00:00,180,2024-05-06,landed,2024-05-06T14:24:00,2024-05-06T17:05:00,,,,,,,,
0,HAT068,JFK,PHX,14:00:00,17:00:00,180,2024-05-07,landed,2024-05-07T14:04:00,2024-05-07T16:46:00,,,,,,,,
0,HAT068,JFK,PHX,14:00:00,17:00:00,180,2024-05-08,cancelled,,,,,,,,,,
0,HAT068,JFK,PHX,14:00:00,17:00:00,180,2024-05-09,cancelled,,,,,,,,,,
0,HAT068,JFK,PHX,14:00:00,17:00:00,180,2024-05-10,landed,2024-05-10T14:33:00,2024-05-10T17:21:00,,,,,,,,
0,HAT068,JFK,PHX,14:00:00,17:00:00,180,2024-05-11,landed,2024-05-11T14:22:00,2024-05-11T16:52:00,,,,,,,,
0,HAT068,JFK,PHX,14:00:00,17:00:00,180,2024-05-12,landed,2024-05-12T14:07:00,2024-05-12T17:41:00,,,,,,,,
0,HAT068,JFK,PHX,14:00:00,17:00:00,180,2024-05-13,landed,2024-05-13T13:49:00,2024-05-13T17:48:00,,,,,,,,
0,HAT068,JFK,PHX,14:00:00,17:00:00,180,2024-05-14,landed,2024-05-14T14:21:00,2024-05-14T16:57:00,,,,,,,,
0,HAT068,JFK,PHX,14:00:00,17:00:00,180,2024-05-15,flying,2024-05-15T14:11:00,,,2024-05-15T17:54:00,,,,,,
0,HAT068,JFK,PHX,14:00:00,17:00:00,180,2024-05-16,available,,,,,2.0,15.0,1.0,75.0,164.0,211.0
0,HAT068,JFK,PHX,14:00:00,17:00:00,180,2024-05-17,available,,,,,15.0,15.0,4.0,53.0,108.0,365.0
0,HAT068,JFK,PHX,14:00:00,17:00:00,180,2024-05-18,available,,,,,11.0,8.0,10.0,62.0,132.0,352.0
0,HAT068,JFK,PHX,14:00:00,17:00:00,180,2024-05-19,available,,,,,4.0,14.0,19.0,71.0,178.0,204.0
0,HAT068,JFK,PHX,14:00:00,17:00:00,180,2024-05-20,available,,,,,12.0,15.0,20.0,84.0,105.0,214.0
0,HAT068,JFK,PHX,14:00:00,17:00:00,180,2024-05-21,available,,,,,19.0,17.0,0.0,70.0,112.0,278.0
0,HAT068,JFK,PHX,14:00:00,17:00:00,180,2024-05-22,available,,,,,15.0,5.0,0.0,62.0,189.0,291.0
0,HAT068,JFK,PHX,14:00:00,17:00:00,180,2024-05-23,available,,,,,13.0,4.0,19.0,66.0,158.0,340.0
0,HAT068,JFK,PHX,14:00:00,17:00:00,180,2024-05-24,available,,,,,13.0,17.0,5.0,93.0,123.0,369.0
0,HAT068,JFK,PHX,14:00:00,17:00:00,180,2024-05-25,available,,,,,11.0,20.0,20.0,58.0,192.0,342.0
0,HAT068,JFK,PHX,14:00:00,17:00:00,180,2024-05-26,available,,,,,12.0,10.0,7.0,63.0,119.0,453.0
0,HAT068,JFK,PHX,14:00:00,17:00:00,180,2024-05-27,available,,,,,11.0,11.0,8.0,70.0,100.0,205.0
0,HAT068,JFK,PHX,14:00:00,17:00:00,180,2024-05-28,available,,,,,15.0,6.0,7.0,95.0,198.0,488.0
0,HAT068,JFK,PHX,14:00:00,17:00:00,180,2024-05-29,available,,,,,5.0,14.0,0.0,53.0,192.0,292.0
0,HAT068,JFK,PHX,14:00:00,17:00:00,180,2024-05-30,available,,,,,14.0,17.0,18.0,97.0,101.0,309.0
0,HAT069,LGA,MSP,20:00:00,23:30:00,210,2024-05-01,cancelled,,,,,,,,,,
0,HAT069,LGA,MSP,20:00:00,23:30:00,210,2024-05-02,landed,2024-05-02T19:46:00,2024-05-02T23:54:00,,,,,,,,
0,HAT069,LGA,MSP,20:00:00,23:30:00,210,2024-05-03,landed,2024-05-03T20:08:00,2024-05-03T23:52:00,,,,,,,,
0,HAT069,LGA,MSP,20:00:00,23:30:00,210,2024-05-04,landed,2024-05-04T20:05:00,2024-05-04T23:25:00,,,,,,,,
0,HAT069,LGA,MSP,20:00:00,23:30:00,210,2024-05-05,landed,2024-05-05T20:14:00,2024-05-06T00:07:00,,,,,,,,
0,HAT069,LGA,MSP,20:00:00,23:30:00,210,2024-05-06,landed,2024-05-06T20:29:00,2024-05-06T23:32:00,,,,,,,,
0,HAT069,LGA,MSP,20:00:00,23:30:00,210,2024-05-07,landed,2024-05-07T20:07:00,2024-05-07T23:07:00,,,,,,,,
0,HAT069,LGA,MSP,20:00:00,23:30:00,210,2024-05-08,landed,2024-05-08T20:07:00,2024-05-08T23:53:00,,,,,,,,
0,HAT069,LGA,MSP,20:00:00,23:30:00,210,2024-05-09,landed,2024-05-09T20:14:00,2024-05-09T23:15:00,,,,,,,,
0,HAT069,LGA,MSP,20:00:00,23:30:00,210,2024-05-10,landed,2024-05-10T20:27:00,2024-05-10T23:14:00,,,,,,,,
0,HAT069,LGA,MSP,20:00:00,23:30:00,210,2024-05-11,landed,2024-05-11T20:29:00,2024-05-11T23:21:00,,,,,,,,
0,HAT069,LGA,MSP,20:00:00,23:30:00,210,2024-05-12,landed,2024-05-12T19:41:00,2024-05-13T00:20:00,,,,,,,,
0,HAT069,LGA,MSP,20:00:00,23:30:00,210,2024-05-13,landed,2024-05-13T20:21:00,2024-05-13T23:17:00,,,,,,,,
0,HAT069,LGA,MSP,20:00:00,23:30:00,210,2024-05-14,landed,2024-05-14T20:14:00,2024-05-15T00:17:00,,,,,,,,
0,HAT069,LGA,MSP,20:00:00,23:30:00,210,2024-05-15,delayed,,,2024-05-15T20:46:00,2024-05-16T00:37:00,,,,,,
0,HAT069,LGA,MSP,20:00:00,23:30:00,210,2024-05-16,available,,,,,18.0,8.0,3.0,82.0,155.0,456.0
0,HAT069,LGA,MSP,20:00:00,23:30:00,210,2024-05-17,available,,,,,17.0,17.0,9.0,66.0,154.0,200.0
0,HAT069,LGA,MSP,20:00:00,23:30:00,210,2024-05-18,available,,,,,14.0,4.0,14.0,92.0,174.0,255.0
0,HAT069,LGA,MSP,20:00:00,23:30:00,210,2024-05-19,available,,,,,0.0,7.0,5.0,94.0,180.0,443.0
0,HAT069,LGA,MSP,20:00:00,23:30:00,210,2024-05-20,available,,,,,19.0,4.0,9.0,98.0,116.0,344.0
0,HAT069,LGA,MSP,20:00:00,23:30:00,210,2024-05-21,available,,,,,9.0,3.0,13.0,54.0,183.0,294.0
0,HAT069,LGA,MSP,20:00:00,23:30:00,210,2024-05-22,available,,,,,0.0,3.0,13.0,74.0,149.0,393.0
0,HAT069,LGA,MSP,20:00:00,23:30:00,210,2024-05-23,available,,,,,18.0,12.0,20.0,94.0,118.0,228.0
0,HAT069,LGA,MSP,20:00:00,23:30:00,210,2024-05-24,available,,,,,5.0,3.0,8.0,61.0,190.0,268.0
0,HAT069,LGA,MSP,20:00:00,23:30:00,210,2024-05-25,available,,,,,9.0,14.0,13.0,65.0,140.0,234.0
0,HAT069,LGA,MSP,20:00:00,23:30:00,210,2024-05-26,available,,,,,19.0,19.0,10.0,91.0,142.0,473.0
0,HAT069,LGA,MSP,20:00:00,23:30:00,210,2024-05-27,available,,,,,11.0,3.0,18.0,89.0,198.0,391.0
0,HAT069,LGA,MSP,20:00:00,23:30:00,210,2024-05-28,available,,,,,2.0,6.0,18.0,87.0,187.0,385.0
0,HAT069,LGA,MSP,20:00:00,23:30:00,210,2024-05-29,available,,,,,11.0,20.0,5.0,98.0,183.0,360.0
0,HAT069,LGA,MSP,20:00:00,23:30:00,210,2024-05-30,available,,,,,4.0,18.0,2.0,50.0,168.0,346.0
0,HAT070,LGA,MSP,07:00:00,10:30:00,210,2024-05-01,landed,2024-05-01T07:21:00,2024-05-01T11:05:00,,,,,,,,
0,HAT070,LGA,MSP,07:00:00,10:30:00,210,2024-05-02,landed,2024-05-02T06:47:00,2024-05-02T11:21:00,,,,,,,,
0,HAT070,LGA,MSP,07:00:00,10:30:00,210,2024-05-03,landed,2024-05-03T07:14:00,2024-05-03T11:14:00,,,,,,,,
0,HAT070,LGA,MSP,07:00:00,10:30:00,210,2024-05-04,landed,2024-05-04T07:33:00,2024-05-04T11:15:00,,,,,,,,
0,HAT070,LGA,MSP,07:00:00,10:30:00,210,2024-05-05,landed,2024-05-05T07:16:00,2024-05-05T10:56:00,,,,,,,,
0,HAT070,LGA,MSP,07:00:00,10:30:00,210,2024-05-06,landed,2024-05-06T07:38:00,2024-05-06T10:08:00,,,,,,,,
0,HAT070,LGA,MSP,07:00:00,10:30:00,210,2024-05-07,landed,2024-05-07T07:27:00,2024-05-07T10:31:00,,,,,,,,
0,HAT070,LGA,MSP,07:00:00,10:30:00,210,2024-05-08,landed,2024-05-08T07:05:00,2024-05-08T11:04:00,,,,,,,,
0,HAT070,LGA,MSP,07:00:00,10:30:00,210,2024-05-09,landed,2024-05-09T07:31:00,2024-05-09T10:30:00,,,,,,,,
0,HAT070,LGA,MSP,07:00:00,10:30:00,210,2024-05-10,landed,2024-05-10T07:15:00,2024-05-10T11:10:00,,,,,,,,
0,HAT070,LGA,MSP,07:00:00,10:30:00,210,2024-05-11,landed,2024-05-11T06:47:00,2024-05-11T11:06:00,,,,,,,,
0,HAT070,LGA,MSP,07:00:00,10:30:00,210,2024-05-12,landed,2024-05-12T07:17:00,2024-05-12T11:18:00,,,,,,,,
0,HAT070,LGA,MSP,07:00:00,10:30:00,210,2024-05-13,landed,2024-05-13T07:30:00,2024-05-13T11:13:00,,,,,,,,
0,HAT070,LGA,MSP,07:00:00,10:30:00,210,2024-05-14,landed,2024-05-14T07:19:00,2024-05-14T10:47:00,,,,,,,,
0,HAT070,LGA,MSP,07:00:00,10:30:00,210,2024-05-15,landed,2024-05-15T07:04:00,2024-05-15T11:14:00,,,,,,,,
0,HAT070,LGA,MSP,07:00:00,10:30:00,210,2024-05-16,available,,,,,6.0,8.0,9.0,74.0,165.0,201.0
0,HAT070,LGA,MSP,07:00:00,10:30:00,210,2024-05-17,available,,,,,0.0,1.0,8.0,86.0,100.0,295.0
0,HAT070,LGA,MSP,07:00:00,10:30:00,210,2024-05-18,available,,,,,1.0,20.0,15.0,60.0,138.0,446.0
0,HAT070,LGA,MSP,07:00:00,10:30:00,210,2024-05-19,available,,,,,13.0,20.0,18.0,87.0,110.0,220.0
0,HAT070,LGA,MSP,07:00:00,10:30:00,210,2024-05-20,available,,,,,19.0,11.0,13.0,91.0,117.0,441.0
0,HAT070,LGA,MSP,07:00:00,10:30:00,210,2024-05-21,available,,,,,17.0,8.0,15.0,79.0,166.0,214.0
0,HAT070,LGA,MSP,07:00:00,10:30:00,210,2024-05-22,available,,,,,3.0,1.0,15.0,50.0,194.0,349.0
0,HAT070,LGA,MSP,07:00:00,10:30:00,210,2024-05-23,available,,,,,15.0,8.0,19.0,75.0,110.0,384.0
0,HAT070,LGA,MSP,07:00:00,10:30:00,210,2024-05-24,available,,,,,17.0,3.0,6.0,78.0,200.0,346.0
0,HAT070,LGA,MSP,07:00:00,10:30:00,210,2024-05-25,available,,,,,14.0,7.0,7.0,55.0,187.0,401.0
0,HAT070,LGA,MSP,07:00:00,10:30:00,210,2024-05-26,available,,,,,4.0,1.0,17.0,52.0,127.0,331.0
0,HAT070,LGA,MSP,07:00:00,10:30:00,210,2024-05-27,available,,,,,13.0,15.0,9.0,81.0,135.0,259.0
0,HAT070,LGA,MSP,07:00:00,10:30:00,210,2024-05-28,available,,,,,20.0,15.0,20.0,52.0,101.0,253.0
0,HAT070,LGA,MSP,07:00:00,10:30:00,210,2024-05-29,available,,,,,6.0,9.0,0.0,54.0,189.0,433.0
0,HAT070,LGA,MSP,07:00:00,10:30:00,210,2024-05-30,available,,,,,3.0,14.0,5.0,71.0,116.0,370.0
0,HAT071,EWR,IAH,08:00:00,09:00:00,60,2024-05-01,landed,2024-05-01T08:17:00,2024-05-01T09:42:00,,,,,,,,
0,HAT071,EWR,IAH,08:00:00,09:00:00,60,2024-05-02,landed,2024-05-02T07:50:00,2024-05-02T09:44:00,,,,,,,,
0,HAT071,EWR,IAH,08:00:00,09:00:00,60,2024-05-03,landed,2024-05-03T08:36:00,2024-05-03T08:51:00,,,,,,,,
0,HAT071,EWR,IAH,08:00:00,09:00:00,60,2024-05-04,cancelled,,,,,,,,,,
0,HAT071,EWR,IAH,08:00:00,09:00:00,60,2024-05-05,landed,2024-05-05T07:42:00,2024-05-05T09:44:00,,,,,,,,
0,HAT071,EWR,IAH,08:00:00,09:00:00,60,2024-05-06,landed,2024-05-06T07:42:00,2024-05-06T09:30:00,,,,,,,,
0,HAT071,EWR,IAH,08:00:00,09:00:00,60,2024-05-07,landed,2024-05-07T08:05:00,2024-05-07T09:08:00,,,,,,,,
0,HAT071,EWR,IAH,08:00:00,09:00:00,60,2024-05-08,landed,2024-05-08T07:42:00,2024-05-08T09:11:00,,,,,,,,
0,HAT071,EWR,IAH,08:00:00,09:00:00,60,2024-05-09,landed,2024-05-09T08:37:00,2024-05-09T09:37:00,,,,,,,,
0,HAT071,EWR,IAH,08:00:00,09:00:00,60,2024-05-10,landed,2024-05-10T08:03:00,2024-05-10T08:37:00,,,,,,,,
0,HAT071,EWR,IAH,08:00:00,09:00:00,60,2024-05-11,landed,2024-05-11T08:13:00,2024-05-11T09:09:00,,,,,,,,
0,HAT071,EWR,IAH,08:00:00,09:00:00,60,2024-05-12,landed,2024-05-12T08:08:00,2024-05-12T08:44:00,,,,,,,,
0,HAT071,EWR,IAH,08:00:00,09:00:00,60,2024-05-13,landed,2024-05-13T08:26:00,2024-05-13T08:53:00,,,,,,,,
0,HAT071,EWR,IAH,08:00:00,09:00:00,60,2024-05-14,landed,2024-05-14T08:36:00,2024-05-14T08:46:00,,,,,,,,
0,HAT071,EWR,IAH,08:00:00,09:00:00,60,2024-05-15,landed,2024-05-15T07:49:00,2024-05-15T08:58:00,,,,,,,,
0,HAT071,EWR,IAH,08:00:00,09:00:00,60,2024-05-16,available,,,,,20.0,16.0,12.0,80.0,182.0,328.0
0,HAT071,EWR,IAH,08:00:00,09:00:00,60,2024-05-17,available,,,,,11.0,5.0,9.0,98.0,149.0,449.0
0,HAT071,EWR,IAH,08:00:00,09:00:00,60,2024-05-18,available,,,,,6.0,10.0,2.0,73.0,169.0,218.0
0,HAT071,EWR,IAH,08:00:00,09:00:00,60,2024-05-19,available,,,,,19.0,18.0,4.0,96.0,166.0,215.0
0,HAT071,EWR,IAH,08:00:00,09:00:00,60,2024-05-20,available,,,,,5.0,20.0,14.0,80.0,105.0,387.0
0,HAT071,EWR,IAH,08:00:00,09:00:00,60,2024-05-21,available,,,,,7.0,17.0,20.0,64.0,116.0,264.0
0,HAT071,EWR,IAH,08:00:00,09:00:00,60,2024-05-22,available,,,,,8.0,5.0,17.0,63.0,187.0,380.0
0,HAT071,EWR,IAH,08:00:00,09:00:00,60,2024-05-23,available,,,,,9.0,17.0,0.0,87.0,129.0,455.0
0,HAT071,EWR,IAH,08:00:00,09:00:00,60,2024-05-24,available,,,,,20.0,1.0,3.0,84.0,139.0,371.0
0,HAT071,EWR,IAH,08:00:00,09:00:00,60,2024-05-25,available,,,,,5.0,7.0,11.0,96.0,160.0,215.0
0,HAT071,EWR,IAH,08:00:00,09:00:00,60,2024-05-26,available,,,,,20.0,17.0,12.0,75.0,146.0,415.0
0,HAT071,EWR,IAH,08:00:00,09:00:00,60,2024-05-27,available,,,,,19.0,5.0,17.0,71.0,137.0,231.0
0,HAT071,EWR,IAH,08:00:00,09:00:00,60,2024-05-28,available,,,,,11.0,10.0,9.0,95.0,179.0,208.0
0,HAT071,EWR,IAH,08:00:00,09:00:00,60,2024-05-29,available,,,,,17.0,11.0,11.0,83.0,103.0,227.0
0,HAT071,EWR,IAH,08:00:00,09:00:00,60,2024-05-30,available,,,,,7.0,20.0,16.0,94.0,188.0,366.0
0,HAT072,LAX,CLT,17:00:00,20:00:00,180,2024-05-01,landed,2024-05-01T16:53:00,2024-05-01T19:52:00,,,,,,,,
0,HAT072,LAX,CLT,17:00:00,20:00:00,180,2024-05-02,landed,2024-05-02T17:01:00,2024-05-02T19:53:00,,,,,,,,
0,HAT072,LAX,CLT,17:00:00,20:00:00,180,2024-05-03,landed,2024-05-03T16:45:00,2024-05-03T20:28:00,,,,,,,,
0,HAT072,LAX,CLT,17:00:00,20:00:00,180,2024-05-04,landed,2024-05-04T17:23:00,2024-05-04T20:47:00,,,,,,,,
0,HAT072,LAX,CLT,17:00:00,20:00:00,180,2024-05-05,landed,2024-05-05T17:20:00,2024-05-05T20:22:00,,,,,,,,
0,HAT072,LAX,CLT,17:00:00,20:00:00,180,2024-05-06,cancelled,,,,,,,,,,
0,HAT072,LAX,CLT,17:00:00,20:00:00,180,2024-05-07,landed,2024-05-07T17:30:00,2024-05-07T20:35:00,,,,,,,,
0,HAT072,LAX,CLT,17:00:00,20:00:00,180,2024-05-08,landed,2024-05-08T16:54:00,2024-05-08T20:19:00,,,,,,,,
0,HAT072,LAX,CLT,17:00:00,20:00:00,180,2024-05-09,landed,2024-05-09T16:49:00,2024-05-09T20:53:00,,,,,,,,
0,HAT072,LAX,CLT,17:00:00,20:00:00,180,2024-05-10,landed,2024-05-10T17:09:00,2024-05-10T19:48:00,,,,,,,,
0,HAT072,LAX,CLT,17:00:00,20:00:00,180,2024-05-11,landed,2024-05-11T17:10:00,2024-05-11T20:40:00,,,,,,,,
0,HAT072,LAX,CLT,17:00:00,20:00:00,180,2024-05-12,landed,2024-05-12T17:03:00,2024-05-12T20:07:00,,,,,,,,
0,HAT072,LAX,CLT,17:00:00,20:00:00,180,2024-05-13,landed,2024-05-13T17:38:00,2024-05-13T19:47:00,,,,,,,,
0,HAT072,LAX,CLT,17:00:00,20:00:00,180,2024-05-14,cancelled,,,,,,,,,,
0,HAT072,LAX,CLT,17:00:00,20:00:00,180,2024-05-15,on time,,,2024-05-15T16:51:00,2024-05-15T19:58:00,,,,,,
0,HAT072,LAX,CLT,17:00:00,20:00:00,180,2024-05-16,available,,,,,9.0,19.0,2.0,89.0,192.0,399.0
0,HAT072,LAX,CLT,17:00:00,20:00:00,180,2024-05-17,available,,,,,11.0,10.0,1.0,88.0,142.0,225.0
0,HAT072,LAX,CLT,17:00:00,20:00:00,180,2024-05-18,available,,,,,17.0,20.0,1.0,92.0,154.0,251.0
0,HAT072,LAX,CLT,17:00:00,20:00:00,180,2024-05-19,available,,,,,17.0,12.0,12.0,73.0,150.0,262.0
0,HAT072,LAX,CLT,17:00:00,20:00:00,180,2024-05-20,available,,,,,0.0,13.0,9.0,84.0,152.0,490.0
0,HAT072,LAX,CLT,17:00:00,20:00:00,180,2024-05-21,available,,,,,7.0,5.0,6.0,86.0,166.0,344.0
0,HAT072,LAX,CLT,17:00:00,20:00:00,180,2024-05-22,available,,,,,19.0,16.0,7.0,89.0,196.0,451.0
0,HAT072,LAX,CLT,17:00:00,20:00:00,180,2024-05-23,available,,,,,8.0,5.0,18.0,81.0,114.0,264.0
0,HAT072,LAX,CLT,17:00:00,20:00:00,180,2024-05-24,available,,,,,1.0,14.0,8.0,89.0,150.0,434.0
0,HAT072,LAX,CLT,17:00:00,20:00:00,180,2024-05-25,available,,,,,10.0,9.0,3.0,89.0,113.0,371.0
0,HAT072,LAX,CLT,17:00:00,20:00:00,180,2024-05-26,available,,,,,10.0,11.0,11.0,92.0,115.0,274.0
0,HAT072,LAX,CLT,17:00:00,20:00:00,180,2024-05-27,available,,,,,4.0,15.0,1.0,82.0,191.0,376.0
0,HAT072,LAX,CLT,17:00:00,20:00:00,180,2024-05-28,available,,,,,11.0,4.0,16.0,96.0,152.0,428.0
0,HAT072,LAX,CLT,17:00:00,20:00:00,180,2024-05-29,available,,,,,10.0,18.0,6.0,84.0,182.0,435.0
0,HAT072,LAX,CLT,17:00:00,20:00:00,180,2024-05-30,available,,,,,1.0,10.0,18.0,85.0,106.0,252.0
0,HAT073,LAX,CLT,01:00:00,04:00:00,180,2024-05-01,landed,2024-05-01T01:14:00,2024-05-01T04:49:00,,,,,,,,
0,HAT073,LAX,CLT,01:00:00,04:00:00,180,2024-05-02,landed,2024-05-02T00:43:00,2024-05-02T03:43:00,,,,,,,,
0,HAT073,LAX,CLT,01:00:00,04:00:00,180,2024-05-03,landed,2024-05-03T01:18:00,2024-05-03T03:46:00,,,,,,,,
0,HAT073,LAX,CLT,01:00:00,04:00:00,180,2024-05-04,landed,2024-05-04T00:53:00,2024-05-04T04:26:00,,,,,,,,
0,HAT073,LAX,CLT,01:00:00,04:00:00,180,2024-05-05,landed,2024-05-05T01:24:00,2024-05-05T04:49:00,,,,,,,,
0,HAT073,LAX,CLT,01:00:00,04:00:00,180,2024-05-06,landed,2024-05-06T00:46:00,2024-05-06T04:41:00,,,,,,,,
0,HAT073,LAX,CLT,01:00:00,04:00:00,180,2024-05-07,landed,2024-05-07T00:43:00,2024-05-07T03:47:00,,,,,,,,
0,HAT073,LAX,CLT,01:00:00,04:00:00,180,2024-05-08,landed,2024-05-08T01:25:00,2024-05-08T04:26:00,,,,,,,,
0,HAT073,LAX,CLT,01:00:00,04:00:00,180,2024-05-09,landed,2024-05-09T01:07:00,2024-05-09T04:34:00,,,,,,,,
0,HAT073,LAX,CLT,01:00:00,04:00:00,180,2024-05-10,landed,2024-05-10T01:40:00,2024-05-10T03:47:00,,,,,,,,
0,HAT073,LAX,CLT,01:00:00,04:00:00,180,2024-05-11,landed,2024-05-11T00:44:00,2024-05-11T04:54:00,,,,,,,,
0,HAT073,LAX,CLT,01:00:00,04:00:00,180,2024-05-12,landed,2024-05-12T00:46:00,2024-05-12T04:37:00,,,,,,,,
0,HAT073,LAX,CLT,01:00:00,04:00:00,180,2024-05-13,landed,2024-05-13T01:29:00,2024-05-13T04:07:00,,,,,,,,
0,HAT073,LAX,CLT,01:00:00,04:00:00,180,2024-05-14,landed,2024-05-14T00:51:00,2024-05-14T03:52:00,,,,,,,,
0,HAT073,LAX,CLT,01:00:00,04:00:00,180,2024-05-15,landed,2024-05-15T01:23:00,2024-05-15T04:19:00,,,,,,,,
0,HAT073,LAX,CLT,01:00:00,04:00:00,180,2024-05-16,available,,,,,7.0,14.0,0.0,56.0,118.0,220.0
0,HAT073,LAX,CLT,01:00:00,04:00:00,180,2024-05-17,available,,,,,19.0,5.0,8.0,98.0,187.0,289.0
0,HAT073,LAX,CLT,01:00:00,04:00:00,180,2024-05-18,available,,,,,5.0,20.0,0.0,53.0,167.0,318.0
0,HAT073,LAX,CLT,01:00:00,04:00:00,180,2024-05-19,available,,,,,8.0,3.0,6.0,60.0,149.0,495.0
0,HAT073,LAX,CLT,01:00:00,04:00:00,180,2024-05-20,available,,,,,6.0,3.0,19.0,72.0,100.0,281.0
0,HAT073,LAX,CLT,01:00:00,04:00:00,180,2024-05-21,available,,,,,2.0,2.0,19.0,94.0,163.0,381.0
0,HAT073,LAX,CLT,01:00:00,04:00:00,180,2024-05-22,available,,,,,3.0,1.0,5.0,95.0,174.0,456.0
0,HAT073,LAX,CLT,01:00:00,04:00:00,180,2024-05-23,available,,,,,8.0,16.0,9.0,64.0,199.0,473.0
0,HAT073,LAX,CLT,01:00:00,04:00:00,180,2024-05-24,available,,,,,10.0,2.0,3.0,75.0,114.0,371.0
0,HAT073,LAX,CLT,01:00:00,04:00:00,180,2024-05-25,available,,,,,19.0,17.0,9.0,72.0,115.0,378.0
0,HAT073,LAX,CLT,01:00:00,04:00:00,180,2024-05-26,available,,,,,8.0,12.0,14.0,91.0,115.0,423.0
0,HAT073,LAX,CLT,01:00:00,04:00:00,180,2024-05-27,available,,,,,0.0,1.0,15.0,62.0,192.0,469.0
0,HAT073,LAX,CLT,01:00:00,04:00:00,180,2024-05-28,available,,,,,5.0,16.0,9.0,63.0,114.0,343.0
0,HAT073,LAX,CLT,01:00:00,04:00:00,180,2024-05-29,available,,,,,12.0,9.0,18.0,57.0,159.0,378.0
0,HAT073,LAX,CLT,01:00:00,04:00:00,180,2024-05-30,available,,,,,0.0,13.0,1.0,50.0,142.0,410.0
0,HAT074,IAH,LAS,17:00:00,21:00:00,240,2024-05-01,landed,2024-05-01T17:02:00,2024-05-01T21:05:00,,,,,,,,
0,HAT074,IAH,LAS,17:00:00,21:00:00,240,2024-05-02,landed,2024-05-02T16:47:00,2024-05-02T21:54:00,,,,,,,,
0,HAT074,IAH,LAS,17:00:00,21:00:00,240,2024-05-03,landed,2024-05-03T17:39:00,2024-05-03T20:54:00,,,,,,,,
0,HAT074,IAH,LAS,17:00:00,21:00:00,240,2024-05-04,landed,2024-05-04T17:06:00,2024-05-04T20:48:00,,,,,,,,
0,HAT074,IAH,LAS,17:00:00,21:00:00,240,2024-05-05,landed,2024-05-05T17:40:00,2024-05-05T20:40:00,,,,,,,,
0,HAT074,IAH,LAS,17:00:00,21:00:00,240,2024-05-06,landed,2024-05-06T16:41:00,2024-05-06T21:50:00,,,,,,,,
0,HAT074,IAH,LAS,17:00:00,21:00:00,240,2024-05-07,landed,2024-05-07T17:35:00,2024-05-07T21:17:00,,,,,,,,
0,HAT074,IAH,LAS,17:00:00,21:00:00,240,2024-05-08,landed,2024-05-08T16:59:00,2024-05-08T20:53:00,,,,,,,,
0,HAT074,IAH,LAS,17:00:00,21:00:00,240,2024-05-09,landed,2024-05-09T17:24:00,2024-05-09T21:42:00,,,,,,,,
0,HAT074,IAH,LAS,17:00:00,21:00:00,240,2024-05-10,cancelled,,,,,,,,,,
0,HAT074,IAH,LAS,17:00:00,21:00:00,240,2024-05-11,landed,2024-05-11T16:53:00,2024-05-11T20:45:00,,,,,,,,
0,HAT074,IAH,LAS,17:00:00,21:00:00,240,2024-05-12,landed,2024-05-12T17:20:00,2024-05-12T21:37:00,,,,,,,,
0,HAT074,IAH,LAS,17:00:00,21:00:00,240,2024-05-13,landed,2024-05-13T17:17:00,2024-05-13T21:51:00,,,,,,,,
0,HAT074,IAH,LAS,17:00:00,21:00:00,240,2024-05-14,landed,2024-05-14T16:46:00,2024-05-14T20:56:00,,,,,,,,
0,HAT074,IAH,LAS,17:00:00,21:00:00,240,2024-05-15,on time,,,2024-05-15T17:08:00,2024-05-15T20:51:00,,,,,,
0,HAT074,IAH,LAS,17:00:00,21:00:00,240,2024-05-16,available,,,,,3.0,8.0,4.0,90.0,174.0,372.0
0,HAT074,IAH,LAS,17:00:00,21:00:00,240,2024-05-17,available,,,,,20.0,3.0,19.0,96.0,141.0,414.0
0,HAT074,IAH,LAS,17:00:00,21:00:00,240,2024-05-18,available,,,,,14.0,15.0,11.0,56.0,164.0,446.0
0,HAT074,IAH,LAS,17:00:00,21:00:00,240,2024-05-19,available,,,,,16.0,3.0,15.0,57.0,166.0,441.0
0,HAT074,IAH,LAS,17:00:00,21:00:00,240,2024-05-20,available,,,,,9.0,14.0,16.0,69.0,173.0,243.0
0,HAT074,IAH,LAS,17:00:00,21:00:00,240,2024-05-21,available,,,,,10.0,8.0,0.0,84.0,134.0,326.0
0,HAT074,IAH,LAS,17:00:00,21:00:00,240,2024-05-22,available,,,,,14.0,11.0,15.0,58.0,181.0,454.0
0,HAT074,IAH,LAS,17:00:00,21:00:00,240,2024-05-23,available,,,,,18.0,0.0,12.0,88.0,190.0,448.0
0,HAT074,IAH,LAS,17:00:00,21:00:00,240,2024-05-24,available,,,,,13.0,4.0,14.0,64.0,108.0,372.0
0,HAT074,IAH,LAS,17:00:00,21:00:00,240,2024-05-25,available,,,,,1.0,3.0,12.0,85.0,196.0,461.0
0,HAT074,IAH,LAS,17:00:00,21:00:00,240,2024-05-26,available,,,,,18.0,20.0,7.0,91.0,103.0,423.0
0,HAT074,IAH,LAS,17:00:00,21:00:00,240,2024-05-27,available,,,,,3.0,0.0,15.0,50.0,169.0,456.0
0,HAT074,IAH,LAS,17:00:00,21:00:00,240,2024-05-28,available,,,,,1.0,2.0,20.0,82.0,101.0,472.0
0,HAT074,IAH,LAS,17:00:00,21:00:00,240,2024-05-29,available,,,,,4.0,6.0,0.0,50.0,147.0,450.0
0,HAT074,IAH,LAS,17:00:00,21:00:00,240,2024-05-30,available,,,,,20.0,12.0,9.0,53.0,192.0,432.0
0,HAT075,IAH,LAS,20:00:00,00:00:00+1,240,2024-05-01,landed,2024-05-01T19:43:00,2024-05-02T00:31:00,,,,,,,,
0,HAT075,IAH,LAS,20:00:00,00:00:00+1,240,2024-05-02,landed,2024-05-02T19:59:00,2024-05-02T23:48:00,,,,,,,,
0,HAT075,IAH,LAS,20:00:00,00:00:00+1,240,2024-05-03,landed,2024-05-03T20:27:00,2024-05-04T00:08:00,,,,,,,,
0,HAT075,IAH,LAS,20:00:00,00:00:00+1,240,2024-05-04,landed,2024-05-04T20:36:00,2024-05-05T00:04:00,,,,,,,,
0,HAT075,IAH,LAS,20:00:00,00:00:00+1,240,2024-05-05,landed,2024-05-05T20:38:00,2024-05-05T23:55:00,,,,,,,,
0,HAT075,IAH,LAS,20:00:00,00:00:00+1,240,2024-05-06,landed,2024-05-06T20:12:00,2024-05-06T23:42:00,,,,,,,,
0,HAT075,IAH,LAS,20:00:00,00:00:00+1,240,2024-05-07,cancelled,,,,,,,,,,
0,HAT075,IAH,LAS,20:00:00,00:00:00+1,240,2024-05-08,landed,2024-05-08T19:47:00,2024-05-08T23:53:00,,,,,,,,
0,HAT075,IAH,LAS,20:00:00,00:00:00+1,240,2024-05-09,landed,2024-05-09T19:54:00,2024-05-10T00:32:00,,,,,,,,
0,HAT075,IAH,LAS,20:00:00,00:00:00+1,240,2024-05-10,landed,2024-05-10T20:39:00,2024-05-11T00:21:00,,,,,,,,
0,HAT075,IAH,LAS,20:00:00,00:00:00+1,240,2024-05-11,landed,2024-05-11T20:30:00,2024-05-12T00:14:00,,,,,,,,
0,HAT075,IAH,LAS,20:00:00,00:00:00+1,240,2024-05-12,landed,2024-05-12T20:26:00,2024-05-13T00:23:00,,,,,,,,
0,HAT075,IAH,LAS,20:00:00,00:00:00+1,240,2024-05-13,landed,2024-05-13T20:34:00,2024-05-14T00:34:00,,,,,,,,
0,HAT075,IAH,LAS,20:00:00,00:00:00+1,240,2024-05-14,landed,2024-05-14T20:13:00,2024-05-15T00:31:00,,,,,,,,
0,HAT075,IAH,LAS,20:00:00,00:00:00+1,240,2024-05-15,on time,,,2024-05-15T20:01:00,2024-05-16T00:08:00,,,,,,
0,HAT075,IAH,LAS,20:00:00,00:00:00+1,240,2024-05-16,available,,,,,5.0,20.0,0.0,57.0,138.0,200.0
0,HAT075,IAH,LAS,20:00:00,00:00:00+1,240,2024-05-17,available,,,,,13.0,10.0,16.0,79.0,187.0,442.0
0,HAT075,IAH,LAS,20:00:00,00:00:00+1,240,2024-05-18,available,,,,,20.0,10.0,0.0,74.0,191.0,246.0
0,HAT075,IAH,LAS,20:00:00,00:00:00+1,240,2024-05-19,available,,,,,14.0,5.0,14.0,67.0,131.0,249.0
0,HAT075,IAH,LAS,20:00:00,00:00:00+1,240,2024-05-20,available,,,,,5.0,8.0,4.0,55.0,124.0,299.0
0,HAT075,IAH,LAS,20:00:00,00:00:00+1,240,2024-05-21,available,,,,,14.0,7.0,12.0,59.0,107.0,237.0
0,HAT075,IAH,LAS,20:00:00,00:00:00+1,240,2024-05-22,available,,,,,16.0,5.0,10.0,99.0,154.0,492.0
0,HAT075,IAH,LAS,20:00:00,00:00:00+1,240,2024-05-23,available,,,,,18.0,4.0,19.0,60.0,195.0,281.0
0,HAT075,IAH,LAS,20:00:00,00:00:00+1,240,2024-05-24,available,,,,,2.0,0.0,7.0,53.0,198.0,313.0
0,HAT075,IAH,LAS,20:00:00,00:00:00+1,240,2024-05-25,available,,,,,11.0,12.0,19.0,61.0,106.0,404.0
0,HAT075,IAH,LAS,20:00:00,00:00:00+1,240,2024-05-26,available,,,,,5.0,4.0,17.0,72.0,171.0,357.0
0,HAT075,IAH,LAS,20:00:00,00:00:00+1,240,2024-05-27,available,,,,,9.0,18.0,6.0,86.0,187.0,310.0
0,HAT075,IAH,LAS,20:00:00,00:00:00+1,240,2024-05-28,available,,,,,15.0,7.0,13.0,82.0,146.0,432.0
0,HAT075,IAH,LAS,20:00:00,00:00:00+1,240,2024-05-29,available,,,,,0.0,11.0,8.0,79.0,102.0,254.0
0,HAT075,IAH,LAS,20:00:00,00:00:00+1,240,2024-05-30,available,,,,,20.0,0.0,8.0,70.0,115.0,473.0
0,HAT076,IAH,LAS,04:00:00,08:00:00,240,2024-05-01,landed,2024-05-01T04:23:00,2024-05-01T08:08:00,,,,,,,,
0,HAT076,IAH,LAS,04:00:00,08:00:00,240,2024-05-02,cancelled,,,,,,,,,,
0,HAT076,IAH,LAS,04:00:00,08:00:00,240,2024-05-03,landed,2024-05-03T04:12:00,2024-05-03T07:43:00,,,,,,,,
0,HAT076,IAH,LAS,04:00:00,08:00:00,240,2024-05-04,landed,2024-05-04T04:31:00,2024-05-04T07:51:00,,,,,,,,
0,HAT076,IAH,LAS,04:00:00,08:00:00,240,2024-05-05,landed,2024-05-05T04:16:00,2024-05-05T08:30:00,,,,,,,,
0,HAT076,IAH,LAS,04:00:00,08:00:00,240,2024-05-06,cancelled,,,,,,,,,,
0,HAT076,IAH,LAS,04:00:00,08:00:00,240,2024-05-07,landed,2024-05-07T04:03:00,2024-05-07T08:08:00,,,,,,,,
0,HAT076,IAH,LAS,04:00:00,08:00:00,240,2024-05-08,landed,2024-05-08T04:39:00,2024-05-08T08:29:00,,,,,,,,
0,HAT076,IAH,LAS,04:00:00,08:00:00,240,2024-05-09,landed,2024-05-09T03:54:00,2024-05-09T07:50:00,,,,,,,,
0,HAT076,IAH,LAS,04:00:00,08:00:00,240,2024-05-10,cancelled,,,,,,,,,,
0,HAT076,IAH,LAS,04:00:00,08:00:00,240,2024-05-11,landed,2024-05-11T04:02:00,2024-05-11T07:46:00,,,,,,,,
0,HAT076,IAH,LAS,04:00:00,08:00:00,240,2024-05-12,landed,2024-05-12T04:01:00,2024-05-12T07:43:00,,,,,,,,
0,HAT076,IAH,LAS,04:00:00,08:00:00,240,2024-05-13,landed,2024-05-13T04:30:00,2024-05-13T08:10:00,,,,,,,,
0,HAT076,IAH,LAS,04:00:00,08:00:00,240,2024-05-14,landed,2024-05-14T04:32:00,2024-05-14T08:02:00,,,,,,,,
0,HAT076,IAH,LAS,04:00:00,08:00:00,240,2024-05-15,landed,2024-05-15T03:48:00,2024-05-15T07:36:00,,,,,,,,
0,HAT076,IAH,LAS,04:00:00,08:00:00,240,2024-05-16,available,,,,,6.0,20.0,4.0,56.0,197.0,267.0
0,HAT076,IAH,LAS,04:00:00,08:00:00,240,2024-05-17,available,,,,,1.0,17.0,2.0,90.0,125.0,364.0
0,HAT076,IAH,LAS,04:00:00,08:00:00,240,2024-05-18,available,,,,,0.0,0.0,2.0,52.0,133.0,329.0
0,HAT076,IAH,LAS,04:00:00,08:00:00,240,2024-05-19,available,,,,,18.0,14.0,1.0,75.0,171.0,477.0
0,HAT076,IAH,LAS,04:00:00,08:00:00,240,2024-05-20,available,,,,,1.0,13.0,16.0,75.0,162.0,356.0
0,HAT076,IAH,LAS,04:00:00,08:00:00,240,2024-05-21,available,,,,,17.0,14.0,9.0,73.0,198.0,382.0
0,HAT076,IAH,LAS,04:00:00,08:00:00,240,2024-05-22,available,,,,,11.0,7.0,14.0,97.0,122.0,342.0
0,HAT076,IAH,LAS,04:00:00,08:00:00,240,2024-05-23,available,,,,,3.0,2.0,8.0,82.0,103.0,453.0
0,HAT076,IAH,LAS,04:00:00,08:00:00,240,2024-05-24,available,,,,,4.0,15.0,4.0,69.0,152.0,413.0
0,HAT076,IAH,LAS,04:00:00,08:00:00,240,2024-05-25,available,,,,,4.0,12.0,15.0,94.0,167.0,452.0
0,HAT076,IAH,LAS,04:00:00,08:00:00,240,2024-05-26,available,,,,,13.0,0.0,14.0,60.0,185.0,358.0
0,HAT076,IAH,LAS,04:00:00,08:00:00,240,2024-05-27,available,,,,,3.0,3.0,8.0,76.0,162.0,458.0
0,HAT076,IAH,LAS,04:00:00,08:00:00,240,2024-05-28,available,,,,,9.0,17.0,11.0,58.0,142.0,382.0
0,HAT076,IAH,LAS,04:00:00,08:00:00,240,2024-05-29,available,,,,,14.0,6.0,5.0,97.0,149.0,471.0
0,HAT076,IAH,LAS,04:00:00,08:00:00,240,2024-05-30,available,,,,,2.0,2.0,12.0,55.0,188.0,425.0
0,HAT077,IAH,LAS,03:00:00,07:00:00,240,2024-05-01,landed,2024-05-01T03:33:00,2024-05-01T06:49:00,,,,,,,,
0,HAT077,IAH,LAS,03:00:00,07:00:00,240,2024-05-02,landed,2024-05-02T02:43:00,2024-05-02T07:40:00,,,,,,,,
0,HAT077,IAH,LAS,03:00:00,07:00:00,240,2024-05-03,landed,2024-05-03T03:31:00,2024-05-03T07:02:00,,,,,,,,
0,HAT077,IAH,LAS,03:00:00,07:00:00,240,2024-05-04,landed,2024-05-04T03:06:00,2024-05-04T07:11:00,,,,,,,,
0,HAT077,IAH,LAS,03:00:00,07:00:00,240,2024-05-05,landed,2024-05-05T02:41:00,2024-05-05T07:02:00,,,,,,,,
0,HAT077,IAH,LAS,03:00:00,07:00:00,240,2024-05-06,landed,2024-05-06T03:10:00,2024-05-06T07:39:00,,,,,,,,
0,HAT077,IAH,LAS,03:00:00,07:00:00,240,2024-05-07,landed,2024-05-07T02:50:00,2024-05-07T07:37:00,,,,,,,,
0,HAT077,IAH,LAS,03:00:00,07:00:00,240,2024-05-08,landed,2024-05-08T02:47:00,2024-05-08T07:29:00,,,,,,,,
0,HAT077,IAH,LAS,03:00:00,07:00:00,240,2024-05-09,landed,2024-05-09T03:30:00,2024-05-09T07:45:00,,,,,,,,
0,HAT077,IAH,LAS,03:00:00,07:00:00,240,2024-05-10,landed,2024-05-10T03:03:00,2024-05-10T07:06:00,,,,,,,,
0,HAT077,IAH,LAS,03:00:00,07:00:00,240,2024-05-11,landed,2024-05-11T02:58:00,2024-05-11T06:46:00,,,,,,,,
0,HAT077,IAH,LAS,03:00:00,07:00:00,240,2024-05-12,landed,2024-05-12T03:24:00,2024-05-12T07:21:00,,,,,,,,
0,HAT077,IAH,LAS,03:00:00,07:00:00,240,2024-05-13,landed,2024-05-13T03:15:00,2024-05-13T07:24:00,,,,,,,,
0,HAT077,IAH,LAS,03:00:00,07:00:00,240,2024-05-14,landed,2024-05-14T02:59:00,2024-05-14T07:53:00,,,,,,,,
0,HAT077,IAH,LAS,03:00:00,07:00:00,240,2024-05-15,landed,2024-05-15T03:29:00,2024-05-15T07:51:00,,,,,,,,
0,HAT077,IAH,LAS,03:00:00,07:00:00,240,2024-05-16,available,,,,,18.0,17.0,19.0,56.0,108.0,250.0
0,HAT077,IAH,LAS,03:00:00,07:00:00,240,2024-05-17,available,,,,,18.0,7.0,7.0,54.0,136.0,454.0
0,HAT077,IAH,LAS,03:00:00,07:00:00,240,2024-05-18,available,,,,,2.0,20.0,0.0,95.0,137.0,408.0
0,HAT077,IAH,LAS,03:00:00,07:00:00,240,2024-05-19,available,,,,,9.0,1.0,12.0,56.0,169.0,313.0
0,HAT077,IAH,LAS,03:00:00,07:00:00,240,2024-05-20,available,,,,,8.0,13.0,12.0,57.0,123.0,332.0
0,HAT077,IAH,LAS,03:00:00,07:00:00,240,2024-05-21,available,,,,,0.0,10.0,3.0,93.0,199.0,377.0
0,HAT077,IAH,LAS,03:00:00,07:00:00,240,2024-05-22,available,,,,,19.0,16.0,18.0,87.0,102.0,316.0
0,HAT077,IAH,LAS,03:00:00,07:00:00,240,2024-05-23,available,,,,,10.0,9.0,7.0,63.0,179.0,277.0
0,HAT077,IAH,LAS,03:00:00,07:00:00,240,2024-05-24,available,,,,,10.0,8.0,11.0,96.0,149.0,471.0
0,HAT077,IAH,LAS,03:00:00,07:00:00,240,2024-05-25,available,,,,,7.0,18.0,10.0,72.0,191.0,258.0
0,HAT077,IAH,LAS,03:00:00,07:00:00,240,2024-05-26,available,,,,,2.0,8.0,3.0,53.0,184.0,480.0
0,HAT077,IAH,LAS,03:00:00,07:00:00,240,2024-05-27,available,,,,,16.0,6.0,18.0,100.0,101.0,434.0
0,HAT077,IAH,LAS,03:00:00,07:00:00,240,2024-05-28,available,,,,,8.0,0.0,4.0,76.0,143.0,274.0
0,HAT077,IAH,LAS,03:00:00,07:00:00,240,2024-05-29,available,,,,,2.0,8.0,2.0,82.0,176.0,315.0
0,HAT077,IAH,LAS,03:00:00,07:00:00,240,2024-05-30,available,,,,,14.0,13.0,10.0,82.0,164.0,362.0
0,HAT078,CLT,BOS,22:00:00,00:00:00+1,120,2024-05-01,landed,2024-05-01T22:33:00,2024-05-02T00:16:00,,,,,,,,
0,HAT078,CLT,BOS,22:00:00,00:00:00+1,120,2024-05-02,landed,2024-05-02T21:46:00,2024-05-02T23:43:00,,,,,,,,
0,HAT078,CLT,BOS,22:00:00,00:00:00+1,120,2024-05-03,landed,2024-05-03T21:57:00,2024-05-04T00:02:00,,,,,,,,
0,HAT078,CLT,BOS,22:00:00,00:00:00+1,120,2024-05-04,landed,2024-05-04T22:03:00,2024-05-05T00:54:00,,,,,,,,
0,HAT078,CLT,BOS,22:00:00,00:00:00+1,120,2024-05-05,landed,2024-05-05T22:26:00,2024-05-05T23:38:00,,,,,,,,
0,HAT078,CLT,BOS,22:00:00,00:00:00+1,120,2024-05-06,cancelled,,,,,,,,,,
0,HAT078,CLT,BOS,22:00:00,00:00:00+1,120,2024-05-07,landed,2024-05-07T22:35:00,2024-05-08T00:44:00,,,,,,,,
0,HAT078,CLT,BOS,22:00:00,00:00:00+1,120,2024-05-08,landed,2024-05-08T22:23:00,2024-05-09T00:15:00,,,,,,,,
0,HAT078,CLT,BOS,22:00:00,00:00:00+1,120,2024-05-09,landed,2024-05-09T22:39:00,2024-05-10T00:53:00,,,,,,,,
0,HAT078,CLT,BOS,22:00:00,00:00:00+1,120,2024-05-10,landed,2024-05-10T22:32:00,2024-05-11T00:47:00,,,,,,,,
0,HAT078,CLT,BOS,22:00:00,00:00:00+1,120,2024-05-11,landed,2024-05-11T22:10:00,2024-05-11T23:36:00,,,,,,,,
0,HAT078,CLT,BOS,22:00:00,00:00:00+1,120,2024-05-12,landed,2024-05-12T22:08:00,2024-05-13T00:53:00,,,,,,,,
0,HAT078,CLT,BOS,22:00:00,00:00:00+1,120,2024-05-13,landed,2024-05-13T21:52:00,2024-05-13T23:50:00,,,,,,,,
0,HAT078,CLT,BOS,22:00:00,00:00:00+1,120,2024-05-14,landed,2024-05-14T22:21:00,2024-05-14T23:58:00,,,,,,,,
0,HAT078,CLT,BOS,22:00:00,00:00:00+1,120,2024-05-15,on time,,,2024-05-15T22:10:00,2024-05-16T00:27:00,,,,,,
0,HAT078,CLT,BOS,22:00:00,00:00:00+1,120,2024-05-16,available,,,,,20.0,12.0,18.0,83.0,196.0,442.0
0,HAT078,CLT,BOS,22:00:00,00:00:00+1,120,2024-05-17,available,,,,,6.0,2.0,8.0,96.0,110.0,302.0
0,HAT078,CLT,BOS,22:00:00,00:00:00+1,120,2024-05-18,available,,,,,6.0,20.0,15.0,89.0,109.0,340.0
0,HAT078,CLT,BOS,22:00:00,00:00:00+1,120,2024-05-19,available,,,,,20.0,19.0,1.0,58.0,134.0,246.0
0,HAT078,CLT,BOS,22:00:00,00:00:00+1,120,2024-05-20,available,,,,,16.0,0.0,6.0,58.0,134.0,243.0
0,HAT078,CLT,BOS,22:00:00,00:00:00+1,120,2024-05-21,available,,,,,14.0,20.0,12.0,68.0,183.0,288.0
0,HAT078,CLT,BOS,22:00:00,00:00:00+1,120,2024-05-22,available,,,,,6.0,19.0,15.0,95.0,135.0,429.0
0,HAT078,CLT,BOS,22:00:00,00:00:00+1,120,2024-05-23,available,,,,,14.0,19.0,14.0,100.0,160.0,204.0
0,HAT078,CLT,BOS,22:00:00,00:00:00+1,120,2024-05-24,available,,,,,18.0,17.0,15.0,78.0,102.0,415.0
0,HAT078,CLT,BOS,22:00:00,00:00:00+1,120,2024-05-25,available,,,,,17.0,8.0,4.0,80.0,189.0,253.0
0,HAT078,CLT,BOS,22:00:00,00:00:00+1,120,2024-05-26,available,,,,,8.0,7.0,10.0,66.0,112.0,469.0
0,HAT078,CLT,BOS,22:00:00,00:00:00+1,120,2024-05-27,available,,,,,18.0,15.0,1.0,84.0,140.0,401.0
0,HAT078,CLT,BOS,22:00:00,00:00:00+1,120,2024-05-28,available,,,,,20.0,17.0,16.0,50.0,135.0,252.0
0,HAT078,CLT,BOS,22:00:00,00:00:00+1,120,2024-05-29,available,,,,,12.0,3.0,8.0,72.0,104.0,354.0
0,HAT078,CLT,BOS,22:00:00,00:00:00+1,120,2024-05-30,available,,,,,15.0,7.0,15.0,81.0,167.0,245.0
0,HAT079,CLT,BOS,20:00:00,22:00:00,120,2024-05-01,landed,2024-05-01T20:07:00,2024-05-01T22:07:00,,,,,,,,
0,HAT079,CLT,BOS,20:00:00,22:00:00,120,2024-05-02,landed,2024-05-02T19:54:00,2024-05-02T22:30:00,,,,,,,,
0,HAT079,CLT,BOS,20:00:00,22:00:00,120,2024-05-03,landed,2024-05-03T20:28:00,2024-05-03T21:58:00,,,,,,,,
0,HAT079,CLT,BOS,20:00:00,22:00:00,120,2024-05-04,landed,2024-05-04T20:30:00,2024-05-04T22:18:00,,,,,,,,
0,HAT079,CLT,BOS,20:00:00,22:00:00,120,2024-05-05,landed,2024-05-05T19:44:00,2024-05-05T21:50:00,,,,,,,,
0,HAT079,CLT,BOS,20:00:00,22:00:00,120,2024-05-06,landed,2024-05-06T19:48:00,2024-05-06T22:00:00,,,,,,,,
0,HAT079,CLT,BOS,20:00:00,22:00:00,120,2024-05-07,landed,2024-05-07T20:31:00,2024-05-07T22:54:00,,,,,,,,
0,HAT079,CLT,BOS,20:00:00,22:00:00,120,2024-05-08,landed,2024-05-08T19:48:00,2024-05-08T21:37:00,,,,,,,,
0,HAT079,CLT,BOS,20:00:00,22:00:00,120,2024-05-09,landed,2024-05-09T20:29:00,2024-05-09T21:39:00,,,,,,,,
0,HAT079,CLT,BOS,20:00:00,22:00:00,120,2024-05-10,cancelled,,,,,,,,,,
0,HAT079,CLT,BOS,20:00:00,22:00:00,120,2024-05-11,landed,2024-05-11T20:22:00,2024-05-11T22:52:00,,,,,,,,
0,HAT079,CLT,BOS,20:00:00,22:00:00,120,2024-05-12,landed,2024-05-12T20:35:00,2024-05-12T22:03:00,,,,,,,,
0,HAT079,CLT,BOS,20:00:00,22:00:00,120,2024-05-13,landed,2024-05-13T20:16:00,2024-05-13T22:55:00,,,,,,,,
0,HAT079,CLT,BOS,20:00:00,22:00:00,120,2024-05-14,landed,2024-05-14T20:08:00,2024-05-14T22:18:00,,,,,,,,
0,HAT079,CLT,BOS,20:00:00,22:00:00,120,2024-05-15,delayed,,,2024-05-15T21:24:00,2024-05-16T00:07:00,,,,,,
0,HAT079,CLT,BOS,20:00:00,22:00:00,120,2024-05-16,available,,,,,17.0,3.0,0.0,97.0,136.0,315.0
0,HAT079,CLT,BOS,20:00:00,22:00:00,120,2024-05-17,available,,,,,7.0,19.0,14.0,94.0,174.0,454.0
0,HAT079,CLT,BOS,20:00:00,22:00:00,120,2024-05-18,available,,,,,19.0,8.0,17.0,95.0,183.0,429.0
0,HAT079,CLT,BOS,20:00:00,22:00:00,120,2024-05-19,available,,,,,3.0,9.0,19.0,68.0,111.0,224.0
0,HAT079,CLT,BOS,20:00:00,22:00:00,120,2024-05-20,available,,,,,15.0,0.0,3.0,63.0,105.0,280.0
0,HAT079,CLT,BOS,20:00:00,22:00:00,120,2024-05-21,available,,,,,12.0,1.0,10.0,52.0,167.0,207.0
0,HAT079,CLT,BOS,20:00:00,22:00:00,120,2024-05-22,available,,,,,13.0,12.0,1.0,91.0,105.0,487.0
0,HAT079,CLT,BOS,20:00:00,22:00:00,120,2024-05-23,available,,,,,3.0,15.0,16.0,98.0,111.0,339.0
0,HAT079,CLT,BOS,20:00:00,22:00:00,120,2024-05-24,available,,,,,1.0,17.0,7.0,56.0,173.0,433.0
0,HAT079,CLT,BOS,20:00:00,22:00:00,120,2024-05-25,available,,,,,12.0,8.0,10.0,86.0,188.0,248.0
0,HAT079,CLT,BOS,20:00:00,22:00:00,120,2024-05-26,available,,,,,8.0,6.0,19.0,58.0,102.0,341.0
0,HAT079,CLT,BOS,20:00:00,22:00:00,120,2024-05-27,available,,,,,5.0,5.0,11.0,68.0,159.0,432.0
0,HAT079,CLT,BOS,20:00:00,22:00:00,120,2024-05-28,available,,,,,6.0,18.0,6.0,68.0,194.0,259.0
0,HAT079,CLT,BOS,20:00:00,22:00:00,120,2024-05-29,available,,,,,11.0,16.0,6.0,70.0,119.0,257.0
0,HAT079,CLT,BOS,20:00:00,22:00:00,120,2024-05-30,available,,,,,16.0,2.0,18.0,93.0,125.0,385.0
0,HAT080,PHL,DFW,01:00:00,05:00:00,240,2024-05-01,landed,2024-05-01T01:00:00,2024-05-01T04:45:00,,,,,,,,
0,HAT080,PHL,DFW,01:00:00,05:00:00,240,2024-05-02,landed,2024-05-02T01:17:00,2024-05-02T04:57:00,,,,,,,,
0,HAT080,PHL,DFW,01:00:00,05:00:00,240,2024-05-03,landed,2024-05-03T01:18:00,2024-05-03T05:37:00,,,,,,,,
0,HAT080,PHL,DFW,01:00:00,05:00:00,240,2024-05-04,landed,2024-05-04T00:40:00,2024-05-04T05:26:00,,,,,,,,
0,HAT080,PHL,DFW,01:00:00,05:00:00,240,2024-05-05,landed,2024-05-05T00:58:00,2024-05-05T04:50:00,,,,,,,,
0,HAT080,PHL,DFW,01:00:00,05:00:00,240,2024-05-06,landed,2024-05-06T00:59:00,2024-05-06T04:57:00,,,,,,,,
0,HAT080,PHL,DFW,01:00:00,05:00:00,240,2024-05-07,cancelled,,,,,,,,,,
0,HAT080,PHL,DFW,01:00:00,05:00:00,240,2024-05-08,landed,2024-05-08T01:38:00,2024-05-08T05:50:00,,,,,,,,
0,HAT080,PHL,DFW,01:00:00,05:00:00,240,2024-05-09,landed,2024-05-09T01:20:00,2024-05-09T05:11:00,,,,,,,,
0,HAT080,PHL,DFW,01:00:00,05:00:00,240,2024-05-10,landed,2024-05-10T01:19:00,2024-05-10T05:49:00,,,,,,,,
0,HAT080,PHL,DFW,01:00:00,05:00:00,240,2024-05-11,landed,2024-05-11T01:08:00,2024-05-11T05:30:00,,,,,,,,
0,HAT080,PHL,DFW,01:00:00,05:00:00,240,2024-05-12,landed,2024-05-12T00:59:00,2024-05-12T04:58:00,,,,,,,,
0,HAT080,PHL,DFW,01:00:00,05:00:00,240,2024-05-13,landed,2024-05-13T01:18:00,2024-05-13T05:06:00,,,,,,,,
0,HAT080,PHL,DFW,01:00:00,05:00:00,240,2024-05-14,landed,2024-05-14T01:10:00,2024-05-14T04:42:00,,,,,,,,
0,HAT080,PHL,DFW,01:00:00,05:00:00,240,2024-05-15,landed,2024-05-15T01:22:00,2024-05-15T05:50:00,,,,,,,,
0,HAT080,PHL,DFW,01:00:00,05:00:00,240,2024-05-16,available,,,,,7.0,18.0,4.0,50.0,193.0,209.0
0,HAT080,PHL,DFW,01:00:00,05:00:00,240,2024-05-17,available,,,,,13.0,19.0,11.0,92.0,134.0,203.0
0,HAT080,PHL,DFW,01:00:00,05:00:00,240,2024-05-18,available,,,,,2.0,20.0,4.0,51.0,110.0,388.0
0,HAT080,PHL,DFW,01:00:00,05:00:00,240,2024-05-19,available,,,,,14.0,4.0,20.0,65.0,187.0,385.0
0,HAT080,PHL,DFW,01:00:00,05:00:00,240,2024-05-20,available,,,,,15.0,5.0,17.0,52.0,108.0,429.0
0,HAT080,PHL,DFW,01:00:00,05:00:00,240,2024-05-21,available,,,,,0.0,20.0,15.0,59.0,101.0,476.0
0,HAT080,PHL,DFW,01:00:00,05:00:00,240,2024-05-22,available,,,,,4.0,11.0,5.0,82.0,100.0,391.0
0,HAT080,PHL,DFW,01:00:00,05:00:00,240,2024-05-23,available,,,,,20.0,19.0,3.0,92.0,110.0,231.0
0,HAT080,PHL,DFW,01:00:00,05:00:00,240,2024-05-24,available,,,,,3.0,7.0,8.0,100.0,109.0,341.0
0,HAT080,PHL,DFW,01:00:00,05:00:00,240,2024-05-25,available,,,,,20.0,7.0,14.0,70.0,132.0,402.0
0,HAT080,PHL,DFW,01:00:00,05:00:00,240,2024-05-26,available,,,,,3.0,0.0,1.0,64.0,156.0,380.0
0,HAT080,PHL,DFW,01:00:00,05:00:00,240,2024-05-27,available,,,,,19.0,19.0,9.0,68.0,196.0,444.0
0,HAT080,PHL,DFW,01:00:00,05:00:00,240,2024-05-28,available,,,,,4.0,0.0,1.0,72.0,166.0,285.0
0,HAT080,PHL,DFW,01:00:00,05:00:00,240,2024-05-29,available,,,,,2.0,6.0,16.0,97.0,152.0,421.0
0,HAT080,PHL,DFW,01:00:00,05:00:00,240,2024-05-30,available,,,,,11.0,16.0,19.0,57.0,111.0,496.0
0,HAT081,PHL,DFW,04:00:00,08:00:00,240,2024-05-01,landed,2024-05-01T04:24:00,2024-05-01T08:06:00,,,,,,,,
0,HAT081,PHL,DFW,04:00:00,08:00:00,240,2024-05-02,landed,2024-05-02T04:07:00,2024-05-02T08:01:00,,,,,,,,
0,HAT081,PHL,DFW,04:00:00,08:00:00,240,2024-05-03,landed,2024-05-03T04:03:00,2024-05-03T08:17:00,,,,,,,,
0,HAT081,PHL,DFW,04:00:00,08:00:00,240,2024-05-04,cancelled,,,,,,,,,,
0,HAT081,PHL,DFW,04:00:00,08:00:00,240,2024-05-05,landed,2024-05-05T03:57:00,2024-05-05T07:50:00,,,,,,,,
0,HAT081,PHL,DFW,04:00:00,08:00:00,240,2024-05-06,cancelled,,,,,,,,,,
0,HAT081,PHL,DFW,04:00:00,08:00:00,240,2024-05-07,landed,2024-05-07T03:42:00,2024-05-07T08:25:00,,,,,,,,
0,HAT081,PHL,DFW,04:00:00,08:00:00,240,2024-05-08,landed,2024-05-08T04:23:00,2024-05-08T07:56:00,,,,,,,,
0,HAT081,PHL,DFW,04:00:00,08:00:00,240,2024-05-09,landed,2024-05-09T04:35:00,2024-05-09T08:45:00,,,,,,,,
0,HAT081,PHL,DFW,04:00:00,08:00:00,240,2024-05-10,landed,2024-05-10T04:05:00,2024-05-10T08:36:00,,,,,,,,
0,HAT081,PHL,DFW,04:00:00,08:00:00,240,2024-05-11,landed,2024-05-11T04:16:00,2024-05-11T08:40:00,,,,,,,,
0,HAT081,PHL,DFW,04:00:00,08:00:00,240,2024-05-12,landed,2024-05-12T04:04:00,2024-05-12T08:36:00,,,,,,,,
0,HAT081,PHL,DFW,04:00:00,08:00:00,240,2024-05-13,landed,2024-05-13T04:40:00,2024-05-13T08:14:00,,,,,,,,
0,HAT081,PHL,DFW,04:00:00,08:00:00,240,2024-05-14,landed,2024-05-14T03:48:00,2024-05-14T08:26:00,,,,,,,,
0,HAT081,PHL,DFW,04:00:00,08:00:00,240,2024-05-15,landed,2024-05-15T04:29:00,2024-05-15T07:38:00,,,,,,,,
0,HAT081,PHL,DFW,04:00:00,08:00:00,240,2024-05-16,available,,,,,5.0,18.0,12.0,88.0,142.0,475.0
0,HAT081,PHL,DFW,04:00:00,08:00:00,240,2024-05-17,available,,,,,0.0,11.0,19.0,76.0,188.0,495.0
0,HAT081,PHL,DFW,04:00:00,08:00:00,240,2024-05-18,available,,,,,5.0,12.0,10.0,98.0,103.0,310.0
0,HAT081,PHL,DFW,04:00:00,08:00:00,240,2024-05-19,available,,,,,1.0,10.0,2.0,99.0,150.0,255.0
0,HAT081,PHL,DFW,04:00:00,08:00:00,240,2024-05-20,available,,,,,8.0,9.0,9.0,97.0,166.0,421.0
0,HAT081,PHL,DFW,04:00:00,08:00:00,240,2024-05-21,available,,,,,6.0,17.0,15.0,63.0,148.0,288.0
0,HAT081,PHL,DFW,04:00:00,08:00:00,240,2024-05-22,available,,,,,1.0,3.0,8.0,65.0,182.0,267.0
0,HAT081,PHL,DFW,04:00:00,08:00:00,240,2024-05-23,available,,,,,18.0,1.0,5.0,73.0,169.0,431.0
0,HAT081,PHL,DFW,04:00:00,08:00:00,240,2024-05-24,available,,,,,2.0,6.0,10.0,55.0,143.0,468.0
0,HAT081,PHL,DFW,04:00:00,08:00:00,240,2024-05-25,available,,,,,8.0,1.0,11.0,93.0,197.0,494.0
0,HAT081,PHL,DFW,04:00:00,08:00:00,240,2024-05-26,available,,,,,14.0,1.0,4.0,77.0,121.0,299.0
0,HAT081,PHL,DFW,04:00:00,08:00:00,240,2024-05-27,available,,,,,16.0,5.0,5.0,56.0,183.0,257.0
0,HAT081,PHL,DFW,04:00:00,08:00:00,240,2024-05-28,available,,,,,0.0,6.0,1.0,71.0,161.0,286.0
0,HAT081,PHL,DFW,04:00:00,08:00:00,240,2024-05-29,available,,,,,13.0,6.0,14.0,82.0,165.0,338.0
0,HAT081,PHL,DFW,04:00:00,08:00:00,240,2024-05-30,available,,,,,19.0,19.0,13.0,81.0,170.0,496.0
0,HAT082,PHL,DFW,20:00:00,00:00:00+1,240,2024-05-01,landed,2024-05-01T20:37:00,2024-05-01T23:35:00,,,,,,,,
0,HAT082,PHL,DFW,20:00:00,00:00:00+1,240,2024-05-02,landed,2024-05-02T20:04:00,2024-05-03T00:41:00,,,,,,,,
0,HAT082,PHL,DFW,20:00:00,00:00:00+1,240,2024-05-03,landed,2024-05-03T19:42:00,2024-05-04T00:28:00,,,,,,,,
0,HAT082,PHL,DFW,20:00:00,00:00:00+1,240,2024-05-04,landed,2024-05-04T20:15:00,2024-05-05T00:00:00,,,,,,,,
0,HAT082,PHL,DFW,20:00:00,00:00:00+1,240,2024-05-05,landed,2024-05-05T20:09:00,2024-05-06T00:52:00,,,,,,,,
0,HAT082,PHL,DFW,20:00:00,00:00:00+1,240,2024-05-06,landed,2024-05-06T19:46:00,2024-05-07T00:52:00,,,,,,,,
0,HAT082,PHL,DFW,20:00:00,00:00:00+1,240,2024-05-07,landed,2024-05-07T20:32:00,2024-05-08T00:38:00,,,,,,,,
0,HAT082,PHL,DFW,20:00:00,00:00:00+1,240,2024-05-08,landed,2024-05-08T19:47:00,2024-05-09T00:22:00,,,,,,,,
0,HAT082,PHL,DFW,20:00:00,00:00:00+1,240,2024-05-09,landed,2024-05-09T20:06:00,2024-05-09T23:48:00,,,,,,,,
0,HAT082,PHL,DFW,20:00:00,00:00:00+1,240,2024-05-10,landed,2024-05-10T19:46:00,2024-05-11T00:49:00,,,,,,,,
0,HAT082,PHL,DFW,20:00:00,00:00:00+1,240,2024-05-11,landed,2024-05-11T19:56:00,2024-05-11T23:50:00,,,,,,,,
0,HAT082,PHL,DFW,20:00:00,00:00:00+1,240,2024-05-12,landed,2024-05-12T20:32:00,2024-05-13T00:41:00,,,,,,,,
0,HAT082,PHL,DFW,20:00:00,00:00:00+1,240,2024-05-13,landed,2024-05-13T20:18:00,2024-05-14T00:33:00,,,,,,,,
0,HAT082,PHL,DFW,20:00:00,00:00:00+1,240,2024-05-14,landed,2024-05-14T20:15:00,2024-05-15T00:16:00,,,,,,,,
0,HAT082,PHL,DFW,20:00:00,00:00:00+1,240,2024-05-15,delayed,,,2024-05-15T21:26:00,2024-05-16T02:29:00,,,,,,
0,HAT082,PHL,DFW,20:00:00,00:00:00+1,240,2024-05-16,available,,,,,12.0,20.0,11.0,62.0,145.0,490.0
0,HAT082,PHL,DFW,20:00:00,00:00:00+1,240,2024-05-17,available,,,,,17.0,5.0,18.0,56.0,127.0,355.0
0,HAT082,PHL,DFW,20:00:00,00:00:00+1,240,2024-05-18,available,,,,,1.0,14.0,7.0,60.0,198.0,283.0
0,HAT082,PHL,DFW,20:00:00,00:00:00+1,240,2024-05-19,available,,,,,15.0,7.0,7.0,59.0,117.0,358.0
0,HAT082,PHL,DFW,20:00:00,00:00:00+1,240,2024-05-20,available,,,,,5.0,15.0,9.0,61.0,200.0,328.0
0,HAT082,PHL,DFW,20:00:00,00:00:00+1,240,2024-05-21,available,,,,,19.0,15.0,16.0,74.0,109.0,423.0
0,HAT082,PHL,DFW,20:00:00,00:00:00+1,240,2024-05-22,available,,,,,17.0,4.0,5.0,59.0,183.0,228.0
0,HAT082,PHL,DFW,20:00:00,00:00:00+1,240,2024-05-23,available,,,,,9.0,12.0,4.0,62.0,180.0,206.0
0,HAT082,PHL,DFW,20:00:00,00:00:00+1,240,2024-05-24,available,,,,,18.0,10.0,14.0,95.0,178.0,410.0
0,HAT082,PHL,DFW,20:00:00,00:00:00+1,240,2024-05-25,available,,,,,10.0,14.0,17.0,61.0,104.0,408.0
0,HAT082,PHL,DFW,20:00:00,00:00:00+1,240,2024-05-26,available,,,,,1.0,4.0,3.0,55.0,121.0,214.0
0,HAT082,PHL,DFW,20:00:00,00:00:00+1,240,2024-05-27,available,,,,,12.0,19.0,17.0,75.0,114.0,201.0
0,HAT082,PHL,DFW,20:00:00,00:00:00+1,240,2024-05-28,available,,,,,7.0,16.0,7.0,50.0,122.0,274.0
0,HAT082,PHL,DFW,20:00:00,00:00:00+1,240,2024-05-29,available,,,,,3.0,5.0,12.0,63.0,194.0,302.0
0,HAT082,PHL,DFW,20:00:00,00:00:00+1,240,2024-05-30,available,,,,,14.0,0.0,14.0,75.0,159.0,450.0
0,HAT083,PHL,DFW,21:00:00,01:00:00+1,240,2024-05-01,landed,2024-05-01T20:41:00,2024-05-02T00:44:00,,,,,,,,
0,HAT083,PHL,DFW,21:00:00,01:00:00+1,240,2024-05-02,landed,2024-05-02T20:55:00,2024-05-03T00:54:00,,,,,,,,
0,HAT083,PHL,DFW,21:00:00,01:00:00+1,240,2024-05-03,landed,2024-05-03T21:17:00,2024-05-04T00:56:00,,,,,,,,
0,HAT083,PHL,DFW,21:00:00,01:00:00+1,240,2024-05-04,landed,2024-05-04T21:27:00,2024-05-05T01:14:00,,,,,,,,
0,HAT083,PHL,DFW,21:00:00,01:00:00+1,240,2024-05-05,landed,2024-05-05T21:28:00,2024-05-06T01:11:00,,,,,,,,
0,HAT083,PHL,DFW,21:00:00,01:00:00+1,240,2024-05-06,landed,2024-05-06T20:47:00,2024-05-07T00:57:00,,,,,,,,
0,HAT083,PHL,DFW,21:00:00,01:00:00+1,240,2024-05-07,landed,2024-05-07T20:47:00,2024-05-08T00:37:00,,,,,,,,
0,HAT083,PHL,DFW,21:00:00,01:00:00+1,240,2024-05-08,landed,2024-05-08T21:15:00,2024-05-09T00:55:00,,,,,,,,
0,HAT083,PHL,DFW,21:00:00,01:00:00+1,240,2024-05-09,landed,2024-05-09T20:56:00,2024-05-10T01:25:00,,,,,,,,
0,HAT083,PHL,DFW,21:00:00,01:00:00+1,240,2024-05-10,landed,2024-05-10T21:12:00,2024-05-11T01:51:00,,,,,,,,
0,HAT083,PHL,DFW,21:00:00,01:00:00+1,240,2024-05-11,landed,2024-05-11T21:40:00,2024-05-12T01:42:00,,,,,,,,
0,HAT083,PHL,DFW,21:00:00,01:00:00+1,240,2024-05-12,landed,2024-05-12T20:49:00,2024-05-13T01:55:00,,,,,,,,
0,HAT083,PHL,DFW,21:00:00,01:00:00+1,240,2024-05-13,landed,2024-05-13T21:27:00,2024-05-14T01:30:00,,,,,,,,
0,HAT083,PHL,DFW,21:00:00,01:00:00+1,240,2024-05-14,landed,2024-05-14T20:58:00,2024-05-15T01:24:00,,,,,,,,
0,HAT083,PHL,DFW,21:00:00,01:00:00+1,240,2024-05-15,delayed,,,2024-05-15T21:53:00,2024-05-16T02:39:00,,,,,,
0,HAT083,PHL,DFW,21:00:00,01:00:00+1,240,2024-05-16,available,,,,,0.0,17.0,14.0,84.0,178.0,218.0
0,HAT083,PHL,DFW,21:00:00,01:00:00+1,240,2024-05-17,available,,,,,8.0,2.0,19.0,95.0,121.0,428.0
0,HAT083,PHL,DFW,21:00:00,01:00:00+1,240,2024-05-18,available,,,,,9.0,14.0,15.0,68.0,197.0,435.0
0,HAT083,PHL,DFW,21:00:00,01:00:00+1,240,2024-05-19,available,,,,,19.0,17.0,1.0,56.0,167.0,342.0
0,HAT083,PHL,DFW,21:00:00,01:00:00+1,240,2024-05-20,available,,,,,13.0,9.0,18.0,52.0,194.0,218.0
0,HAT083,PHL,DFW,21:00:00,01:00:00+1,240,2024-05-21,available,,,,,8.0,3.0,15.0,54.0,150.0,230.0
0,HAT083,PHL,DFW,21:00:00,01:00:00+1,240,2024-05-22,available,,,,,1.0,12.0,3.0,54.0,110.0,459.0
0,HAT083,PHL,DFW,21:00:00,01:00:00+1,240,2024-05-23,available,,,,,7.0,15.0,17.0,97.0,172.0,403.0
0,HAT083,PHL,DFW,21:00:00,01:00:00+1,240,2024-05-24,available,,,,,10.0,6.0,1.0,77.0,164.0,473.0
0,HAT083,PHL,DFW,21:00:00,01:00:00+1,240,2024-05-25,available,,,,,11.0,10.0,14.0,50.0,166.0,434.0
0,HAT083,PHL,DFW,21:00:00,01:00:00+1,240,2024-05-26,available,,,,,14.0,18.0,13.0,99.0,119.0,449.0
0,HAT083,PHL,DFW,21:00:00,01:00:00+1,240,2024-05-27,available,,,,,12.0,6.0,16.0,54.0,184.0,324.0
0,HAT083,PHL,DFW,21:00:00,01:00:00+1,240,2024-05-28,available,,,,,16.0,15.0,17.0,52.0,105.0,485.0
0,HAT083,PHL,DFW,21:00:00,01:00:00+1,240,2024-05-29,available,,,,,18.0,12.0,10.0,56.0,156.0,206.0
0,HAT083,PHL,DFW,21:00:00,01:00:00+1,240,2024-05-30,available,,,,,3.0,16.0,1.0,69.0,159.0,303.0
0,HAT084,DEN,ORD,01:00:00,05:00:00,240,2024-05-01,landed,2024-05-01T01:28:00,2024-05-01T04:56:00,,,,,,,,
0,HAT084,DEN,ORD,01:00:00,05:00:00,240,2024-05-02,landed,2024-05-02T00:56:00,2024-05-02T05:13:00,,,,,,,,
0,HAT084,DEN,ORD,01:00:00,05:00:00,240,2024-05-03,landed,2024-05-03T00:51:00,2024-05-03T05:03:00,,,,,,,,
0,HAT084,DEN,ORD,01:00:00,05:00:00,240,2024-05-04,landed,2024-05-04T00:41:00,2024-05-04T05:53:00,,,,,,,,
0,HAT084,DEN,ORD,01:00:00,05:00:00,240,2024-05-05,landed,2024-05-05T01:32:00,2024-05-05T05:52:00,,,,,,,,
0,HAT084,DEN,ORD,01:00:00,05:00:00,240,2024-05-06,landed,2024-05-06T01:19:00,2024-05-06T05:07:00,,,,,,,,
0,HAT084,DEN,ORD,01:00:00,05:00:00,240,2024-05-07,landed,2024-05-07T01:17:00,2024-05-07T05:51:00,,,,,,,,
0,HAT084,DEN,ORD,01:00:00,05:00:00,240,2024-05-08,landed,2024-05-08T01:21:00,2024-05-08T04:59:00,,,,,,,,
0,HAT084,DEN,ORD,01:00:00,05:00:00,240,2024-05-09,landed,2024-05-09T01:06:00,2024-05-09T04:38:00,,,,,,,,
0,HAT084,DEN,ORD,01:00:00,05:00:00,240,2024-05-10,cancelled,,,,,,,,,,
0,HAT084,DEN,ORD,01:00:00,05:00:00,240,2024-05-11,landed,2024-05-11T01:08:00,2024-05-11T04:46:00,,,,,,,,
0,HAT084,DEN,ORD,01:00:00,05:00:00,240,2024-05-12,landed,2024-05-12T01:04:00,2024-05-12T04:51:00,,,,,,,,
0,HAT084,DEN,ORD,01:00:00,05:00:00,240,2024-05-13,cancelled,,,,,,,,,,
0,HAT084,DEN,ORD,01:00:00,05:00:00,240,2024-05-14,landed,2024-05-14T01:05:00,2024-05-14T05:33:00,,,,,,,,
0,HAT084,DEN,ORD,01:00:00,05:00:00,240,2024-05-15,landed,2024-05-15T00:47:00,2024-05-15T05:23:00,,,,,,,,
0,HAT084,DEN,ORD,01:00:00,05:00:00,240,2024-05-16,available,,,,,19.0,12.0,7.0,73.0,159.0,466.0
0,HAT084,DEN,ORD,01:00:00,05:00:00,240,2024-05-17,available,,,,,18.0,3.0,15.0,86.0,126.0,493.0
0,HAT084,DEN,ORD,01:00:00,05:00:00,240,2024-05-18,available,,,,,16.0,7.0,17.0,71.0,153.0,240.0
0,HAT084,DEN,ORD,01:00:00,05:00:00,240,2024-05-19,available,,,,,9.0,0.0,20.0,67.0,134.0,248.0
0,HAT084,DEN,ORD,01:00:00,05:00:00,240,2024-05-20,available,,,,,7.0,16.0,7.0,89.0,193.0,264.0
0,HAT084,DEN,ORD,01:00:00,05:00:00,240,2024-05-21,available,,,,,17.0,15.0,14.0,81.0,156.0,320.0
0,HAT084,DEN,ORD,01:00:00,05:00:00,240,2024-05-22,available,,,,,18.0,0.0,3.0,96.0,116.0,371.0
0,HAT084,DEN,ORD,01:00:00,05:00:00,240,2024-05-23,available,,,,,6.0,10.0,19.0,51.0,186.0,214.0
0,HAT084,DEN,ORD,01:00:00,05:00:00,240,2024-05-24,available,,,,,20.0,12.0,8.0,63.0,118.0,470.0
0,HAT084,DEN,ORD,01:00:00,05:00:00,240,2024-05-25,available,,,,,10.0,10.0,7.0,50.0,183.0,351.0
0,HAT084,DEN,ORD,01:00:00,05:00:00,240,2024-05-26,available,,,,,17.0,19.0,10.0,56.0,155.0,356.0
0,HAT084,DEN,ORD,01:00:00,05:00:00,240,2024-05-27,available,,,,,14.0,0.0,1.0,93.0,165.0,216.0
0,HAT084,DEN,ORD,01:00:00,05:00:00,240,2024-05-28,available,,,,,1.0,3.0,2.0,74.0,138.0,346.0
0,HAT084,DEN,ORD,01:00:00,05:00:00,240,2024-05-29,available,,,,,8.0,4.0,10.0,89.0,177.0,346.0
0,HAT084,DEN,ORD,01:00:00,05:00:00,240,2024-05-30,available,,,,,2.0,1.0,2.0,79.0,142.0,306.0
0,HAT085,DEN,ORD,07:00:00,11:00:00,240,2024-05-01,landed,2024-05-01T06:56:00,2024-05-01T11:53:00,,,,,,,,
0,HAT085,DEN,ORD,07:00:00,11:00:00,240,2024-05-02,landed,2024-05-02T07:19:00,2024-05-02T11:35:00,,,,,,,,
0,HAT085,DEN,ORD,07:00:00,11:00:00,240,2024-05-03,cancelled,,,,,,,,,,
0,HAT085,DEN,ORD,07:00:00,11:00:00,240,2024-05-04,landed,2024-05-04T07:02:00,2024-05-04T11:49:00,,,,,,,,
0,HAT085,DEN,ORD,07:00:00,11:00:00,240,2024-05-05,landed,2024-05-05T07:01:00,2024-05-05T11:10:00,,,,,,,,
0,HAT085,DEN,ORD,07:00:00,11:00:00,240,2024-05-06,landed,2024-05-06T07:39:00,2024-05-06T10:38:00,,,,,,,,
0,HAT085,DEN,ORD,07:00:00,11:00:00,240,2024-05-07,landed,2024-05-07T07:16:00,2024-05-07T10:39:00,,,,,,,,
0,HAT085,DEN,ORD,07:00:00,11:00:00,240,2024-05-08,landed,2024-05-08T06:56:00,2024-05-08T11:42:00,,,,,,,,
0,HAT085,DEN,ORD,07:00:00,11:00:00,240,2024-05-09,landed,2024-05-09T07:30:00,2024-05-09T10:38:00,,,,,,,,
0,HAT085,DEN,ORD,07:00:00,11:00:00,240,2024-05-10,landed,2024-05-10T07:32:00,2024-05-10T11:53:00,,,,,,,,
0,HAT085,DEN,ORD,07:00:00,11:00:00,240,2024-05-11,landed,2024-05-11T07:30:00,2024-05-11T11:09:00,,,,,,,,
0,HAT085,DEN,ORD,07:00:00,11:00:00,240,2024-05-12,landed,2024-05-12T06:55:00,2024-05-12T11:12:00,,,,,,,,
0,HAT085,DEN,ORD,07:00:00,11:00:00,240,2024-05-13,landed,2024-05-13T06:48:00,2024-05-13T11:53:00,,,,,,,,
0,HAT085,DEN,ORD,07:00:00,11:00:00,240,2024-05-14,landed,2024-05-14T07:26:00,2024-05-14T10:38:00,,,,,,,,
0,HAT085,DEN,ORD,07:00:00,11:00:00,240,2024-05-15,landed,2024-05-15T06:54:00,2024-05-15T10:50:00,,,,,,,,
0,HAT085,DEN,ORD,07:00:00,11:00:00,240,2024-05-16,available,,,,,15.0,16.0,20.0,64.0,159.0,353.0
0,HAT085,DEN,ORD,07:00:00,11:00:00,240,2024-05-17,available,,,,,2.0,10.0,17.0,91.0,161.0,281.0
0,HAT085,DEN,ORD,07:00:00,11:00:00,240,2024-05-18,available,,,,,16.0,6.0,1.0,65.0,130.0,368.0
0,HAT085,DEN,ORD,07:00:00,11:00:00,240,2024-05-19,available,,,,,5.0,0.0,4.0,53.0,179.0,212.0
0,HAT085,DEN,ORD,07:00:00,11:00:00,240,2024-05-20,available,,,,,4.0,10.0,3.0,100.0,132.0,418.0
0,HAT085,DEN,ORD,07:00:00,11:00:00,240,2024-05-21,available,,,,,12.0,18.0,2.0,51.0,173.0,245.0
0,HAT085,DEN,ORD,07:00:00,11:00:00,240,2024-05-22,available,,,,,6.0,3.0,17.0,62.0,172.0,491.0
0,HAT085,DEN,ORD,07:00:00,11:00:00,240,2024-05-23,available,,,,,11.0,14.0,7.0,72.0,171.0,350.0
0,HAT085,DEN,ORD,07:00:00,11:00:00,240,2024-05-24,available,,,,,13.0,2.0,18.0,61.0,157.0,245.0
0,HAT085,DEN,ORD,07:00:00,11:00:00,240,2024-05-25,available,,,,,4.0,16.0,3.0,67.0,159.0,250.0
0,HAT085,DEN,ORD,07:00:00,11:00:00,240,2024-05-26,available,,,,,17.0,7.0,13.0,51.0,172.0,337.0
0,HAT085,DEN,ORD,07:00:00,11:00:00,240,2024-05-27,available,,,,,3.0,18.0,13.0,78.0,193.0,359.0
0,HAT085,DEN,ORD,07:00:00,11:00:00,240,2024-05-28,available,,,,,16.0,8.0,5.0,72.0,199.0,210.0
0,HAT085,DEN,ORD,07:00:00,11:00:00,240,2024-05-29,available,,,,,2.0,15.0,16.0,83.0,153.0,350.0
0,HAT085,DEN,ORD,07:00:00,11:00:00,240,2024-05-30,available,,,,,1.0,12.0,20.0,66.0,131.0,491.0
0,HAT086,DEN,ORD,11:00:00,15:00:00,240,2024-05-01,landed,2024-05-01T11:12:00,2024-05-01T14:56:00,,,,,,,,
0,HAT086,DEN,ORD,11:00:00,15:00:00,240,2024-05-02,landed,2024-05-02T10:57:00,2024-05-02T15:39:00,,,,,,,,
0,HAT086,DEN,ORD,11:00:00,15:00:00,240,2024-05-03,landed,2024-05-03T10:42:00,2024-05-03T15:38:00,,,,,,,,
0,HAT086,DEN,ORD,11:00:00,15:00:00,240,2024-05-04,landed,2024-05-04T11:27:00,2024-05-04T15:51:00,,,,,,,,
0,HAT086,DEN,ORD,11:00:00,15:00:00,240,2024-05-05,landed,2024-05-05T11:18:00,2024-05-05T14:57:00,,,,,,,,
0,HAT086,DEN,ORD,11:00:00,15:00:00,240,2024-05-06,landed,2024-05-06T10:54:00,2024-05-06T15:02:00,,,,,,,,
0,HAT086,DEN,ORD,11:00:00,15:00:00,240,2024-05-07,landed,2024-05-07T11:04:00,2024-05-07T14:38:00,,,,,,,,
0,HAT086,DEN,ORD,11:00:00,15:00:00,240,2024-05-08,landed,2024-05-08T11:26:00,2024-05-08T14:39:00,,,,,,,,
0,HAT086,DEN,ORD,11:00:00,15:00:00,240,2024-05-09,landed,2024-05-09T11:00:00,2024-05-09T15:41:00,,,,,,,,
0,HAT086,DEN,ORD,11:00:00,15:00:00,240,2024-05-10,landed,2024-05-10T11:05:00,2024-05-10T14:56:00,,,,,,,,
0,HAT086,DEN,ORD,11:00:00,15:00:00,240,2024-05-11,landed,2024-05-11T11:07:00,2024-05-11T15:40:00,,,,,,,,
0,HAT086,DEN,ORD,11:00:00,15:00:00,240,2024-05-12,landed,2024-05-12T10:45:00,2024-05-12T15:32:00,,,,,,,,
0,HAT086,DEN,ORD,11:00:00,15:00:00,240,2024-05-13,landed,2024-05-13T10:58:00,2024-05-13T15:21:00,,,,,,,,
0,HAT086,DEN,ORD,11:00:00,15:00:00,240,2024-05-14,landed,2024-05-14T10:46:00,2024-05-14T14:57:00,,,,,,,,
0,HAT086,DEN,ORD,11:00:00,15:00:00,240,2024-05-15,landed,2024-05-15T10:58:00,2024-05-15T14:52:00,,,,,,,,
0,HAT086,DEN,ORD,11:00:00,15:00:00,240,2024-05-16,available,,,,,1.0,18.0,9.0,50.0,111.0,213.0
0,HAT086,DEN,ORD,11:00:00,15:00:00,240,2024-05-17,available,,,,,17.0,19.0,0.0,85.0,116.0,202.0
0,HAT086,DEN,ORD,11:00:00,15:00:00,240,2024-05-18,available,,,,,10.0,8.0,2.0,58.0,108.0,416.0
0,HAT086,DEN,ORD,11:00:00,15:00:00,240,2024-05-19,available,,,,,16.0,4.0,18.0,52.0,144.0,274.0
0,HAT086,DEN,ORD,11:00:00,15:00:00,240,2024-05-20,available,,,,,15.0,1.0,17.0,66.0,119.0,252.0
0,HAT086,DEN,ORD,11:00:00,15:00:00,240,2024-05-21,available,,,,,15.0,0.0,15.0,64.0,164.0,234.0
0,HAT086,DEN,ORD,11:00:00,15:00:00,240,2024-05-22,available,,,,,10.0,12.0,6.0,54.0,107.0,354.0
0,HAT086,DEN,ORD,11:00:00,15:00:00,240,2024-05-23,available,,,,,0.0,19.0,18.0,82.0,134.0,404.0
0,HAT086,DEN,ORD,11:00:00,15:00:00,240,2024-05-24,available,,,,,14.0,4.0,20.0,73.0,188.0,393.0
0,HAT086,DEN,ORD,11:00:00,15:00:00,240,2024-05-25,available,,,,,19.0,12.0,7.0,77.0,187.0,290.0
0,HAT086,DEN,ORD,11:00:00,15:00:00,240,2024-05-26,available,,,,,18.0,20.0,2.0,86.0,119.0,420.0
0,HAT086,DEN,ORD,11:00:00,15:00:00,240,2024-05-27,available,,,,,15.0,6.0,8.0,80.0,124.0,296.0
0,HAT086,DEN,ORD,11:00:00,15:00:00,240,2024-05-28,available,,,,,15.0,3.0,11.0,96.0,136.0,452.0
0,HAT086,DEN,ORD,11:00:00,15:00:00,240,2024-05-29,available,,,,,19.0,12.0,17.0,89.0,173.0,445.0
0,HAT086,DEN,ORD,11:00:00,15:00:00,240,2024-05-30,available,,,,,10.0,13.0,16.0,51.0,168.0,262.0
0,HAT087,MIA,LGA,14:00:00,15:30:00,90,2024-05-01,landed,2024-05-01T13:54:00,2024-05-01T15:30:00,,,,,,,,
0,HAT087,MIA,LGA,14:00:00,15:30:00,90,2024-05-02,landed,2024-05-02T14:00:00,2024-05-02T15:15:00,,,,,,,,
0,HAT087,MIA,LGA,14:00:00,15:30:00,90,2024-05-03,landed,2024-05-03T13:56:00,2024-05-03T15:55:00,,,,,,,,
0,HAT087,MIA,LGA,14:00:00,15:30:00,90,2024-05-04,landed,2024-05-04T13:51:00,2024-05-04T15:38:00,,,,,,,,
0,HAT087,MIA,LGA,14:00:00,15:30:00,90,2024-05-05,landed,2024-05-05T14:15:00,2024-05-05T16:11:00,,,,,,,,
0,HAT087,MIA,LGA,14:00:00,15:30:00,90,2024-05-06,landed,2024-05-06T14:14:00,2024-05-06T16:04:00,,,,,,,,
0,HAT087,MIA,LGA,14:00:00,15:30:00,90,2024-05-07,landed,2024-05-07T14:18:00,2024-05-07T15:46:00,,,,,,,,
0,HAT087,MIA,LGA,14:00:00,15:30:00,90,2024-05-08,landed,2024-05-08T14:15:00,2024-05-08T15:54:00,,,,,,,,
0,HAT087,MIA,LGA,14:00:00,15:30:00,90,2024-05-09,landed,2024-05-09T13:53:00,2024-05-09T15:56:00,,,,,,,,
0,HAT087,MIA,LGA,14:00:00,15:30:00,90,2024-05-10,landed,2024-05-10T13:55:00,2024-05-10T15:11:00,,,,,,,,
0,HAT087,MIA,LGA,14:00:00,15:30:00,90,2024-05-11,cancelled,,,,,,,,,,
0,HAT087,MIA,LGA,14:00:00,15:30:00,90,2024-05-12,landed,2024-05-12T14:29:00,2024-05-12T16:09:00,,,,,,,,
0,HAT087,MIA,LGA,14:00:00,15:30:00,90,2024-05-13,cancelled,,,,,,,,,,
0,HAT087,MIA,LGA,14:00:00,15:30:00,90,2024-05-14,landed,2024-05-14T13:46:00,2024-05-14T15:45:00,,,,,,,,
0,HAT087,MIA,LGA,14:00:00,15:30:00,90,2024-05-15,flying,2024-05-15T13:53:00,,,2024-05-15T16:22:00,,,,,,
0,HAT087,MIA,LGA,14:00:00,15:30:00,90,2024-05-16,available,,,,,6.0,2.0,1.0,95.0,102.0,215.0
0,HAT087,MIA,LGA,14:00:00,15:30:00,90,2024-05-17,available,,,,,10.0,17.0,8.0,80.0,168.0,275.0
0,HAT087,MIA,LGA,14:00:00,15:30:00,90,2024-05-18,available,,,,,15.0,3.0,0.0,53.0,181.0,286.0
0,HAT087,MIA,LGA,14:00:00,15:30:00,90,2024-05-19,available,,,,,3.0,5.0,19.0,62.0,155.0,250.0
0,HAT087,MIA,LGA,14:00:00,15:30:00,90,2024-05-20,available,,,,,11.0,15.0,7.0,77.0,182.0,326.0
0,HAT087,MIA,LGA,14:00:00,15:30:00,90,2024-05-21,available,,,,,3.0,19.0,2.0,93.0,195.0,219.0
0,HAT087,MIA,LGA,14:00:00,15:30:00,90,2024-05-22,available,,,,,15.0,12.0,2.0,56.0,119.0,304.0
0,HAT087,MIA,LGA,14:00:00,15:30:00,90,2024-05-23,available,,,,,11.0,9.0,3.0,70.0,108.0,234.0
0,HAT087,MIA,LGA,14:00:00,15:30:00,90,2024-05-24,available,,,,,20.0,11.0,11.0,78.0,183.0,435.0
0,HAT087,MIA,LGA,14:00:00,15:30:00,90,2024-05-25,available,,,,,6.0,1.0,14.0,51.0,148.0,365.0
0,HAT087,MIA,LGA,14:00:00,15:30:00,90,2024-05-26,available,,,,,1.0,16.0,10.0,61.0,163.0,441.0
0,HAT087,MIA,LGA,14:00:00,15:30:00,90,2024-05-27,available,,,,,4.0,10.0,6.0,56.0,132.0,497.0
0,HAT087,MIA,LGA,14:00:00,15:30:00,90,2024-05-28,available,,,,,3.0,20.0,16.0,66.0,111.0,345.0
0,HAT087,MIA,LGA,14:00:00,15:30:00,90,2024-05-29,available,,,,,8.0,0.0,13.0,55.0,187.0,299.0
0,HAT087,MIA,LGA,14:00:00,15:30:00,90,2024-05-30,available,,,,,20.0,18.0,14.0,87.0,193.0,213.0
0,HAT088,SEA,LAX,12:00:00,14:00:00,120,2024-05-01,cancelled,,,,,,,,,,
0,HAT088,SEA,LAX,12:00:00,14:00:00,120,2024-05-02,landed,2024-05-02T11:52:00,2024-05-02T14:08:00,,,,,,,,
0,HAT088,SEA,LAX,12:00:00,14:00:00,120,2024-05-03,landed,2024-05-03T11:52:00,2024-05-03T14:00:00,,,,,,,,
0,HAT088,SEA,LAX,12:00:00,14:00:00,120,2024-05-04,landed,2024-05-04T12:09:00,2024-05-04T14:14:00,,,,,,,,
0,HAT088,SEA,LAX,12:00:00,14:00:00,120,2024-05-05,landed,2024-05-05T12:00:00,2024-05-05T14:34:00,,,,,,,,
0,HAT088,SEA,LAX,12:00:00,14:00:00,120,2024-05-06,landed,2024-05-06T12:33:00,2024-05-06T14:10:00,,,,,,,,
0,HAT088,SEA,LAX,12:00:00,14:00:00,120,2024-05-07,landed,2024-05-07T12:02:00,2024-05-07T14:28:00,,,,,,,,
0,HAT088,SEA,LAX,12:00:00,14:00:00,120,2024-05-08,landed,2024-05-08T11:51:00,2024-05-08T13:38:00,,,,,,,,
0,HAT088,SEA,LAX,12:00:00,14:00:00,120,2024-05-09,landed,2024-05-09T12:26:00,2024-05-09T14:28:00,,,,,,,,
0,HAT088,SEA,LAX,12:00:00,14:00:00,120,2024-05-10,cancelled,,,,,,,,,,
0,HAT088,SEA,LAX,12:00:00,14:00:00,120,2024-05-11,landed,2024-05-11T11:55:00,2024-05-11T14:41:00,,,,,,,,
0,HAT088,SEA,LAX,12:00:00,14:00:00,120,2024-05-12,cancelled,,,,,,,,,,
0,HAT088,SEA,LAX,12:00:00,14:00:00,120,2024-05-13,landed,2024-05-13T12:39:00,2024-05-13T14:26:00,,,,,,,,
0,HAT088,SEA,LAX,12:00:00,14:00:00,120,2024-05-14,landed,2024-05-14T12:23:00,2024-05-14T14:15:00,,,,,,,,
0,HAT088,SEA,LAX,12:00:00,14:00:00,120,2024-05-15,landed,2024-05-15T11:51:00,2024-05-15T13:59:00,,,,,,,,
0,HAT088,SEA,LAX,12:00:00,14:00:00,120,2024-05-16,available,,,,,4.0,4.0,11.0,64.0,138.0,472.0
0,HAT088,SEA,LAX,12:00:00,14:00:00,120,2024-05-17,available,,,,,20.0,8.0,20.0,91.0,158.0,247.0
0,HAT088,SEA,LAX,12:00:00,14:00:00,120,2024-05-18,available,,,,,7.0,16.0,17.0,57.0,166.0,206.0
0,HAT088,SEA,LAX,12:00:00,14:00:00,120,2024-05-19,available,,,,,2.0,14.0,9.0,52.0,132.0,469.0
0,HAT088,SEA,LAX,12:00:00,14:00:00,120,2024-05-20,available,,,,,10.0,10.0,4.0,53.0,164.0,304.0
0,HAT088,SEA,LAX,12:00:00,14:00:00,120,2024-05-21,available,,,,,14.0,12.0,3.0,69.0,105.0,284.0
0,HAT088,SEA,LAX,12:00:00,14:00:00,120,2024-05-22,available,,,,,0.0,0.0,15.0,89.0,103.0,204.0
0,HAT088,SEA,LAX,12:00:00,14:00:00,120,2024-05-23,available,,,,,4.0,5.0,4.0,84.0,191.0,376.0
0,HAT088,SEA,LAX,12:00:00,14:00:00,120,2024-05-24,available,,,,,14.0,3.0,16.0,90.0,107.0,299.0
0,HAT088,SEA,LAX,12:00:00,14:00:00,120,2024-05-25,available,,,,,5.0,3.0,14.0,99.0,186.0,273.0
0,HAT088,SEA,LAX,12:00:00,14:00:00,120,2024-05-26,available,,,,,5.0,3.0,15.0,56.0,197.0,416.0
0,HAT088,SEA,LAX,12:00:00,14:00:00,120,2024-05-27,available,,,,,20.0,7.0,16.0,69.0,154.0,346.0
0,HAT088,SEA,LAX,12:00:00,14:00:00,120,2024-05-28,available,,,,,1.0,15.0,6.0,89.0,177.0,483.0
0,HAT088,SEA,LAX,12:00:00,14:00:00,120,2024-05-29,available,,,,,15.0,20.0,1.0,74.0,104.0,236.0
0,HAT088,SEA,LAX,12:00:00,14:00:00,120,2024-05-30,available,,,,,6.0,17.0,7.0,81.0,184.0,325.0
0,HAT089,SEA,LAX,14:00:00,16:00:00,120,2024-05-01,landed,2024-05-01T13:45:00,2024-05-01T16:33:00,,,,,,,,
0,HAT089,SEA,LAX,14:00:00,16:00:00,120,2024-05-02,landed,2024-05-02T13:57:00,2024-05-02T16:06:00,,,,,,,,
0,HAT089,SEA,LAX,14:00:00,16:00:00,120,2024-05-03,landed,2024-05-03T14:26:00,2024-05-03T16:54:00,,,,,,,,
0,HAT089,SEA,LAX,14:00:00,16:00:00,120,2024-05-04,landed,2024-05-04T14:10:00,2024-05-04T16:01:00,,,,,,,,
0,HAT089,SEA,LAX,14:00:00,16:00:00,120,2024-05-05,landed,2024-05-05T14:19:00,2024-05-05T15:35:00,,,,,,,,
0,HAT089,SEA,LAX,14:00:00,16:00:00,120,2024-05-06,landed,2024-05-06T13:50:00,2024-05-06T16:27:00,,,,,,,,
0,HAT089,SEA,LAX,14:00:00,16:00:00,120,2024-05-07,landed,2024-05-07T14:38:00,2024-05-07T16:38:00,,,,,,,,
0,HAT089,SEA,LAX,14:00:00,16:00:00,120,2024-05-08,landed,2024-05-08T13:43:00,2024-05-08T15:46:00,,,,,,,,
0,HAT089,SEA,LAX,14:00:00,16:00:00,120,2024-05-09,landed,2024-05-09T14:08:00,2024-05-09T15:48:00,,,,,,,,
0,HAT089,SEA,LAX,14:00:00,16:00:00,120,2024-05-10,landed,2024-05-10T14:01:00,2024-05-10T15:46:00,,,,,,,,
0,HAT089,SEA,LAX,14:00:00,16:00:00,120,2024-05-11,landed,2024-05-11T13:55:00,2024-05-11T15:48:00,,,,,,,,
0,HAT089,SEA,LAX,14:00:00,16:00:00,120,2024-05-12,landed,2024-05-12T14:09:00,2024-05-12T16:36:00,,,,,,,,
0,HAT089,SEA,LAX,14:00:00,16:00:00,120,2024-05-13,cancelled,,,,,,,,,,
0,HAT089,SEA,LAX,14:00:00,16:00:00,120,2024-05-14,landed,2024-05-14T13:42:00,2024-05-14T15:39:00,,,,,,,,
0,HAT089,SEA,LAX,14:00:00,16:00:00,120,2024-05-15,flying,2024-05-15T14:14:00,,,2024-05-15T16:38:00,,,,,,
0,HAT089,SEA,LAX,14:00:00,16:00:00,120,2024-05-16,available,,,,,1.0,6.0,10.0,80.0,162.0,253.0
0,HAT089,SEA,LAX,14:00:00,16:00:00,120,2024-05-17,available,,,,,13.0,9.0,20.0,79.0,117.0,373.0
0,HAT089,SEA,LAX,14:00:00,16:00:00,120,2024-05-18,available,,,,,12.0,3.0,13.0,91.0,129.0,253.0
0,HAT089,SEA,LAX,14:00:00,16:00:00,120,2024-05-19,available,,,,,17.0,13.0,7.0,58.0,112.0,204.0
0,HAT089,SEA,LAX,14:00:00,16:00:00,120,2024-05-20,available,,,,,6.0,15.0,7.0,62.0,111.0,248.0
0,HAT089,SEA,LAX,14:00:00,16:00:00,120,2024-05-21,available,,,,,8.0,12.0,10.0,69.0,123.0,352.0
0,HAT089,SEA,LAX,14:00:00,16:00:00,120,2024-05-22,available,,,,,12.0,2.0,10.0,59.0,179.0,238.0
0,HAT089,SEA,LAX,14:00:00,16:00:00,120,2024-05-23,available,,,,,11.0,15.0,15.0,90.0,190.0,309.0
0,HAT089,SEA,LAX,14:00:00,16:00:00,120,2024-05-24,available,,,,,6.0,2.0,10.0,97.0,134.0,242.0
0,HAT089,SEA,LAX,14:00:00,16:00:00,120,2024-05-25,available,,,,,15.0,11.0,11.0,78.0,153.0,454.0
0,HAT089,SEA,LAX,14:00:00,16:00:00,120,2024-05-26,available,,,,,7.0,11.0,13.0,60.0,153.0,484.0
0,HAT089,SEA,LAX,14:00:00,16:00:00,120,2024-05-27,available,,,,,16.0,9.0,8.0,100.0,178.0,215.0
0,HAT089,SEA,LAX,14:00:00,16:00:00,120,2024-05-28,available,,,,,1.0,17.0,8.0,98.0,151.0,372.0
0,HAT089,SEA,LAX,14:00:00,16:00:00,120,2024-05-29,available,,,,,8.0,5.0,16.0,69.0,144.0,342.0
0,HAT089,SEA,LAX,14:00:00,16:00:00,120,2024-05-30,available,,,,,10.0,16.0,11.0,85.0,141.0,497.0
0,HAT090,SEA,LAX,15:00:00,17:00:00,120,2024-05-01,landed,2024-05-01T15:15:00,2024-05-01T16:35:00,,,,,,,,
0,HAT090,SEA,LAX,15:00:00,17:00:00,120,2024-05-02,landed,2024-05-02T14:40:00,2024-05-02T17:48:00,,,,,,,,
0,HAT090,SEA,LAX,15:00:00,17:00:00,120,2024-05-03,cancelled,,,,,,,,,,
0,HAT090,SEA,LAX,15:00:00,17:00:00,120,2024-05-04,landed,2024-05-04T14:56:00,2024-05-04T17:53:00,,,,,,,,
0,HAT090,SEA,LAX,15:00:00,17:00:00,120,2024-05-05,landed,2024-05-05T15:22:00,2024-05-05T17:40:00,,,,,,,,
0,HAT090,SEA,LAX,15:00:00,17:00:00,120,2024-05-06,landed,2024-05-06T15:34:00,2024-05-06T17:41:00,,,,,,,,
0,HAT090,SEA,LAX,15:00:00,17:00:00,120,2024-05-07,landed,2024-05-07T15:08:00,2024-05-07T17:05:00,,,,,,,,
0,HAT090,SEA,LAX,15:00:00,17:00:00,120,2024-05-08,landed,2024-05-08T14:53:00,2024-05-08T17:22:00,,,,,,,,
0,HAT090,SEA,LAX,15:00:00,17:00:00,120,2024-05-09,landed,2024-05-09T15:20:00,2024-05-09T17:55:00,,,,,,,,
0,HAT090,SEA,LAX,15:00:00,17:00:00,120,2024-05-10,landed,2024-05-10T14:47:00,2024-05-10T17:01:00,,,,,,,,
0,HAT090,SEA,LAX,15:00:00,17:00:00,120,2024-05-11,landed,2024-05-11T14:58:00,2024-05-11T16:58:00,,,,,,,,
0,HAT090,SEA,LAX,15:00:00,17:00:00,120,2024-05-12,landed,2024-05-12T15:26:00,2024-05-12T17:47:00,,,,,,,,
0,HAT090,SEA,LAX,15:00:00,17:00:00,120,2024-05-13,landed,2024-05-13T14:44:00,2024-05-13T17:31:00,,,,,,,,
0,HAT090,SEA,LAX,15:00:00,17:00:00,120,2024-05-14,landed,2024-05-14T15:06:00,2024-05-14T17:34:00,,,,,,,,
0,HAT090,SEA,LAX,15:00:00,17:00:00,120,2024-05-15,flying,2024-05-15T14:52:00,,,2024-05-15T17:38:00,,,,,,
0,HAT090,SEA,LAX,15:00:00,17:00:00,120,2024-05-16,available,,,,,13.0,14.0,20.0,99.0,139.0,349.0
0,HAT090,SEA,LAX,15:00:00,17:00:00,120,2024-05-17,available,,,,,5.0,3.0,11.0,53.0,183.0,391.0
0,HAT090,SEA,LAX,15:00:00,17:00:00,120,2024-05-18,available,,,,,13.0,9.0,14.0,98.0,191.0,403.0
0,HAT090,SEA,LAX,15:00:00,17:00:00,120,2024-05-19,available,,,,,18.0,16.0,6.0,81.0,120.0,252.0
0,HAT090,SEA,LAX,15:00:00,17:00:00,120,2024-05-20,available,,,,,13.0,4.0,15.0,78.0,168.0,310.0
0,HAT090,SEA,LAX,15:00:00,17:00:00,120,2024-05-21,available,,,,,12.0,0.0,4.0,93.0,119.0,219.0
0,HAT090,SEA,LAX,15:00:00,17:00:00,120,2024-05-22,available,,,,,15.0,5.0,11.0,55.0,121.0,294.0
0,HAT090,SEA,LAX,15:00:00,17:00:00,120,2024-05-23,available,,,,,3.0,10.0,8.0,52.0,142.0,316.0
0,HAT090,SEA,LAX,15:00:00,17:00:00,120,2024-05-24,available,,,,,16.0,3.0,10.0,72.0,112.0,423.0
0,HAT090,SEA,LAX,15:00:00,17:00:00,120,2024-05-25,available,,,,,12.0,16.0,20.0,69.0,193.0,486.0
0,HAT090,SEA,LAX,15:00:00,17:00:00,120,2024-05-26,available,,,,,5.0,7.0,19.0,61.0,200.0,389.0
0,HAT090,SEA,LAX,15:00:00,17:00:00,120,2024-05-27,available,,,,,10.0,14.0,9.0,64.0,105.0,468.0
0,HAT090,SEA,LAX,15:00:00,17:00:00,120,2024-05-28,available,,,,,16.0,14.0,12.0,76.0,103.0,214.0
0,HAT090,SEA,LAX,15:00:00,17:00:00,120,2024-05-29,available,,,,,19.0,7.0,1.0,95.0,114.0,445.0
0,HAT090,SEA,LAX,15:00:00,17:00:00,120,2024-05-30,available,,,,,3.0,0.0,12.0,56.0,141.0,459.0
0,HAT091,SEA,LAX,00:00:00,02:00:00,120,2024-05-01,landed,2024-05-01T00:00:00,2024-05-01T02:39:00,,,,,,,,
0,HAT091,SEA,LAX,00:00:00,02:00:00,120,2024-05-02,landed,2024-05-02T00:13:00,2024-05-02T02:52:00,,,,,,,,
0,HAT091,SEA,LAX,00:00:00,02:00:00,120,2024-05-03,landed,2024-05-03T00:11:00,2024-05-03T02:38:00,,,,,,,,
0,HAT091,SEA,LAX,00:00:00,02:00:00,120,2024-05-04,landed,2024-05-04T00:36:00,2024-05-04T02:47:00,,,,,,,,
0,HAT091,SEA,LAX,00:00:00,02:00:00,120,2024-05-05,landed,2024-05-05T00:00:00,2024-05-05T01:42:00,,,,,,,,
0,HAT091,SEA,LAX,00:00:00,02:00:00,120,2024-05-06,landed,2024-05-06T00:00:00,2024-05-06T02:26:00,,,,,,,,
0,HAT091,SEA,LAX,00:00:00,02:00:00,120,2024-05-07,landed,2024-05-07T00:01:00,2024-05-07T02:00:00,,,,,,,,
0,HAT091,SEA,LAX,00:00:00,02:00:00,120,2024-05-08,landed,2024-05-08T00:13:00,2024-05-08T02:08:00,,,,,,,,
0,HAT091,SEA,LAX,00:00:00,02:00:00,120,2024-05-09,landed,2024-05-09T00:00:00,2024-05-09T01:43:00,,,,,,,,
0,HAT091,SEA,LAX,00:00:00,02:00:00,120,2024-05-10,landed,2024-05-10T00:19:00,2024-05-10T02:46:00,,,,,,,,
0,HAT091,SEA,LAX,00:00:00,02:00:00,120,2024-05-11,cancelled,,,,,,,,,,
0,HAT091,SEA,LAX,00:00:00,02:00:00,120,2024-05-12,landed,2024-05-12T00:00:00,2024-05-12T01:48:00,,,,,,,,
0,HAT091,SEA,LAX,00:00:00,02:00:00,120,2024-05-13,landed,2024-05-13T00:00:00,2024-05-13T02:52:00,,,,,,,,
0,HAT091,SEA,LAX,00:00:00,02:00:00,120,2024-05-14,landed,2024-05-14T00:37:00,2024-05-14T02:03:00,,,,,,,,
0,HAT091,SEA,LAX,00:00:00,02:00:00,120,2024-05-15,landed,2024-05-15T00:28:00,2024-05-15T01:57:00,,,,,,,,
0,HAT091,SEA,LAX,00:00:00,02:00:00,120,2024-05-16,available,,,,,12.0,15.0,10.0,96.0,154.0,378.0
0,HAT091,SEA,LAX,00:00:00,02:00:00,120,2024-05-17,available,,,,,14.0,4.0,2.0,81.0,139.0,229.0
0,HAT091,SEA,LAX,00:00:00,02:00:00,120,2024-05-18,available,,,,,8.0,15.0,16.0,58.0,192.0,320.0
0,HAT091,SEA,LAX,00:00:00,02:00:00,120,2024-05-19,available,,,,,20.0,0.0,10.0,79.0,103.0,366.0
0,HAT091,SEA,LAX,00:00:00,02:00:00,120,2024-05-20,available,,,,,9.0,19.0,16.0,66.0,170.0,464.0
0,HAT091,SEA,LAX,00:00:00,02:00:00,120,2024-05-21,available,,,,,10.0,8.0,18.0,94.0,131.0,337.0
0,HAT091,SEA,LAX,00:00:00,02:00:00,120,2024-05-22,available,,,,,10.0,4.0,1.0,84.0,139.0,239.0
0,HAT091,SEA,LAX,00:00:00,02:00:00,120,2024-05-23,available,,,,,4.0,17.0,0.0,53.0,153.0,401.0
0,HAT091,SEA,LAX,00:00:00,02:00:00,120,2024-05-24,available,,,,,1.0,16.0,1.0,74.0,194.0,324.0
0,HAT091,SEA,LAX,00:00:00,02:00:00,120,2024-05-25,available,,,,,18.0,13.0,4.0,86.0,175.0,218.0
0,HAT091,SEA,LAX,00:00:00,02:00:00,120,2024-05-26,available,,,,,16.0,12.0,16.0,80.0,108.0,210.0
0,HAT091,SEA,LAX,00:00:00,02:00:00,120,2024-05-27,available,,,,,6.0,0.0,6.0,69.0,154.0,492.0
0,HAT091,SEA,LAX,00:00:00,02:00:00,120,2024-05-28,available,,,,,8.0,10.0,7.0,52.0,191.0,421.0
0,HAT091,SEA,LAX,00:00:00,02:00:00,120,2024-05-29,available,,,,,3.0,1.0,16.0,59.0,125.0,267.0
0,HAT091,SEA,LAX,00:00:00,02:00:00,120,2024-05-30,available,,,,,5.0,18.0,10.0,69.0,145.0,343.0
0,HAT092,SEA,LAX,01:00:00,03:00:00,120,2024-05-01,cancelled,,,,,,,,,,
0,HAT092,SEA,LAX,01:00:00,03:00:00,120,2024-05-02,landed,2024-05-02T00:49:00,2024-05-02T03:41:00,,,,,,,,
0,HAT092,SEA,LAX,01:00:00,03:00:00,120,2024-05-03,landed,2024-05-03T01:07:00,2024-05-03T03:40:00,,,,,,,,
0,HAT092,SEA,LAX,01:00:00,03:00:00,120,2024-05-04,landed,2024-05-04T01:23:00,2024-05-04T03:48:00,,,,,,,,
0,HAT092,SEA,LAX,01:00:00,03:00:00,120,2024-05-05,landed,2024-05-05T00:40:00,2024-05-05T03:48:00,,,,,,,,
0,HAT092,SEA,LAX,01:00:00,03:00:00,120,2024-05-06,landed,2024-05-06T01:12:00,2024-05-06T03:26:00,,,,,,,,
0,HAT092,SEA,LAX,01:00:00,03:00:00,120,2024-05-07,landed,2024-05-07T01:29:00,2024-05-07T02:58:00,,,,,,,,
0,HAT092,SEA,LAX,01:00:00,03:00:00,120,2024-05-08,landed,2024-05-08T01:27:00,2024-05-08T02:39:00,,,,,,,,
0,HAT092,SEA,LAX,01:00:00,03:00:00,120,2024-05-09,landed,2024-05-09T00:48:00,2024-05-09T03:27:00,,,,,,,,
0,HAT092,SEA,LAX,01:00:00,03:00:00,120,2024-05-10,landed,2024-05-10T01:15:00,2024-05-10T03:20:00,,,,,,,,
0,HAT092,SEA,LAX,01:00:00,03:00:00,120,2024-05-11,landed,2024-05-11T01:06:00,2024-05-11T03:23:00,,,,,,,,
0,HAT092,SEA,LAX,01:00:00,03:00:00,120,2024-05-12,landed,2024-05-12T01:13:00,2024-05-12T03:46:00,,,,,,,,
0,HAT092,SEA,LAX,01:00:00,03:00:00,120,2024-05-13,landed,2024-05-13T01:04:00,2024-05-13T03:17:00,,,,,,,,
0,HAT092,SEA,LAX,01:00:00,03:00:00,120,2024-05-14,landed,2024-05-14T00:59:00,2024-05-14T02:45:00,,,,,,,,
0,HAT092,SEA,LAX,01:00:00,03:00:00,120,2024-05-15,landed,2024-05-15T00:49:00,2024-05-15T03:16:00,,,,,,,,
0,HAT092,SEA,LAX,01:00:00,03:00:00,120,2024-05-16,available,,,,,1.0,3.0,20.0,64.0,125.0,324.0
0,HAT092,SEA,LAX,01:00:00,03:00:00,120,2024-05-17,available,,,,,9.0,9.0,4.0,77.0,129.0,315.0
0,HAT092,SEA,LAX,01:00:00,03:00:00,120,2024-05-18,available,,,,,8.0,17.0,6.0,64.0,110.0,282.0
0,HAT092,SEA,LAX,01:00:00,03:00:00,120,2024-05-19,available,,,,,9.0,18.0,11.0,52.0,137.0,399.0
0,HAT092,SEA,LAX,01:00:00,03:00:00,120,2024-05-20,available,,,,,20.0,12.0,19.0,57.0,120.0,328.0
0,HAT092,SEA,LAX,01:00:00,03:00:00,120,2024-05-21,available,,,,,17.0,2.0,2.0,100.0,156.0,280.0
0,HAT092,SEA,LAX,01:00:00,03:00:00,120,2024-05-22,available,,,,,9.0,19.0,16.0,96.0,138.0,372.0
0,HAT092,SEA,LAX,01:00:00,03:00:00,120,2024-05-23,available,,,,,11.0,19.0,13.0,58.0,182.0,460.0
0,HAT092,SEA,LAX,01:00:00,03:00:00,120,2024-05-24,available,,,,,14.0,2.0,20.0,51.0,181.0,492.0
0,HAT092,SEA,LAX,01:00:00,03:00:00,120,2024-05-25,available,,,,,0.0,13.0,17.0,62.0,105.0,466.0
0,HAT092,SEA,LAX,01:00:00,03:00:00,120,2024-05-26,available,,,,,18.0,8.0,20.0,51.0,106.0,322.0
0,HAT092,SEA,LAX,01:00:00,03:00:00,120,2024-05-27,available,,,,,19.0,13.0,1.0,58.0,103.0,434.0
0,HAT092,SEA,LAX,01:00:00,03:00:00,120,2024-05-28,available,,,,,11.0,18.0,5.0,85.0,153.0,280.0
0,HAT092,SEA,LAX,01:00:00,03:00:00,120,2024-05-29,available,,,,,16.0,17.0,10.0,72.0,154.0,283.0
0,HAT092,SEA,LAX,01:00:00,03:00:00,120,2024-05-30,available,,,,,8.0,0.0,12.0,66.0,118.0,355.0
0,HAT093,ATL,DEN,07:00:00,09:00:00,120,2024-05-01,landed,2024-05-01T07:14:00,2024-05-01T09:54:00,,,,,,,,
0,HAT093,ATL,DEN,07:00:00,09:00:00,120,2024-05-02,landed,2024-05-02T07:15:00,2024-05-02T08:45:00,,,,,,,,
0,HAT093,ATL,DEN,07:00:00,09:00:00,120,2024-05-03,landed,2024-05-03T07:13:00,2024-05-03T09:09:00,,,,,,,,
0,HAT093,ATL,DEN,07:00:00,09:00:00,120,2024-05-04,landed,2024-05-04T06:59:00,2024-05-04T08:37:00,,,,,,,,
0,HAT093,ATL,DEN,07:00:00,09:00:00,120,2024-05-05,landed,2024-05-05T07:29:00,2024-05-05T08:54:00,,,,,,,,
0,HAT093,ATL,DEN,07:00:00,09:00:00,120,2024-05-06,landed,2024-05-06T07:12:00,2024-05-06T09:26:00,,,,,,,,
0,HAT093,ATL,DEN,07:00:00,09:00:00,120,2024-05-07,landed,2024-05-07T07:15:00,2024-05-07T09:43:00,,,,,,,,
0,HAT093,ATL,DEN,07:00:00,09:00:00,120,2024-05-08,landed,2024-05-08T07:04:00,2024-05-08T09:20:00,,,,,,,,
0,HAT093,ATL,DEN,07:00:00,09:00:00,120,2024-05-09,landed,2024-05-09T06:45:00,2024-05-09T09:34:00,,,,,,,,
0,HAT093,ATL,DEN,07:00:00,09:00:00,120,2024-05-10,landed,2024-05-10T07:20:00,2024-05-10T09:18:00,,,,,,,,
0,HAT093,ATL,DEN,07:00:00,09:00:00,120,2024-05-11,landed,2024-05-11T06:52:00,2024-05-11T08:36:00,,,,,,,,
0,HAT093,ATL,DEN,07:00:00,09:00:00,120,2024-05-12,landed,2024-05-12T07:40:00,2024-05-12T08:39:00,,,,,,,,
0,HAT093,ATL,DEN,07:00:00,09:00:00,120,2024-05-13,landed,2024-05-13T07:03:00,2024-05-13T08:59:00,,,,,,,,
0,HAT093,ATL,DEN,07:00:00,09:00:00,120,2024-05-14,landed,2024-05-14T06:49:00,2024-05-14T09:33:00,,,,,,,,
0,HAT093,ATL,DEN,07:00:00,09:00:00,120,2024-05-15,landed,2024-05-15T07:25:00,2024-05-15T08:52:00,,,,,,,,
0,HAT093,ATL,DEN,07:00:00,09:00:00,120,2024-05-16,available,,,,,20.0,7.0,12.0,97.0,183.0,443.0
0,HAT093,ATL,DEN,07:00:00,09:00:00,120,2024-05-17,available,,,,,0.0,20.0,2.0,65.0,104.0,321.0
0,HAT093,ATL,DEN,07:00:00,09:00:00,120,2024-05-18,available,,,,,4.0,0.0,17.0,80.0,185.0,320.0
0,HAT093,ATL,DEN,07:00:00,09:00:00,120,2024-05-19,available,,,,,10.0,1.0,2.0,70.0,110.0,288.0
0,HAT093,ATL,DEN,07:00:00,09:00:00,120,2024-05-20,available,,,,,17.0,14.0,12.0,67.0,172.0,443.0
0,HAT093,ATL,DEN,07:00:00,09:00:00,120,2024-05-21,available,,,,,4.0,2.0,10.0,86.0,115.0,381.0
0,HAT093,ATL,DEN,07:00:00,09:00:00,120,2024-05-22,available,,,,,9.0,1.0,3.0,74.0,170.0,203.0
0,HAT093,ATL,DEN,07:00:00,09:00:00,120,2024-05-23,available,,,,,19.0,12.0,6.0,57.0,118.0,202.0
0,HAT093,ATL,DEN,07:00:00,09:00:00,120,2024-05-24,available,,,,,1.0,17.0,8.0,58.0,158.0,362.0
0,HAT093,ATL,DEN,07:00:00,09:00:00,120,2024-05-25,available,,,,,17.0,2.0,13.0,50.0,121.0,321.0
0,HAT093,ATL,DEN,07:00:00,09:00:00,120,2024-05-26,available,,,,,13.0,17.0,19.0,57.0,113.0,491.0
0,HAT093,ATL,DEN,07:00:00,09:00:00,120,2024-05-27,available,,,,,13.0,8.0,9.0,86.0,166.0,404.0
0,HAT093,ATL,DEN,07:00:00,09:00:00,120,2024-05-28,available,,,,,3.0,13.0,9.0,90.0,182.0,376.0
0,HAT093,ATL,DEN,07:00:00,09:00:00,120,2024-05-29,available,,,,,19.0,12.0,5.0,68.0,196.0,205.0
0,HAT093,ATL,DEN,07:00:00,09:00:00,120,2024-05-30,available,,,,,2.0,2.0,7.0,59.0,200.0,437.0
0,HAT094,ATL,DEN,06:00:00,08:00:00,120,2024-05-01,landed,2024-05-01T06:20:00,2024-05-01T07:35:00,,,,,,,,
0,HAT094,ATL,DEN,06:00:00,08:00:00,120,2024-05-02,landed,2024-05-02T06:12:00,2024-05-02T07:45:00,,,,,,,,
0,HAT094,ATL,DEN,06:00:00,08:00:00,120,2024-05-03,landed,2024-05-03T06:10:00,2024-05-03T07:59:00,,,,,,,,
0,HAT094,ATL,DEN,06:00:00,08:00:00,120,2024-05-04,landed,2024-05-04T06:26:00,2024-05-04T08:38:00,,,,,,,,
0,HAT094,ATL,DEN,06:00:00,08:00:00,120,2024-05-05,landed,2024-05-05T06:38:00,2024-05-05T07:44:00,,,,,,,,
0,HAT094,ATL,DEN,06:00:00,08:00:00,120,2024-05-06,landed,2024-05-06T05:55:00,2024-05-06T08:03:00,,,,,,,,
0,HAT094,ATL,DEN,06:00:00,08:00:00,120,2024-05-07,landed,2024-05-07T06:25:00,2024-05-07T08:25:00,,,,,,,,
0,HAT094,ATL,DEN,06:00:00,08:00:00,120,2024-05-08,landed,2024-05-08T05:41:00,2024-05-08T08:27:00,,,,,,,,
0,HAT094,ATL,DEN,06:00:00,08:00:00,120,2024-05-09,landed,2024-05-09T06:36:00,2024-05-09T07:37:00,,,,,,,,
0,HAT094,ATL,DEN,06:00:00,08:00:00,120,2024-05-10,landed,2024-05-10T06:32:00,2024-05-10T08:27:00,,,,,,,,
0,HAT094,ATL,DEN,06:00:00,08:00:00,120,2024-05-11,landed,2024-05-11T05:49:00,2024-05-11T07:37:00,,,,,,,,
0,HAT094,ATL,DEN,06:00:00,08:00:00,120,2024-05-12,landed,2024-05-12T06:06:00,2024-05-12T08:24:00,,,,,,,,
0,HAT094,ATL,DEN,06:00:00,08:00:00,120,2024-05-13,landed,2024-05-13T06:10:00,2024-05-13T08:23:00,,,,,,,,
0,HAT094,ATL,DEN,06:00:00,08:00:00,120,2024-05-14,landed,2024-05-14T06:02:00,2024-05-14T07:35:00,,,,,,,,
0,HAT094,ATL,DEN,06:00:00,08:00:00,120,2024-05-15,landed,2024-05-15T06:39:00,2024-05-15T07:55:00,,,,,,,,
0,HAT094,ATL,DEN,06:00:00,08:00:00,120,2024-05-16,available,,,,,14.0,17.0,0.0,68.0,200.0,323.0
0,HAT094,ATL,DEN,06:00:00,08:00:00,120,2024-05-17,available,,,,,19.0,9.0,15.0,78.0,146.0,300.0
0,HAT094,ATL,DEN,06:00:00,08:00:00,120,2024-05-18,available,,,,,17.0,9.0,7.0,77.0,200.0,491.0
0,HAT094,ATL,DEN,06:00:00,08:00:00,120,2024-05-19,available,,,,,14.0,9.0,18.0,69.0,120.0,423.0
0,HAT094,ATL,DEN,06:00:00,08:00:00,120,2024-05-20,available,,,,,13.0,11.0,15.0,95.0,156.0,299.0
0,HAT094,ATL,DEN,06:00:00,08:00:00,120,2024-05-21,available,,,,,12.0,1.0,3.0,51.0,132.0,494.0
0,HAT094,ATL,DEN,06:00:00,08:00:00,120,2024-05-22,available,,,,,1.0,1.0,11.0,100.0,101.0,269.0
0,HAT094,ATL,DEN,06:00:00,08:00:00,120,2024-05-23,available,,,,,19.0,20.0,11.0,84.0,168.0,241.0
0,HAT094,ATL,DEN,06:00:00,08:00:00,120,2024-05-24,available,,,,,7.0,7.0,20.0,56.0,120.0,234.0
0,HAT094,ATL,DEN,06:00:00,08:00:00,120,2024-05-25,available,,,,,14.0,0.0,1.0,58.0,187.0,374.0
0,HAT094,ATL,DEN,06:00:00,08:00:00,120,2024-05-26,available,,,,,1.0,14.0,2.0,55.0,117.0,214.0
0,HAT094,ATL,DEN,06:00:00,08:00:00,120,2024-05-27,available,,,,,2.0,18.0,5.0,96.0,161.0,459.0
0,HAT094,ATL,DEN,06:00:00,08:00:00,120,2024-05-28,available,,,,,20.0,3.0,11.0,66.0,107.0,290.0
0,HAT094,ATL,DEN,06:00:00,08:00:00,120,2024-05-29,available,,,,,14.0,17.0,0.0,86.0,138.0,405.0
0,HAT094,ATL,DEN,06:00:00,08:00:00,120,2024-05-30,available,,,,,5.0,2.0,12.0,97.0,170.0,263.0
0,HAT095,ATL,DEN,12:00:00,14:00:00,120,2024-05-01,cancelled,,,,,,,,,,
0,HAT095,ATL,DEN,12:00:00,14:00:00,120,2024-05-02,landed,2024-05-02T11:47:00,2024-05-02T14:29:00,,,,,,,,
0,HAT095,ATL,DEN,12:00:00,14:00:00,120,2024-05-03,cancelled,,,,,,,,,,
0,HAT095,ATL,DEN,12:00:00,14:00:00,120,2024-05-04,landed,2024-05-04T11:41:00,2024-05-04T13:56:00,,,,,,,,
0,HAT095,ATL,DEN,12:00:00,14:00:00,120,2024-05-05,landed,2024-05-05T11:42:00,2024-05-05T13:57:00,,,,,,,,
0,HAT095,ATL,DEN,12:00:00,14:00:00,120,2024-05-06,landed,2024-05-06T11:59:00,2024-05-06T14:39:00,,,,,,,,
0,HAT095,ATL,DEN,12:00:00,14:00:00,120,2024-05-07,landed,2024-05-07T12:14:00,2024-05-07T13:41:00,,,,,,,,
0,HAT095,ATL,DEN,12:00:00,14:00:00,120,2024-05-08,landed,2024-05-08T11:46:00,2024-05-08T14:19:00,,,,,,,,
0,HAT095,ATL,DEN,12:00:00,14:00:00,120,2024-05-09,landed,2024-05-09T11:54:00,2024-05-09T14:19:00,,,,,,,,
0,HAT095,ATL,DEN,12:00:00,14:00:00,120,2024-05-10,landed,2024-05-10T11:54:00,2024-05-10T14:05:00,,,,,,,,
0,HAT095,ATL,DEN,12:00:00,14:00:00,120,2024-05-11,landed,2024-05-11T12:38:00,2024-05-11T13:36:00,,,,,,,,
0,HAT095,ATL,DEN,12:00:00,14:00:00,120,2024-05-12,landed,2024-05-12T11:43:00,2024-05-12T14:24:00,,,,,,,,
0,HAT095,ATL,DEN,12:00:00,14:00:00,120,2024-05-13,cancelled,,,,,,,,,,
0,HAT095,ATL,DEN,12:00:00,14:00:00,120,2024-05-14,landed,2024-05-14T11:41:00,2024-05-14T14:53:00,,,,,,,,
0,HAT095,ATL,DEN,12:00:00,14:00:00,120,2024-05-15,landed,2024-05-15T12:23:00,2024-05-15T14:37:00,,,,,,,,
0,HAT095,ATL,DEN,12:00:00,14:00:00,120,2024-05-16,available,,,,,16.0,9.0,2.0,80.0,152.0,351.0
0,HAT095,ATL,DEN,12:00:00,14:00:00,120,2024-05-17,available,,,,,8.0,14.0,14.0,55.0,152.0,305.0
0,HAT095,ATL,DEN,12:00:00,14:00:00,120,2024-05-18,available,,,,,12.0,17.0,10.0,70.0,176.0,362.0
0,HAT095,ATL,DEN,12:00:00,14:00:00,120,2024-05-19,available,,,,,16.0,5.0,10.0,65.0,165.0,495.0
0,HAT095,ATL,DEN,12:00:00,14:00:00,120,2024-05-20,available,,,,,13.0,1.0,11.0,75.0,164.0,205.0
0,HAT095,ATL,DEN,12:00:00,14:00:00,120,2024-05-21,available,,,,,5.0,10.0,15.0,100.0,124.0,411.0
0,HAT095,ATL,DEN,12:00:00,14:00:00,120,2024-05-22,available,,,,,1.0,3.0,7.0,78.0,173.0,243.0
0,HAT095,ATL,DEN,12:00:00,14:00:00,120,2024-05-23,available,,,,,5.0,3.0,20.0,99.0,183.0,231.0
0,HAT095,ATL,DEN,12:00:00,14:00:00,120,2024-05-24,available,,,,,1.0,4.0,2.0,100.0,107.0,457.0
0,HAT095,ATL,DEN,12:00:00,14:00:00,120,2024-05-25,available,,,,,17.0,2.0,3.0,55.0,120.0,353.0
0,HAT095,ATL,DEN,12:00:00,14:00:00,120,2024-05-26,available,,,,,10.0,5.0,12.0,74.0,102.0,314.0
0,HAT095,ATL,DEN,12:00:00,14:00:00,120,2024-05-27,available,,,,,11.0,7.0,8.0,74.0,147.0,424.0
0,HAT095,ATL,DEN,12:00:00,14:00:00,120,2024-05-28,available,,,,,2.0,4.0,9.0,81.0,170.0,242.0
0,HAT095,ATL,DEN,12:00:00,14:00:00,120,2024-05-29,available,,,,,3.0,19.0,13.0,80.0,137.0,360.0
0,HAT095,ATL,DEN,12:00:00,14:00:00,120,2024-05-30,available,,,,,13.0,6.0,19.0,75.0,194.0,340.0
0,HAT096,ATL,DEN,11:00:00,13:00:00,120,2024-05-01,landed,2024-05-01T11:24:00,2024-05-01T13:22:00,,,,,,,,
0,HAT096,ATL,DEN,11:00:00,13:00:00,120,2024-05-02,landed,2024-05-02T11:07:00,2024-05-02T12:59:00,,,,,,,,
0,HAT096,ATL,DEN,11:00:00,13:00:00,120,2024-05-03,landed,2024-05-03T11:22:00,2024-05-03T12:58:00,,,,,,,,
0,HAT096,ATL,DEN,11:00:00,13:00:00,120,2024-05-04,cancelled,,,,,,,,,,
0,HAT096,ATL,DEN,11:00:00,13:00:00,120,2024-05-05,landed,2024-05-05T11:23:00,2024-05-05T13:11:00,,,,,,,,
0,HAT096,ATL,DEN,11:00:00,13:00:00,120,2024-05-06,landed,2024-05-06T11:25:00,2024-05-06T13:55:00,,,,,,,,
0,HAT096,ATL,DEN,11:00:00,13:00:00,120,2024-05-07,landed,2024-05-07T11:37:00,2024-05-07T13:08:00,,,,,,,,
0,HAT096,ATL,DEN,11:00:00,13:00:00,120,2024-05-08,cancelled,,,,,,,,,,
0,HAT096,ATL,DEN,11:00:00,13:00:00,120,2024-05-09,cancelled,,,,,,,,,,
0,HAT096,ATL,DEN,11:00:00,13:00:00,120,2024-05-10,landed,2024-05-10T11:29:00,2024-05-10T13:23:00,,,,,,,,
0,HAT096,ATL,DEN,11:00:00,13:00:00,120,2024-05-11,landed,2024-05-11T11:09:00,2024-05-11T13:19:00,,,,,,,,
0,HAT096,ATL,DEN,11:00:00,13:00:00,120,2024-05-12,landed,2024-05-12T11:34:00,2024-05-12T12:47:00,,,,,,,,
0,HAT096,ATL,DEN,11:00:00,13:00:00,120,2024-05-13,landed,2024-05-13T11:24:00,2024-05-13T12:36:00,,,,,,,,
0,HAT096,ATL,DEN,11:00:00,13:00:00,120,2024-05-14,landed,2024-05-14T11:25:00,2024-05-14T13:44:00,,,,,,,,
0,HAT096,ATL,DEN,11:00:00,13:00:00,120,2024-05-15,landed,2024-05-15T11:14:00,2024-05-15T12:46:00,,,,,,,,
0,HAT096,ATL,DEN,11:00:00,13:00:00,120,2024-05-16,available,,,,,20.0,19.0,17.0,63.0,166.0,397.0
0,HAT096,ATL,DEN,11:00:00,13:00:00,120,2024-05-17,available,,,,,8.0,1.0,13.0,96.0,118.0,303.0
0,HAT096,ATL,DEN,11:00:00,13:00:00,120,2024-05-18,available,,,,,15.0,8.0,8.0,94.0,199.0,260.0
0,HAT096,ATL,DEN,11:00:00,13:00:00,120,2024-05-19,available,,,,,18.0,3.0,11.0,60.0,103.0,339.0
0,HAT096,ATL,DEN,11:00:00,13:00:00,120,2024-05-20,available,,,,,13.0,11.0,20.0,61.0,179.0,263.0
0,HAT096,ATL,DEN,11:00:00,13:00:00,120,2024-05-21,available,,,,,14.0,2.0,11.0,81.0,108.0,492.0
0,HAT096,ATL,DEN,11:00:00,13:00:00,120,2024-05-22,available,,,,,10.0,13.0,10.0,97.0,171.0,210.0
0,HAT096,ATL,DEN,11:00:00,13:00:00,120,2024-05-23,available,,,,,15.0,2.0,9.0,61.0,100.0,491.0
0,HAT096,ATL,DEN,11:00:00,13:00:00,120,2024-05-24,available,,,,,11.0,4.0,8.0,95.0,110.0,373.0
0,HAT096,ATL,DEN,11:00:00,13:00:00,120,2024-05-25,available,,,,,18.0,4.0,7.0,69.0,174.0,436.0
0,HAT096,ATL,DEN,11:00:00,13:00:00,120,2024-05-26,available,,,,,18.0,4.0,9.0,91.0,129.0,441.0
0,HAT096,ATL,DEN,11:00:00,13:00:00,120,2024-05-27,available,,,,,14.0,7.0,0.0,71.0,150.0,440.0
0,HAT096,ATL,DEN,11:00:00,13:00:00,120,2024-05-28,available,,,,,2.0,8.0,19.0,56.0,103.0,274.0
0,HAT096,ATL,DEN,11:00:00,13:00:00,120,2024-05-29,available,,,,,9.0,1.0,7.0,81.0,146.0,320.0
0,HAT096,ATL,DEN,11:00:00,13:00:00,120,2024-05-30,available,,,,,15.0,2.0,0.0,58.0,186.0,339.0
0,HAT097,ORD,ATL,09:00:00,12:30:00,210,2024-05-01,landed,2024-05-01T08:56:00,2024-05-01T12:53:00,,,,,,,,
0,HAT097,ORD,ATL,09:00:00,12:30:00,210,2024-05-02,landed,2024-05-02T09:35:00,2024-05-02T13:25:00,,,,,,,,
0,HAT097,ORD,ATL,09:00:00,12:30:00,210,2024-05-03,landed,2024-05-03T09:08:00,2024-05-03T13:19:00,,,,,,,,
0,HAT097,ORD,ATL,09:00:00,12:30:00,210,2024-05-04,landed,2024-05-04T09:13:00,2024-05-04T12:22:00,,,,,,,,
0,HAT097,ORD,ATL,09:00:00,12:30:00,210,2024-05-05,landed,2024-05-05T09:10:00,2024-05-05T13:19:00,,,,,,,,
0,HAT097,ORD,ATL,09:00:00,12:30:00,210,2024-05-06,landed,2024-05-06T09:23:00,2024-05-06T12:59:00,,,,,,,,
0,HAT097,ORD,ATL,09:00:00,12:30:00,210,2024-05-07,landed,2024-05-07T09:14:00,2024-05-07T12:35:00,,,,,,,,
0,HAT097,ORD,ATL,09:00:00,12:30:00,210,2024-05-08,landed,2024-05-08T09:30:00,2024-05-08T13:16:00,,,,,,,,
0,HAT097,ORD,ATL,09:00:00,12:30:00,210,2024-05-09,landed,2024-05-09T09:02:00,2024-05-09T12:41:00,,,,,,,,
0,HAT097,ORD,ATL,09:00:00,12:30:00,210,2024-05-10,landed,2024-05-10T08:58:00,2024-05-10T12:44:00,,,,,,,,
0,HAT097,ORD,ATL,09:00:00,12:30:00,210,2024-05-11,landed,2024-05-11T08:59:00,2024-05-11T13:12:00,,,,,,,,
0,HAT097,ORD,ATL,09:00:00,12:30:00,210,2024-05-12,landed,2024-05-12T09:38:00,2024-05-12T13:12:00,,,,,,,,
0,HAT097,ORD,ATL,09:00:00,12:30:00,210,2024-05-13,landed,2024-05-13T08:52:00,2024-05-13T12:10:00,,,,,,,,
0,HAT097,ORD,ATL,09:00:00,12:30:00,210,2024-05-14,landed,2024-05-14T09:12:00,2024-05-14T12:23:00,,,,,,,,
0,HAT097,ORD,ATL,09:00:00,12:30:00,210,2024-05-15,landed,2024-05-15T09:27:00,2024-05-15T12:46:00,,,,,,,,
0,HAT097,ORD,ATL,09:00:00,12:30:00,210,2024-05-16,available,,,,,5.0,16.0,8.0,94.0,180.0,374.0
0,HAT097,ORD,ATL,09:00:00,12:30:00,210,2024-05-17,available,,,,,10.0,15.0,0.0,94.0,156.0,201.0
0,HAT097,ORD,ATL,09:00:00,12:30:00,210,2024-05-18,available,,,,,9.0,0.0,8.0,54.0,117.0,395.0
0,HAT097,ORD,ATL,09:00:00,12:30:00,210,2024-05-19,available,,,,,14.0,2.0,19.0,51.0,167.0,481.0
0,HAT097,ORD,ATL,09:00:00,12:30:00,210,2024-05-20,available,,,,,13.0,5.0,15.0,92.0,139.0,426.0
0,HAT097,ORD,ATL,09:00:00,12:30:00,210,2024-05-21,available,,,,,2.0,1.0,6.0,85.0,107.0,325.0
0,HAT097,ORD,ATL,09:00:00,12:30:00,210,2024-05-22,available,,,,,8.0,17.0,20.0,58.0,131.0,272.0
0,HAT097,ORD,ATL,09:00:00,12:30:00,210,2024-05-23,available,,,,,14.0,3.0,8.0,100.0,145.0,266.0
0,HAT097,ORD,ATL,09:00:00,12:30:00,210,2024-05-24,available,,,,,11.0,2.0,19.0,70.0,147.0,291.0
0,HAT097,ORD,ATL,09:00:00,12:30:00,210,2024-05-25,available,,,,,1.0,17.0,20.0,63.0,190.0,319.0
0,HAT097,ORD,ATL,09:00:00,12:30:00,210,2024-05-26,available,,,,,0.0,8.0,18.0,75.0,181.0,354.0
0,HAT097,ORD,ATL,09:00:00,12:30:00,210,2024-05-27,available,,,,,3.0,18.0,0.0,50.0,179.0,323.0
0,HAT097,ORD,ATL,09:00:00,12:30:00,210,2024-05-28,available,,,,,1.0,20.0,9.0,75.0,158.0,457.0
0,HAT097,ORD,ATL,09:00:00,12:30:00,210,2024-05-29,available,,,,,2.0,1.0,4.0,66.0,180.0,371.0
0,HAT097,ORD,ATL,09:00:00,12:30:00,210,2024-05-30,available,,,,,3.0,16.0,4.0,81.0,176.0,495.0
0,HAT098,ORD,ATL,07:00:00,10:30:00,210,2024-05-01,landed,2024-05-01T06:51:00,2024-05-01T11:24:00,,,,,,,,
0,HAT098,ORD,ATL,07:00:00,10:30:00,210,2024-05-02,cancelled,,,,,,,,,,
0,HAT098,ORD,ATL,07:00:00,10:30:00,210,2024-05-03,landed,2024-05-03T07:26:00,2024-05-03T11:14:00,,,,,,,,
0,HAT098,ORD,ATL,07:00:00,10:30:00,210,2024-05-04,landed,2024-05-04T07:11:00,2024-05-04T11:22:00,,,,,,,,
0,HAT098,ORD,ATL,07:00:00,10:30:00,210,2024-05-05,cancelled,,,,,,,,,,
0,HAT098,ORD,ATL,07:00:00,10:30:00,210,2024-05-06,landed,2024-05-06T06:43:00,2024-05-06T11:15:00,,,,,,,,
0,HAT098,ORD,ATL,07:00:00,10:30:00,210,2024-05-07,landed,2024-05-07T07:21:00,2024-05-07T10:35:00,,,,,,,,
0,HAT098,ORD,ATL,07:00:00,10:30:00,210,2024-05-08,landed,2024-05-08T06:46:00,2024-05-08T10:33:00,,,,,,,,
0,HAT098,ORD,ATL,07:00:00,10:30:00,210,2024-05-09,landed,2024-05-09T07:10:00,2024-05-09T11:13:00,,,,,,,,
0,HAT098,ORD,ATL,07:00:00,10:30:00,210,2024-05-10,landed,2024-05-10T07:24:00,2024-05-10T11:25:00,,,,,,,,
0,HAT098,ORD,ATL,07:00:00,10:30:00,210,2024-05-11,landed,2024-05-11T07:03:00,2024-05-11T10:05:00,,,,,,,,
0,HAT098,ORD,ATL,07:00:00,10:30:00,210,2024-05-12,landed,2024-05-12T07:09:00,2024-05-12T10:39:00,,,,,,,,
0,HAT098,ORD,ATL,07:00:00,10:30:00,210,2024-05-13,cancelled,,,,,,,,,,
0,HAT098,ORD,ATL,07:00:00,10:30:00,210,2024-05-14,landed,2024-05-14T07:21:00,2024-05-14T10:12:00,,,,,,,,
0,HAT098,ORD,ATL,07:00:00,10:30:00,210,2024-05-15,landed,2024-05-15T06:54:00,2024-05-15T11:13:00,,,,,,,,
0,HAT098,ORD,ATL,07:00:00,10:30:00,210,2024-05-16,available,,,,,7.0,19.0,9.0,93.0,198.0,270.0
0,HAT098,ORD,ATL,07:00:00,10:30:00,210,2024-05-17,available,,,,,14.0,8.0,20.0,50.0,100.0,423.0
0,HAT098,ORD,ATL,07:00:00,10:30:00,210,2024-05-18,available,,,,,9.0,13.0,14.0,68.0,150.0,283.0
0,HAT098,ORD,ATL,07:00:00,10:30:00,210,2024-05-19,available,,,,,5.0,7.0,20.0,94.0,170.0,352.0
0,HAT098,ORD,ATL,07:00:00,10:30:00,210,2024-05-20,available,,,,,10.0,7.0,19.0,62.0,150.0,330.0
0,HAT098,ORD,ATL,07:00:00,10:30:00,210,2024-05-21,available,,,,,11.0,3.0,9.0,73.0,139.0,354.0
0,HAT098,ORD,ATL,07:00:00,10:30:00,210,2024-05-22,available,,,,,16.0,1.0,16.0,67.0,173.0,295.0
0,HAT098,ORD,ATL,07:00:00,10:30:00,210,2024-05-23,available,,,,,6.0,6.0,8.0,65.0,199.0,302.0
0,HAT098,ORD,ATL,07:00:00,10:30:00,210,2024-05-24,available,,,,,10.0,16.0,20.0,89.0,195.0,244.0
0,HAT098,ORD,ATL,07:00:00,10:30:00,210,2024-05-25,available,,,,,0.0,13.0,15.0,65.0,107.0,315.0
0,HAT098,ORD,ATL,07:00:00,10:30:00,210,2024-05-26,available,,,,,5.0,7.0,0.0,70.0,166.0,319.0
0,HAT098,ORD,ATL,07:00:00,10:30:00,210,2024-05-27,available,,,,,20.0,11.0,12.0,99.0,132.0,276.0
0,HAT098,ORD,ATL,07:00:00,10:30:00,210,2024-05-28,available,,,,,17.0,3.0,11.0,84.0,108.0,338.0
0,HAT098,ORD,ATL,07:00:00,10:30:00,210,2024-05-29,available,,,,,2.0,8.0,17.0,99.0,108.0,376.0
0,HAT098,ORD,ATL,07:00:00,10:30:00,210,2024-05-30,available,,,,,1.0,0.0,13.0,56.0,101.0,415.0
0,HAT099,ORD,ATL,10:00:00,13:30:00,210,2024-05-01,landed,2024-05-01T09:46:00,2024-05-01T13:50:00,,,,,,,,
0,HAT099,ORD,ATL,10:00:00,13:30:00,210,2024-05-02,landed,2024-05-02T10:08:00,2024-05-02T14:05:00,,,,,,,,
0,HAT099,ORD,ATL,10:00:00,13:30:00,210,2024-05-03,landed,2024-05-03T09:41:00,2024-05-03T14:06:00,,,,,,,,
0,HAT099,ORD,ATL,10:00:00,13:30:00,210,2024-05-04,landed,2024-05-04T10:04:00,2024-05-04T13:23:00,,,,,,,,
0,HAT099,ORD,ATL,10:00:00,13:30:00,210,2024-05-05,landed,2024-05-05T09:48:00,2024-05-05T13:58:00,,,,,,,,
0,HAT099,ORD,ATL,10:00:00,13:30:00,210,2024-05-06,landed,2024-05-06T10:25:00,2024-05-06T13:56:00,,,,,,,,
0,HAT099,ORD,ATL,10:00:00,13:30:00,210,2024-05-07,landed,2024-05-07T10:35:00,2024-05-07T14:14:00,,,,,,,,
0,HAT099,ORD,ATL,10:00:00,13:30:00,210,2024-05-08,landed,2024-05-08T10:08:00,2024-05-08T13:55:00,,,,,,,,
0,HAT099,ORD,ATL,10:00:00,13:30:00,210,2024-05-09,landed,2024-05-09T09:42:00,2024-05-09T13:30:00,,,,,,,,
0,HAT099,ORD,ATL,10:00:00,13:30:00,210,2024-05-10,cancelled,,,,,,,,,,
0,HAT099,ORD,ATL,10:00:00,13:30:00,210,2024-05-11,landed,2024-05-11T10:30:00,2024-05-11T13:07:00,,,,,,,,
0,HAT099,ORD,ATL,10:00:00,13:30:00,210,2024-05-12,landed,2024-05-12T10:10:00,2024-05-12T13:44:00,,,,,,,,
0,HAT099,ORD,ATL,10:00:00,13:30:00,210,2024-05-13,landed,2024-05-13T10:40:00,2024-05-13T13:46:00,,,,,,,,
0,HAT099,ORD,ATL,10:00:00,13:30:00,210,2024-05-14,landed,2024-05-14T09:41:00,2024-05-14T14:24:00,,,,,,,,
0,HAT099,ORD,ATL,10:00:00,13:30:00,210,2024-05-15,landed,2024-05-15T10:00:00,2024-05-15T13:19:00,,,,,,,,
0,HAT099,ORD,ATL,10:00:00,13:30:00,210,2024-05-16,available,,,,,18.0,8.0,16.0,78.0,190.0,477.0
0,HAT099,ORD,ATL,10:00:00,13:30:00,210,2024-05-17,available,,,,,5.0,8.0,16.0,87.0,155.0,243.0
0,HAT099,ORD,ATL,10:00:00,13:30:00,210,2024-05-18,available,,,,,8.0,5.0,17.0,66.0,163.0,322.0
0,HAT099,ORD,ATL,10:00:00,13:30:00,210,2024-05-19,available,,,,,2.0,10.0,9.0,57.0,100.0,461.0
0,HAT099,ORD,ATL,10:00:00,13:30:00,210,2024-05-20,available,,,,,11.0,9.0,20.0,71.0,200.0,222.0
0,HAT099,ORD,ATL,10:00:00,13:30:00,210,2024-05-21,available,,,,,20.0,15.0,4.0,61.0,156.0,202.0
0,HAT099,ORD,ATL,10:00:00,13:30:00,210,2024-05-22,available,,,,,19.0,20.0,1.0,78.0,137.0,218.0
0,HAT099,ORD,ATL,10:00:00,13:30:00,210,2024-05-23,available,,,,,6.0,9.0,9.0,90.0,192.0,265.0
0,HAT099,ORD,ATL,10:00:00,13:30:00,210,2024-05-24,available,,,,,3.0,4.0,1.0,90.0,115.0,368.0
0,HAT099,ORD,ATL,10:00:00,13:30:00,210,2024-05-25,available,,,,,7.0,16.0,9.0,64.0,178.0,284.0
0,HAT099,ORD,ATL,10:00:00,13:30:00,210,2024-05-26,available,,,,,16.0,14.0,20.0,83.0,113.0,246.0
0,HAT099,ORD,ATL,10:00:00,13:30:00,210,2024-05-27,available,,,,,8.0,14.0,0.0,95.0,190.0,497.0
0,HAT099,ORD,ATL,10:00:00,13:30:00,210,2024-05-28,available,,,,,0.0,5.0,11.0,60.0,152.0,492.0
0,HAT099,ORD,ATL,10:00:00,13:30:00,210,2024-05-29,available,,,,,10.0,10.0,1.0,64.0,195.0,234.0
0,HAT099,ORD,ATL,10:00:00,13:30:00,210,2024-05-30,available,,,,,12.0,4.0,0.0,60.0,146.0,404.0
0,HAT100,ORD,ATL,05:00:00,08:30:00,210,2024-05-01,landed,2024-05-01T05:09:00,2024-05-01T08:50:00,,,,,,,,
0,HAT100,ORD,ATL,05:00:00,08:30:00,210,2024-05-02,cancelled,,,,,,,,,,
0,HAT100,ORD,ATL,05:00:00,08:30:00,210,2024-05-03,landed,2024-05-03T05:00:00,2024-05-03T08:45:00,,,,,,,,
0,HAT100,ORD,ATL,05:00:00,08:30:00,210,2024-05-04,landed,2024-05-04T04:50:00,2024-05-04T08:40:00,,,,,,,,
0,HAT100,ORD,ATL,05:00:00,08:30:00,210,2024-05-05,landed,2024-05-05T05:03:00,2024-05-05T08:23:00,,,,,,,,
0,HAT100,ORD,ATL,05:00:00,08:30:00,210,2024-05-06,cancelled,,,,,,,,,,
0,HAT100,ORD,ATL,05:00:00,08:30:00,210,2024-05-07,landed,2024-05-07T04:50:00,2024-05-07T08:52:00,,,,,,,,
0,HAT100,ORD,ATL,05:00:00,08:30:00,210,2024-05-08,landed,2024-05-08T05:15:00,2024-05-08T09:08:00,,,,,,,,
0,HAT100,ORD,ATL,05:00:00,08:30:00,210,2024-05-09,landed,2024-05-09T04:47:00,2024-05-09T09:24:00,,,,,,,,
0,HAT100,ORD,ATL,05:00:00,08:30:00,210,2024-05-10,landed,2024-05-10T04:54:00,2024-05-10T09:17:00,,,,,,,,
0,HAT100,ORD,ATL,05:00:00,08:30:00,210,2024-05-11,landed,2024-05-11T05:33:00,2024-05-11T08:21:00,,,,,,,,
0,HAT100,ORD,ATL,05:00:00,08:30:00,210,2024-05-12,landed,2024-05-12T04:49:00,2024-05-12T08:18:00,,,,,,,,
0,HAT100,ORD,ATL,05:00:00,08:30:00,210,2024-05-13,cancelled,,,,,,,,,,
0,HAT100,ORD,ATL,05:00:00,08:30:00,210,2024-05-14,landed,2024-05-14T04:44:00,2024-05-14T08:16:00,,,,,,,,
0,HAT100,ORD,ATL,05:00:00,08:30:00,210,2024-05-15,landed,2024-05-15T05:27:00,2024-05-15T08:15:00,,,,,,,,
0,HAT100,ORD,ATL,05:00:00,08:30:00,210,2024-05-16,available,,,,,3.0,9.0,8.0,73.0,106.0,334.0
0,HAT100,ORD,ATL,05:00:00,08:30:00,210,2024-05-17,available,,,,,20.0,19.0,10.0,85.0,185.0,420.0
0,HAT100,ORD,ATL,05:00:00,08:30:00,210,2024-05-18,available,,,,,15.0,12.0,10.0,75.0,168.0,482.0
0,HAT100,ORD,ATL,05:00:00,08:30:00,210,2024-05-19,available,,,,,11.0,5.0,18.0,86.0,109.0,338.0
0,HAT100,ORD,ATL,05:00:00,08:30:00,210,2024-05-20,available,,,,,1.0,1.0,10.0,94.0,112.0,250.0
0,HAT100,ORD,ATL,05:00:00,08:30:00,210,2024-05-21,available,,,,,15.0,10.0,18.0,78.0,183.0,372.0
0,HAT100,ORD,ATL,05:00:00,08:30:00,210,2024-05-22,available,,,,,18.0,3.0,20.0,100.0,124.0,369.0
0,HAT100,ORD,ATL,05:00:00,08:30:00,210,2024-05-23,available,,,,,20.0,18.0,9.0,67.0,194.0,411.0
0,HAT100,ORD,ATL,05:00:00,08:30:00,210,2024-05-24,available,,,,,0.0,13.0,11.0,57.0,120.0,295.0
0,HAT100,ORD,ATL,05:00:00,08:30:00,210,2024-05-25,available,,,,,20.0,18.0,16.0,88.0,105.0,337.0
0,HAT100,ORD,ATL,05:00:00,08:30:00,210,2024-05-26,available,,,,,20.0,7.0,13.0,64.0,199.0,489.0
0,HAT100,ORD,ATL,05:00:00,08:30:00,210,2024-05-27,available,,,,,10.0,7.0,8.0,91.0,152.0,459.0
0,HAT100,ORD,ATL,05:00:00,08:30:00,210,2024-05-28,available,,,,,2.0,16.0,14.0,63.0,172.0,471.0
0,HAT100,ORD,ATL,05:00:00,08:30:00,210,2024-05-29,available,,,,,14.0,3.0,10.0,64.0,157.0,372.0
0,HAT100,ORD,ATL,05:00:00,08:30:00,210,2024-05-30,available,,,,,4.0,20.0,4.0,82.0,122.0,493.0
0,HAT101,ORD,ATL,19:00:00,22:30:00,210,2024-05-01,landed,2024-05-01T19:16:00,2024-05-01T22:56:00,,,,,,,,
0,HAT101,ORD,ATL,19:00:00,22:30:00,210,2024-05-02,landed,2024-05-02T19:36:00,2024-05-02T22:12:00,,,,,,,,
0,HAT101,ORD,ATL,19:00:00,22:30:00,210,2024-05-03,landed,2024-05-03T19:08:00,2024-05-03T22:44:00,,,,,,,,
0,HAT101,ORD,ATL,19:00:00,22:30:00,210,2024-05-04,landed,2024-05-04T19:22:00,2024-05-04T23:12:00,,,,,,,,
0,HAT101,ORD,ATL,19:00:00,22:30:00,210,2024-05-05,landed,2024-05-05T19:19:00,2024-05-05T22:11:00,,,,,,,,
0,HAT101,ORD,ATL,19:00:00,22:30:00,210,2024-05-06,landed,2024-05-06T19:03:00,2024-05-06T23:18:00,,,,,,,,
0,HAT101,ORD,ATL,19:00:00,22:30:00,210,2024-05-07,landed,2024-05-07T19:24:00,2024-05-07T22:49:00,,,,,,,,
0,HAT101,ORD,ATL,19:00:00,22:30:00,210,2024-05-08,landed,2024-05-08T19:04:00,2024-05-08T23:12:00,,,,,,,,
0,HAT101,ORD,ATL,19:00:00,22:30:00,210,2024-05-09,cancelled,,,,,,,,,,
0,HAT101,ORD,ATL,19:00:00,22:30:00,210,2024-05-10,landed,2024-05-10T19:01:00,2024-05-10T23:12:00,,,,,,,,
0,HAT101,ORD,ATL,19:00:00,22:30:00,210,2024-05-11,landed,2024-05-11T18:49:00,2024-05-11T23:11:00,,,,,,,,
0,HAT101,ORD,ATL,19:00:00,22:30:00,210,2024-05-12,landed,2024-05-12T19:21:00,2024-05-12T22:11:00,,,,,,,,
0,HAT101,ORD,ATL,19:00:00,22:30:00,210,2024-05-13,landed,2024-05-13T19:04:00,2024-05-13T23:20:00,,,,,,,,
0,HAT101,ORD,ATL,19:00:00,22:30:00,210,2024-05-14,landed,2024-05-14T19:02:00,2024-05-14T22:19:00,,,,,,,,
0,HAT101,ORD,ATL,19:00:00,22:30:00,210,2024-05-15,delayed,,,2024-05-15T20:19:00,2024-05-16T00:46:00,,,,,,
0,HAT101,ORD,ATL,19:00:00,22:30:00,210,2024-05-16,available,,,,,5.0,4.0,6.0,50.0,151.0,203.0
0,HAT101,ORD,ATL,19:00:00,22:30:00,210,2024-05-17,available,,,,,5.0,11.0,2.0,85.0,110.0,283.0
0,HAT101,ORD,ATL,19:00:00,22:30:00,210,2024-05-18,available,,,,,14.0,1.0,8.0,98.0,193.0,468.0
0,HAT101,ORD,ATL,19:00:00,22:30:00,210,2024-05-19,available,,,,,12.0,13.0,19.0,85.0,158.0,232.0
0,HAT101,ORD,ATL,19:00:00,22:30:00,210,2024-05-20,available,,,,,0.0,17.0,13.0,82.0,102.0,341.0
0,HAT101,ORD,ATL,19:00:00,22:30:00,210,2024-05-21,available,,,,,11.0,6.0,0.0,73.0,168.0,289.0
0,HAT101,ORD,ATL,19:00:00,22:30:00,210,2024-05-22,available,,,,,2.0,8.0,17.0,65.0,190.0,236.0
0,HAT101,ORD,ATL,19:00:00,22:30:00,210,2024-05-23,available,,,,,9.0,0.0,20.0,62.0,191.0,234.0
0,HAT101,ORD,ATL,19:00:00,22:30:00,210,2024-05-24,available,,,,,13.0,4.0,6.0,74.0,165.0,458.0
0,HAT101,ORD,ATL,19:00:00,22:30:00,210,2024-05-25,available,,,,,6.0,8.0,19.0,71.0,115.0,268.0
0,HAT101,ORD,ATL,19:00:00,22:30:00,210,2024-05-26,available,,,,,9.0,8.0,4.0,89.0,150.0,202.0
0,HAT101,ORD,ATL,19:00:00,22:30:00,210,2024-05-27,available,,,,,2.0,12.0,12.0,98.0,107.0,434.0
0,HAT101,ORD,ATL,19:00:00,22:30:00,210,2024-05-28,available,,,,,20.0,7.0,8.0,65.0,139.0,397.0
0,HAT101,ORD,ATL,19:00:00,22:30:00,210,2024-05-29,available,,,,,16.0,18.0,15.0,78.0,104.0,309.0
0,HAT101,ORD,ATL,19:00:00,22:30:00,210,2024-05-30,available,,,,,3.0,18.0,3.0,50.0,139.0,370.0
0,HAT102,EWR,JFK,20:00:00,23:00:00,180,2024-05-01,cancelled,,,,,,,,,,
0,HAT102,EWR,JFK,20:00:00,23:00:00,180,2024-05-02,landed,2024-05-02T19:41:00,2024-05-02T23:52:00,,,,,,,,
0,HAT102,EWR,JFK,20:00:00,23:00:00,180,2024-05-03,landed,2024-05-03T20:22:00,2024-05-03T23:45:00,,,,,,,,
0,HAT102,EWR,JFK,20:00:00,23:00:00,180,2024-05-04,landed,2024-05-04T19:48:00,2024-05-04T23:13:00,,,,,,,,
0,HAT102,EWR,JFK,20:00:00,23:00:00,180,2024-05-05,landed,2024-05-05T20:22:00,2024-05-05T23:04:00,,,,,,,,
0,HAT102,EWR,JFK,20:00:00,23:00:00,180,2024-05-06,landed,2024-05-06T19:43:00,2024-05-06T23:26:00,,,,,,,,
0,HAT102,EWR,JFK,20:00:00,23:00:00,180,2024-05-07,landed,2024-05-07T19:40:00,2024-05-07T23:21:00,,,,,,,,
0,HAT102,EWR,JFK,20:00:00,23:00:00,180,2024-05-08,landed,2024-05-08T19:41:00,2024-05-08T23:13:00,,,,,,,,
0,HAT102,EWR,JFK,20:00:00,23:00:00,180,2024-05-09,landed,2024-05-09T19:56:00,2024-05-09T23:35:00,,,,,,,,
0,HAT102,EWR,JFK,20:00:00,23:00:00,180,2024-05-10,landed,2024-05-10T19:47:00,2024-05-10T23:42:00,,,,,,,,
0,HAT102,EWR,JFK,20:00:00,23:00:00,180,2024-05-11,cancelled,,,,,,,,,,
0,HAT102,EWR,JFK,20:00:00,23:00:00,180,2024-05-12,landed,2024-05-12T20:35:00,2024-05-12T22:50:00,,,,,,,,
0,HAT102,EWR,JFK,20:00:00,23:00:00,180,2024-05-13,landed,2024-05-13T20:37:00,2024-05-13T23:38:00,,,,,,,,
0,HAT102,EWR,JFK,20:00:00,23:00:00,180,2024-05-14,landed,2024-05-14T20:35:00,2024-05-14T23:43:00,,,,,,,,
0,HAT102,EWR,JFK,20:00:00,23:00:00,180,2024-05-15,on time,,,2024-05-15T19:59:00,2024-05-15T22:58:00,,,,,,
0,HAT102,EWR,JFK,20:00:00,23:00:00,180,2024-05-16,available,,,,,10.0,1.0,6.0,80.0,107.0,354.0
0,HAT102,EWR,JFK,20:00:00,23:00:00,180,2024-05-17,available,,,,,3.0,6.0,0.0,70.0,137.0,458.0
0,HAT102,EWR,JFK,20:00:00,23:00:00,180,2024-05-18,available,,,,,10.0,1.0,2.0,99.0,144.0,320.0
0,HAT102,EWR,JFK,20:00:00,23:00:00,180,2024-05-19,available,,,,,5.0,12.0,1.0,92.0,165.0,206.0
0,HAT102,EWR,JFK,20:00:00,23:00:00,180,2024-05-20,available,,,,,0.0,6.0,2.0,70.0,130.0,417.0
0,HAT102,EWR,JFK,20:00:00,23:00:00,180,2024-05-21,available,,,,,13.0,14.0,7.0,59.0,137.0,356.0
0,HAT102,EWR,JFK,20:00:00,23:00:00,180,2024-05-22,available,,,,,17.0,2.0,12.0,55.0,175.0,389.0
0,HAT102,EWR,JFK,20:00:00,23:00:00,180,2024-05-23,available,,,,,18.0,20.0,4.0,96.0,151.0,271.0
0,HAT102,EWR,JFK,20:00:00,23:00:00,180,2024-05-24,available,,,,,3.0,1.0,17.0,71.0,113.0,494.0
0,HAT102,EWR,JFK,20:00:00,23:00:00,180,2024-05-25,available,,,,,0.0,6.0,19.0,52.0,150.0,329.0
0,HAT102,EWR,JFK,20:00:00,23:00:00,180,2024-05-26,available,,,,,7.0,4.0,5.0,84.0,126.0,463.0
0,HAT102,EWR,JFK,20:00:00,23:00:00,180,2024-05-27,available,,,,,4.0,12.0,16.0,61.0,187.0,288.0
0,HAT102,EWR,JFK,20:00:00,23:00:00,180,2024-05-28,available,,,,,15.0,4.0,3.0,99.0,158.0,205.0
0,HAT102,EWR,JFK,20:00:00,23:00:00,180,2024-05-29,available,,,,,17.0,16.0,13.0,74.0,186.0,338.0
0,HAT102,EWR,JFK,20:00:00,23:00:00,180,2024-05-30,available,,,,,1.0,17.0,0.0,84.0,176.0,431.0
0,HAT103,PHX,DTW,23:00:00,00:00:00+1,60,2024-05-01,landed,2024-05-01T22:52:00,2024-05-02T00:55:00,,,,,,,,
0,HAT103,PHX,DTW,23:00:00,00:00:00+1,60,2024-05-02,landed,2024-05-02T23:36:00,2024-05-03T00:01:00,,,,,,,,
0,HAT103,PHX,DTW,23:00:00,00:00:00+1,60,2024-05-03,landed,2024-05-03T22:59:00,2024-05-03T23:44:00,,,,,,,,
0,HAT103,PHX,DTW,23:00:00,00:00:00+1,60,2024-05-04,landed,2024-05-04T23:29:00,2024-05-05T00:33:00,,,,,,,,
0,HAT103,PHX,DTW,23:00:00,00:00:00+1,60,2024-05-05,landed,2024-05-05T23:08:00,2024-05-05T23:38:00,,,,,,,,
0,HAT103,PHX,DTW,23:00:00,00:00:00+1,60,2024-05-06,landed,2024-05-06T23:22:00,2024-05-06T23:53:00,,,,,,,,
0,HAT103,PHX,DTW,23:00:00,00:00:00+1,60,2024-05-07,landed,2024-05-07T22:44:00,2024-05-08T00:36:00,,,,,,,,
0,HAT103,PHX,DTW,23:00:00,00:00:00+1,60,2024-05-08,landed,2024-05-08T22:58:00,2024-05-09T00:09:00,,,,,,,,
0,HAT103,PHX,DTW,23:00:00,00:00:00+1,60,2024-05-09,landed,2024-05-09T23:37:00,2024-05-09T23:48:00,,,,,,,,
0,HAT103,PHX,DTW,23:00:00,00:00:00+1,60,2024-05-10,landed,2024-05-10T22:57:00,2024-05-11T00:33:00,,,,,,,,
0,HAT103,PHX,DTW,23:00:00,00:00:00+1,60,2024-05-11,landed,2024-05-11T23:01:00,2024-05-11T23:37:00,,,,,,,,
0,HAT103,PHX,DTW,23:00:00,00:00:00+1,60,2024-05-12,landed,2024-05-12T23:03:00,2024-05-13T00:42:00,,,,,,,,
0,HAT103,PHX,DTW,23:00:00,00:00:00+1,60,2024-05-13,landed,2024-05-13T23:26:00,2024-05-13T23:53:00,,,,,,,,
0,HAT103,PHX,DTW,23:00:00,00:00:00+1,60,2024-05-14,landed,2024-05-14T22:40:00,2024-05-15T00:15:00,,,,,,,,
0,HAT103,PHX,DTW,23:00:00,00:00:00+1,60,2024-05-15,on time,,,2024-05-15T23:18:00,2024-05-16T00:07:00,,,,,,
0,HAT103,PHX,DTW,23:00:00,00:00:00+1,60,2024-05-16,available,,,,,2.0,5.0,10.0,66.0,122.0,468.0
0,HAT103,PHX,DTW,23:00:00,00:00:00+1,60,2024-05-17,available,,,,,3.0,13.0,18.0,57.0,151.0,357.0
0,HAT103,PHX,DTW,23:00:00,00:00:00+1,60,2024-05-18,available,,,,,16.0,15.0,13.0,85.0,159.0,264.0
0,HAT103,PHX,DTW,23:00:00,00:00:00+1,60,2024-05-19,available,,,,,18.0,7.0,8.0,69.0,192.0,425.0
0,HAT103,PHX,DTW,23:00:00,00:00:00+1,60,2024-05-20,available,,,,,16.0,20.0,10.0,69.0,161.0,290.0
0,HAT103,PHX,DTW,23:00:00,00:00:00+1,60,2024-05-21,available,,,,,5.0,14.0,19.0,60.0,195.0,234.0
0,HAT103,PHX,DTW,23:00:00,00:00:00+1,60,2024-05-22,available,,,,,17.0,7.0,3.0,82.0,105.0,490.0
0,HAT103,PHX,DTW,23:00:00,00:00:00+1,60,2024-05-23,available,,,,,16.0,17.0,11.0,92.0,176.0,248.0
0,HAT103,PHX,DTW,23:00:00,00:00:00+1,60,2024-05-24,available,,,,,15.0,19.0,17.0,93.0,148.0,451.0
0,HAT103,PHX,DTW,23:00:00,00:00:00+1,60,2024-05-25,available,,,,,8.0,16.0,2.0,50.0,176.0,356.0
0,HAT103,PHX,DTW,23:00:00,00:00:00+1,60,2024-05-26,available,,,,,20.0,10.0,9.0,89.0,190.0,209.0
0,HAT103,PHX,DTW,23:00:00,00:00:00+1,60,2024-05-27,available,,,,,12.0,10.0,12.0,97.0,165.0,443.0
0,HAT103,PHX,DTW,23:00:00,00:00:00+1,60,2024-05-28,available,,,,,18.0,19.0,4.0,87.0,183.0,456.0
0,HAT103,PHX,DTW,23:00:00,00:00:00+1,60,2024-05-29,available,,,,,5.0,15.0,2.0,66.0,116.0,391.0
0,HAT103,PHX,DTW,23:00:00,00:00:00+1,60,2024-05-30,available,,,,,14.0,5.0,2.0,80.0,117.0,360.0
0,HAT104,PHX,EWR,04:00:00,08:00:00,240,2024-05-01,landed,2024-05-01T03:57:00,2024-05-01T08:55:00,,,,,,,,
0,HAT104,PHX,EWR,04:00:00,08:00:00,240,2024-05-02,cancelled,,,,,,,,,,
0,HAT104,PHX,EWR,04:00:00,08:00:00,240,2024-05-03,landed,2024-05-03T04:29:00,2024-05-03T08:40:00,,,,,,,,
0,HAT104,PHX,EWR,04:00:00,08:00:00,240,2024-05-04,landed,2024-05-04T04:37:00,2024-05-04T08:29:00,,,,,,,,
0,HAT104,PHX,EWR,04:00:00,08:00:00,240,2024-05-05,cancelled,,,,,,,,,,
0,HAT104,PHX,EWR,04:00:00,08:00:00,240,2024-05-06,landed,2024-05-06T04:34:00,2024-05-06T08:07:00,,,,,,,,
0,HAT104,PHX,EWR,04:00:00,08:00:00,240,2024-05-07,landed,2024-05-07T04:29:00,2024-05-07T07:44:00,,,,,,,,
0,HAT104,PHX,EWR,04:00:00,08:00:00,240,2024-05-08,landed,2024-05-08T03:50:00,2024-05-08T08:25:00,,,,,,,,
0,HAT104,PHX,EWR,04:00:00,08:00:00,240,2024-05-09,landed,2024-05-09T03:55:00,2024-05-09T08:51:00,,,,,,,,
0,HAT104,PHX,EWR,04:00:00,08:00:00,240,2024-05-10,landed,2024-05-10T04:19:00,2024-05-10T07:39:00,,,,,,,,
0,HAT104,PHX,EWR,04:00:00,08:00:00,240,2024-05-11,cancelled,,,,,,,,,,
0,HAT104,PHX,EWR,04:00:00,08:00:00,240,2024-05-12,landed,2024-05-12T03:56:00,2024-05-12T07:46:00,,,,,,,,
0,HAT104,PHX,EWR,04:00:00,08:00:00,240,2024-05-13,landed,2024-05-13T04:34:00,2024-05-13T08:29:00,,,,,,,,
0,HAT104,PHX,EWR,04:00:00,08:00:00,240,2024-05-14,landed,2024-05-14T04:08:00,2024-05-14T07:54:00,,,,,,,,
0,HAT104,PHX,EWR,04:00:00,08:00:00,240,2024-05-15,landed,2024-05-15T03:44:00,2024-05-15T07:47:00,,,,,,,,
0,HAT104,PHX,EWR,04:00:00,08:00:00,240,2024-05-16,available,,,,,2.0,5.0,14.0,96.0,146.0,242.0
0,HAT104,PHX,EWR,04:00:00,08:00:00,240,2024-05-17,available,,,,,18.0,8.0,11.0,72.0,132.0,318.0
0,HAT104,PHX,EWR,04:00:00,08:00:00,240,2024-05-18,available,,,,,12.0,20.0,1.0,82.0,111.0,371.0
0,HAT104,PHX,EWR,04:00:00,08:00:00,240,2024-05-19,available,,,,,10.0,10.0,10.0,67.0,110.0,456.0
0,HAT104,PHX,EWR,04:00:00,08:00:00,240,2024-05-20,available,,,,,18.0,3.0,11.0,94.0,124.0,306.0
0,HAT104,PHX,EWR,04:00:00,08:00:00,240,2024-05-21,available,,,,,4.0,20.0,17.0,97.0,130.0,263.0
0,HAT104,PHX,EWR,04:00:00,08:00:00,240,2024-05-22,available,,,,,20.0,13.0,1.0,59.0,158.0,496.0
0,HAT104,PHX,EWR,04:00:00,08:00:00,240,2024-05-23,available,,,,,10.0,18.0,6.0,58.0,140.0,380.0
0,HAT104,PHX,EWR,04:00:00,08:00:00,240,2024-05-24,available,,,,,9.0,8.0,9.0,92.0,133.0,375.0
0,HAT104,PHX,EWR,04:00:00,08:00:00,240,2024-05-25,available,,,,,8.0,17.0,4.0,93.0,141.0,367.0
0,HAT104,PHX,EWR,04:00:00,08:00:00,240,2024-05-26,available,,,,,14.0,15.0,10.0,100.0,113.0,211.0
0,HAT104,PHX,EWR,04:00:00,08:00:00,240,2024-05-27,available,,,,,13.0,5.0,20.0,52.0,127.0,389.0
0,HAT104,PHX,EWR,04:00:00,08:00:00,240,2024-05-28,available,,,,,18.0,18.0,4.0,77.0,157.0,214.0
0,HAT104,PHX,EWR,04:00:00,08:00:00,240,2024-05-29,available,,,,,15.0,9.0,4.0,62.0,181.0,470.0
0,HAT104,PHX,EWR,04:00:00,08:00:00,240,2024-05-30,available,,,,,0.0,12.0,7.0,53.0,112.0,241.0
0,HAT105,ATL,JFK,06:00:00,10:00:00,240,2024-05-01,landed,2024-05-01T06:12:00,2024-05-01T09:44:00,,,,,,,,
0,HAT105,ATL,JFK,06:00:00,10:00:00,240,2024-05-02,landed,2024-05-02T06:15:00,2024-05-02T09:49:00,,,,,,,,
0,HAT105,ATL,JFK,06:00:00,10:00:00,240,2024-05-03,landed,2024-05-03T06:24:00,2024-05-03T10:20:00,,,,,,,,
0,HAT105,ATL,JFK,06:00:00,10:00:00,240,2024-05-04,landed,2024-05-04T06:06:00,2024-05-04T09:44:00,,,,,,,,
0,HAT105,ATL,JFK,06:00:00,10:00:00,240,2024-05-05,landed,2024-05-05T05:57:00,2024-05-05T09:49:00,,,,,,,,
0,HAT105,ATL,JFK,06:00:00,10:00:00,240,2024-05-06,cancelled,,,,,,,,,,
0,HAT105,ATL,JFK,06:00:00,10:00:00,240,2024-05-07,landed,2024-05-07T05:51:00,2024-05-07T09:40:00,,,,,,,,
0,HAT105,ATL,JFK,06:00:00,10:00:00,240,2024-05-08,landed,2024-05-08T06:10:00,2024-05-08T09:41:00,,,,,,,,
0,HAT105,ATL,JFK,06:00:00,10:00:00,240,2024-05-09,landed,2024-05-09T05:42:00,2024-05-09T10:38:00,,,,,,,,
0,HAT105,ATL,JFK,06:00:00,10:00:00,240,2024-05-10,landed,2024-05-10T05:45:00,2024-05-10T09:37:00,,,,,,,,
0,HAT105,ATL,JFK,06:00:00,10:00:00,240,2024-05-11,landed,2024-05-11T05:47:00,2024-05-11T09:38:00,,,,,,,,
0,HAT105,ATL,JFK,06:00:00,10:00:00,240,2024-05-12,landed,2024-05-12T06:23:00,2024-05-12T09:55:00,,,,,,,,
0,HAT105,ATL,JFK,06:00:00,10:00:00,240,2024-05-13,landed,2024-05-13T05:54:00,2024-05-13T10:03:00,,,,,,,,
0,HAT105,ATL,JFK,06:00:00,10:00:00,240,2024-05-14,landed,2024-05-14T05:45:00,2024-05-14T10:29:00,,,,,,,,
0,HAT105,ATL,JFK,06:00:00,10:00:00,240,2024-05-15,landed,2024-05-15T06:24:00,2024-05-15T10:53:00,,,,,,,,
0,HAT105,ATL,JFK,06:00:00,10:00:00,240,2024-05-16,available,,,,,18.0,19.0,9.0,77.0,193.0,359.0
0,HAT105,ATL,JFK,06:00:00,10:00:00,240,2024-05-17,available,,,,,14.0,20.0,5.0,71.0,197.0,225.0
0,HAT105,ATL,JFK,06:00:00,10:00:00,240,2024-05-18,available,,,,,3.0,6.0,6.0,57.0,156.0,477.0
0,HAT105,ATL,JFK,06:00:00,10:00:00,240,2024-05-19,available,,,,,3.0,8.0,15.0,78.0,158.0,224.0
0,HAT105,ATL,JFK,06:00:00,10:00:00,240,2024-05-20,available,,,,,7.0,2.0,19.0,50.0,152.0,442.0
0,HAT105,ATL,JFK,06:00:00,10:00:00,240,2024-05-21,available,,,,,20.0,2.0,20.0,92.0,108.0,491.0
0,HAT105,ATL,JFK,06:00:00,10:00:00,240,2024-05-22,available,,,,,5.0,11.0,7.0,92.0,109.0,476.0
0,HAT105,ATL,JFK,06:00:00,10:00:00,240,2024-05-23,available,,,,,9.0,6.0,7.0,66.0,120.0,334.0
0,HAT105,ATL,JFK,06:00:00,10:00:00,240,2024-05-24,available,,,,,19.0,8.0,2.0,94.0,117.0,398.0
0,HAT105,ATL,JFK,06:00:00,10:00:00,240,2024-05-25,available,,,,,1.0,4.0,4.0,55.0,192.0,359.0
0,HAT105,ATL,JFK,06:00:00,10:00:00,240,2024-05-26,available,,,,,6.0,7.0,12.0,70.0,105.0,212.0
0,HAT105,ATL,JFK,06:00:00,10:00:00,240,2024-05-27,available,,,,,11.0,7.0,15.0,80.0,174.0,204.0
0,HAT105,ATL,JFK,06:00:00,10:00:00,240,2024-05-28,available,,,,,16.0,13.0,15.0,70.0,161.0,223.0
0,HAT105,ATL,JFK,06:00:00,10:00:00,240,2024-05-29,available,,,,,16.0,19.0,5.0,84.0,122.0,300.0
0,HAT105,ATL,JFK,06:00:00,10:00:00,240,2024-05-30,available,,,,,14.0,11.0,16.0,61.0,144.0,492.0
0,HAT106,ATL,JFK,03:00:00,07:00:00,240,2024-05-01,cancelled,,,,,,,,,,
0,HAT106,ATL,JFK,03:00:00,07:00:00,240,2024-05-02,landed,2024-05-02T03:17:00,2024-05-02T06:36:00,,,,,,,,
0,HAT106,ATL,JFK,03:00:00,07:00:00,240,2024-05-03,landed,2024-05-03T02:57:00,2024-05-03T07:22:00,,,,,,,,
0,HAT106,ATL,JFK,03:00:00,07:00:00,240,2024-05-04,landed,2024-05-04T03:32:00,2024-05-04T07:50:00,,,,,,,,
0,HAT106,ATL,JFK,03:00:00,07:00:00,240,2024-05-05,landed,2024-05-05T03:21:00,2024-05-05T07:52:00,,,,,,,,
0,HAT106,ATL,JFK,03:00:00,07:00:00,240,2024-05-06,landed,2024-05-06T02:55:00,2024-05-06T06:41:00,,,,,,,,
0,HAT106,ATL,JFK,03:00:00,07:00:00,240,2024-05-07,landed,2024-05-07T03:04:00,2024-05-07T07:19:00,,,,,,,,
0,HAT106,ATL,JFK,03:00:00,07:00:00,240,2024-05-08,landed,2024-05-08T02:47:00,2024-05-08T07:27:00,,,,,,,,
0,HAT106,ATL,JFK,03:00:00,07:00:00,240,2024-05-09,landed,2024-05-09T03:21:00,2024-05-09T06:38:00,,,,,,,,
0,HAT106,ATL,JFK,03:00:00,07:00:00,240,2024-05-10,landed,2024-05-10T03:40:00,2024-05-10T07:31:00,,,,,,,,
0,HAT106,ATL,JFK,03:00:00,07:00:00,240,2024-05-11,landed,2024-05-11T03:05:00,2024-05-11T07:55:00,,,,,,,,
0,HAT106,ATL,JFK,03:00:00,07:00:00,240,2024-05-12,landed,2024-05-12T02:53:00,2024-05-12T06:42:00,,,,,,,,
0,HAT106,ATL,JFK,03:00:00,07:00:00,240,2024-05-13,landed,2024-05-13T03:02:00,2024-05-13T06:38:00,,,,,,,,
0,HAT106,ATL,JFK,03:00:00,07:00:00,240,2024-05-14,landed,2024-05-14T03:16:00,2024-05-14T07:20:00,,,,,,,,
0,HAT106,ATL,JFK,03:00:00,07:00:00,240,2024-05-15,landed,2024-05-15T03:02:00,2024-05-15T06:38:00,,,,,,,,
0,HAT106,ATL,JFK,03:00:00,07:00:00,240,2024-05-16,available,,,,,10.0,19.0,6.0,80.0,177.0,262.0
0,HAT106,ATL,JFK,03:00:00,07:00:00,240,2024-05-17,available,,,,,0.0,17.0,9.0,82.0,143.0,462.0
0,HAT106,ATL,JFK,03:00:00,07:00:00,240,2024-05-18,available,,,,,12.0,4.0,19.0,91.0,119.0,412.0
0,HAT106,ATL,JFK,03:00:00,07:00:00,240,2024-05-19,available,,,,,9.0,18.0,18.0,71.0,179.0,470.0
0,HAT106,ATL,JFK,03:00:00,07:00:00,240,2024-05-20,available,,,,,15.0,5.0,4.0,68.0,144.0,403.0
0,HAT106,ATL,JFK,03:00:00,07:00:00,240,2024-05-21,available,,,,,2.0,4.0,10.0,62.0,150.0,239.0
0,HAT106,ATL,JFK,03:00:00,07:00:00,240,2024-05-22,available,,,,,11.0,12.0,1.0,73.0,183.0,415.0
0,HAT106,ATL,JFK,03:00:00,07:00:00,240,2024-05-23,available,,,,,2.0,5.0,18.0,72.0,115.0,271.0
0,HAT106,ATL,JFK,03:00:00,07:00:00,240,2024-05-24,available,,,,,10.0,13.0,1.0,79.0,103.0,462.0
0,HAT106,ATL,JFK,03:00:00,07:00:00,240,2024-05-25,available,,,,,19.0,18.0,5.0,52.0,103.0,338.0
0,HAT106,ATL,JFK,03:00:00,07:00:00,240,2024-05-26,available,,,,,18.0,12.0,10.0,71.0,180.0,482.0
0,HAT106,ATL,JFK,03:00:00,07:00:00,240,2024-05-27,available,,,,,18.0,0.0,6.0,71.0,108.0,276.0
0,HAT106,ATL,JFK,03:00:00,07:00:00,240,2024-05-28,available,,,,,13.0,3.0,17.0,76.0,123.0,287.0
0,HAT106,ATL,JFK,03:00:00,07:00:00,240,2024-05-29,available,,,,,9.0,11.0,11.0,93.0,112.0,304.0
0,HAT106,ATL,JFK,03:00:00,07:00:00,240,2024-05-30,available,,,,,18.0,2.0,6.0,67.0,138.0,202.0
0,HAT107,ATL,JFK,15:00:00,19:00:00,240,2024-05-01,cancelled,,,,,,,,,,
0,HAT107,ATL,JFK,15:00:00,19:00:00,240,2024-05-02,landed,2024-05-02T15:28:00,2024-05-02T19:28:00,,,,,,,,
0,HAT107,ATL,JFK,15:00:00,19:00:00,240,2024-05-03,landed,2024-05-03T14:41:00,2024-05-03T19:05:00,,,,,,,,
0,HAT107,ATL,JFK,15:00:00,19:00:00,240,2024-05-04,cancelled,,,,,,,,,,
0,HAT107,ATL,JFK,15:00:00,19:00:00,240,2024-05-05,landed,2024-05-05T15:06:00,2024-05-05T19:54:00,,,,,,,,
0,HAT107,ATL,JFK,15:00:00,19:00:00,240,2024-05-06,landed,2024-05-06T14:54:00,2024-05-06T19:26:00,,,,,,,,
0,HAT107,ATL,JFK,15:00:00,19:00:00,240,2024-05-07,landed,2024-05-07T14:52:00,2024-05-07T18:43:00,,,,,,,,
0,HAT107,ATL,JFK,15:00:00,19:00:00,240,2024-05-08,cancelled,,,,,,,,,,
0,HAT107,ATL,JFK,15:00:00,19:00:00,240,2024-05-09,landed,2024-05-09T15:36:00,2024-05-09T18:55:00,,,,,,,,
0,HAT107,ATL,JFK,15:00:00,19:00:00,240,2024-05-10,landed,2024-05-10T14:59:00,2024-05-10T19:32:00,,,,,,,,
0,HAT107,ATL,JFK,15:00:00,19:00:00,240,2024-05-11,landed,2024-05-11T15:14:00,2024-05-11T19:52:00,,,,,,,,
0,HAT107,ATL,JFK,15:00:00,19:00:00,240,2024-05-12,landed,2024-05-12T14:54:00,2024-05-12T19:51:00,,,,,,,,
0,HAT107,ATL,JFK,15:00:00,19:00:00,240,2024-05-13,landed,2024-05-13T14:51:00,2024-05-13T19:15:00,,,,,,,,
0,HAT107,ATL,JFK,15:00:00,19:00:00,240,2024-05-14,landed,2024-05-14T15:11:00,2024-05-14T19:30:00,,,,,,,,
0,HAT107,ATL,JFK,15:00:00,19:00:00,240,2024-05-15,flying,2024-05-15T14:35:00,,,2024-05-15T18:52:00,,,,,,
0,HAT107,ATL,JFK,15:00:00,19:00:00,240,2024-05-16,available,,,,,15.0,20.0,20.0,80.0,199.0,479.0
0,HAT107,ATL,JFK,15:00:00,19:00:00,240,2024-05-17,available,,,,,0.0,18.0,11.0,72.0,135.0,434.0
0,HAT107,ATL,JFK,15:00:00,19:00:00,240,2024-05-18,available,,,,,13.0,8.0,8.0,97.0,147.0,356.0
0,HAT107,ATL,JFK,15:00:00,19:00:00,240,2024-05-19,available,,,,,5.0,20.0,20.0,61.0,103.0,310.0
0,HAT107,ATL,JFK,15:00:00,19:00:00,240,2024-05-20,available,,,,,20.0,5.0,4.0,54.0,153.0,209.0
0,HAT107,ATL,JFK,15:00:00,19:00:00,240,2024-05-21,available,,,,,7.0,2.0,10.0,76.0,128.0,212.0
0,HAT107,ATL,JFK,15:00:00,19:00:00,240,2024-05-22,available,,,,,9.0,18.0,3.0,62.0,179.0,293.0
0,HAT107,ATL,JFK,15:00:00,19:00:00,240,2024-05-23,available,,,,,0.0,8.0,20.0,59.0,167.0,321.0
0,HAT107,ATL,JFK,15:00:00,19:00:00,240,2024-05-24,available,,,,,19.0,14.0,15.0,76.0,162.0,368.0
0,HAT107,ATL,JFK,15:00:00,19:00:00,240,2024-05-25,available,,,,,18.0,7.0,6.0,86.0,189.0,340.0
0,HAT107,ATL,JFK,15:00:00,19:00:00,240,2024-05-26,available,,,,,20.0,18.0,2.0,51.0,149.0,219.0
0,HAT107,ATL,JFK,15:00:00,19:00:00,240,2024-05-27,available,,,,,9.0,4.0,3.0,85.0,122.0,253.0
0,HAT107,ATL,JFK,15:00:00,19:00:00,240,2024-05-28,available,,,,,11.0,4.0,10.0,61.0,187.0,297.0
0,HAT107,ATL,JFK,15:00:00,19:00:00,240,2024-05-29,available,,,,,13.0,6.0,5.0,95.0,157.0,462.0
0,HAT107,ATL,JFK,15:00:00,19:00:00,240,2024-05-30,available,,,,,5.0,4.0,14.0,90.0,141.0,228.0
0,HAT108,ATL,JFK,08:00:00,12:00:00,240,2024-05-01,landed,2024-05-01T08:11:00,2024-05-01T12:50:00,,,,,,,,
0,HAT108,ATL,JFK,08:00:00,12:00:00,240,2024-05-02,landed,2024-05-02T07:52:00,2024-05-02T12:02:00,,,,,,,,
0,HAT108,ATL,JFK,08:00:00,12:00:00,240,2024-05-03,landed,2024-05-03T07:59:00,2024-05-03T11:46:00,,,,,,,,
0,HAT108,ATL,JFK,08:00:00,12:00:00,240,2024-05-04,landed,2024-05-04T08:04:00,2024-05-04T12:22:00,,,,,,,,
0,HAT108,ATL,JFK,08:00:00,12:00:00,240,2024-05-05,landed,2024-05-05T07:56:00,2024-05-05T11:55:00,,,,,,,,
0,HAT108,ATL,JFK,08:00:00,12:00:00,240,2024-05-06,landed,2024-05-06T08:10:00,2024-05-06T11:37:00,,,,,,,,
0,HAT108,ATL,JFK,08:00:00,12:00:00,240,2024-05-07,landed,2024-05-07T07:59:00,2024-05-07T12:06:00,,,,,,,,
0,HAT108,ATL,JFK,08:00:00,12:00:00,240,2024-05-08,landed,2024-05-08T08:00:00,2024-05-08T12:11:00,,,,,,,,
0,HAT108,ATL,JFK,08:00:00,12:00:00,240,2024-05-09,landed,2024-05-09T08:14:00,2024-05-09T11:35:00,,,,,,,,
0,HAT108,ATL,JFK,08:00:00,12:00:00,240,2024-05-10,cancelled,,,,,,,,,,
0,HAT108,ATL,JFK,08:00:00,12:00:00,240,2024-05-11,landed,2024-05-11T07:48:00,2024-05-11T11:43:00,,,,,,,,
0,HAT108,ATL,JFK,08:00:00,12:00:00,240,2024-05-12,landed,2024-05-12T08:22:00,2024-05-12T12:36:00,,,,,,,,
0,HAT108,ATL,JFK,08:00:00,12:00:00,240,2024-05-13,landed,2024-05-13T08:33:00,2024-05-13T12:03:00,,,,,,,,
0,HAT108,ATL,JFK,08:00:00,12:00:00,240,2024-05-14,landed,2024-05-14T08:17:00,2024-05-14T12:07:00,,,,,,,,
0,HAT108,ATL,JFK,08:00:00,12:00:00,240,2024-05-15,landed,2024-05-15T08:39:00,2024-05-15T11:35:00,,,,,,,,
0,HAT108,ATL,JFK,08:00:00,12:00:00,240,2024-05-16,available,,,,,10.0,0.0,6.0,51.0,132.0,472.0
0,HAT108,ATL,JFK,08:00:00,12:00:00,240,2024-05-17,available,,,,,12.0,17.0,5.0,66.0,167.0,200.0
0,HAT108,ATL,JFK,08:00:00,12:00:00,240,2024-05-18,available,,,,,14.0,0.0,15.0,88.0,119.0,370.0
0,HAT108,ATL,JFK,08:00:00,12:00:00,240,2024-05-19,available,,,,,7.0,15.0,15.0,70.0,101.0,284.0
0,HAT108,ATL,JFK,08:00:00,12:00:00,240,2024-05-20,available,,,,,12.0,5.0,18.0,80.0,174.0,228.0
0,HAT108,ATL,JFK,08:00:00,12:00:00,240,2024-05-21,available,,,,,11.0,3.0,5.0,100.0,132.0,322.0
0,HAT108,ATL,JFK,08:00:00,12:00:00,240,2024-05-22,available,,,,,1.0,18.0,14.0,54.0,117.0,276.0
0,HAT108,ATL,JFK,08:00:00,12:00:00,240,2024-05-23,available,,,,,14.0,1.0,18.0,89.0,105.0,482.0
0,HAT108,ATL,JFK,08:00:00,12:00:00,240,2024-05-24,available,,,,,16.0,7.0,14.0,84.0,160.0,333.0
0,HAT108,ATL,JFK,08:00:00,12:00:00,240,2024-05-25,available,,,,,11.0,8.0,11.0,100.0,117.0,222.0
0,HAT108,ATL,JFK,08:00:00,12:00:00,240,2024-05-26,available,,,,,11.0,18.0,9.0,82.0,127.0,241.0
0,HAT108,ATL,JFK,08:00:00,12:00:00,240,2024-05-27,available,,,,,3.0,14.0,19.0,75.0,104.0,288.0
0,HAT108,ATL,JFK,08:00:00,12:00:00,240,2024-05-28,available,,,,,15.0,16.0,5.0,88.0,137.0,446.0
0,HAT108,ATL,JFK,08:00:00,12:00:00,240,2024-05-29,available,,,,,10.0,17.0,3.0,61.0,159.0,455.0
0,HAT108,ATL,JFK,08:00:00,12:00:00,240,2024-05-30,available,,,,,18.0,13.0,7.0,93.0,100.0,256.0
0,HAT109,ATL,JFK,17:00:00,21:00:00,240,2024-05-01,landed,2024-05-01T17:21:00,2024-05-01T20:40:00,,,,,,,,
0,HAT109,ATL,JFK,17:00:00,21:00:00,240,2024-05-02,cancelled,,,,,,,,,,
0,HAT109,ATL,JFK,17:00:00,21:00:00,240,2024-05-03,landed,2024-05-03T17:02:00,2024-05-03T21:38:00,,,,,,,,
0,HAT109,ATL,JFK,17:00:00,21:00:00,240,2024-05-04,landed,2024-05-04T16:44:00,2024-05-04T21:44:00,,,,,,,,
0,HAT109,ATL,JFK,17:00:00,21:00:00,240,2024-05-05,landed,2024-05-05T17:06:00,2024-05-05T21:19:00,,,,,,,,
0,HAT109,ATL,JFK,17:00:00,21:00:00,240,2024-05-06,cancelled,,,,,,,,,,
0,HAT109,ATL,JFK,17:00:00,21:00:00,240,2024-05-07,landed,2024-05-07T16:52:00,2024-05-07T20:35:00,,,,,,,,
0,HAT109,ATL,JFK,17:00:00,21:00:00,240,2024-05-08,landed,2024-05-08T17:10:00,2024-05-08T21:36:00,,,,,,,,
0,HAT109,ATL,JFK,17:00:00,21:00:00,240,2024-05-09,landed,2024-05-09T16:42:00,2024-05-09T21:54:00,,,,,,,,
0,HAT109,ATL,JFK,17:00:00,21:00:00,240,2024-05-10,landed,2024-05-10T17:08:00,2024-05-10T21:47:00,,,,,,,,
0,HAT109,ATL,JFK,17:00:00,21:00:00,240,2024-05-11,landed,2024-05-11T16:52:00,2024-05-11T21:52:00,,,,,,,,
0,HAT109,ATL,JFK,17:00:00,21:00:00,240,2024-05-12,landed,2024-05-12T17:00:00,2024-05-12T21:13:00,,,,,,,,
0,HAT109,ATL,JFK,17:00:00,21:00:00,240,2024-05-13,landed,2024-05-13T16:57:00,2024-05-13T21:15:00,,,,,,,,
0,HAT109,ATL,JFK,17:00:00,21:00:00,240,2024-05-14,landed,2024-05-14T16:42:00,2024-05-14T21:21:00,,,,,,,,
0,HAT109,ATL,JFK,17:00:00,21:00:00,240,2024-05-15,on time,,,2024-05-15T17:16:00,2024-05-15T21:23:00,,,,,,
0,HAT109,ATL,JFK,17:00:00,21:00:00,240,2024-05-16,available,,,,,2.0,16.0,5.0,66.0,164.0,353.0
0,HAT109,ATL,JFK,17:00:00,21:00:00,240,2024-05-17,available,,,,,3.0,0.0,8.0,80.0,165.0,367.0
0,HAT109,ATL,JFK,17:00:00,21:00:00,240,2024-05-18,available,,,,,13.0,8.0,17.0,63.0,108.0,277.0
0,HAT109,ATL,JFK,17:00:00,21:00:00,240,2024-05-19,available,,,,,6.0,12.0,5.0,74.0,146.0,348.0
0,HAT109,ATL,JFK,17:00:00,21:00:00,240,2024-05-20,available,,,,,12.0,8.0,8.0,99.0,167.0,482.0
0,HAT109,ATL,JFK,17:00:00,21:00:00,240,2024-05-21,available,,,,,10.0,5.0,6.0,54.0,167.0,382.0
0,HAT109,ATL,JFK,17:00:00,21:00:00,240,2024-05-22,available,,,,,14.0,18.0,5.0,67.0,130.0,322.0
0,HAT109,ATL,JFK,17:00:00,21:00:00,240,2024-05-23,available,,,,,15.0,2.0,9.0,97.0,137.0,323.0
0,HAT109,ATL,JFK,17:00:00,21:00:00,240,2024-05-24,available,,,,,10.0,4.0,13.0,71.0,148.0,430.0
0,HAT109,ATL,JFK,17:00:00,21:00:00,240,2024-05-25,available,,,,,20.0,15.0,7.0,87.0,111.0,421.0
0,HAT109,ATL,JFK,17:00:00,21:00:00,240,2024-05-26,available,,,,,18.0,19.0,12.0,76.0,138.0,228.0
0,HAT109,ATL,JFK,17:00:00,21:00:00,240,2024-05-27,available,,,,,15.0,13.0,19.0,51.0,150.0,435.0
0,HAT109,ATL,JFK,17:00:00,21:00:00,240,2024-05-28,available,,,,,18.0,2.0,0.0,69.0,187.0,301.0
0,HAT109,ATL,JFK,17:00:00,21:00:00,240,2024-05-29,available,,,,,5.0,12.0,13.0,82.0,112.0,417.0
0,HAT109,ATL,JFK,17:00:00,21:00:00,240,2024-05-30,available,,,,,12.0,5.0,2.0,91.0,179.0,289.0
0,HAT110,ATL,MSP,04:00:00,06:00:00,120,2024-05-01,landed,2024-05-01T04:39:00,2024-05-01T06:39:00,,,,,,,,
0,HAT110,ATL,MSP,04:00:00,06:00:00,120,2024-05-02,landed,2024-05-02T04:15:00,2024-05-02T06:17:00,,,,,,,,
0,HAT110,ATL,MSP,04:00:00,06:00:00,120,2024-05-03,landed,2024-05-03T03:44:00,2024-05-03T05:40:00,,,,,,,,
0,HAT110,ATL,MSP,04:00:00,06:00:00,120,2024-05-04,landed,2024-05-04T04:20:00,2024-05-04T06:37:00,,,,,,,,
0,HAT110,ATL,MSP,04:00:00,06:00:00,120,2024-05-05,landed,2024-05-05T04:24:00,2024-05-05T05:41:00,,,,,,,,
0,HAT110,ATL,MSP,04:00:00,06:00:00,120,2024-05-06,cancelled,,,,,,,,,,
0,HAT110,ATL,MSP,04:00:00,06:00:00,120,2024-05-07,landed,2024-05-07T04:39:00,2024-05-07T06:48:00,,,,,,,,
0,HAT110,ATL,MSP,04:00:00,06:00:00,120,2024-05-08,landed,2024-05-08T03:59:00,2024-05-08T06:53:00,,,,,,,,
0,HAT110,ATL,MSP,04:00:00,06:00:00,120,2024-05-09,landed,2024-05-09T03:40:00,2024-05-09T05:52:00,,,,,,,,
0,HAT110,ATL,MSP,04:00:00,06:00:00,120,2024-05-10,landed,2024-05-10T04:08:00,2024-05-10T06:54:00,,,,,,,,
0,HAT110,ATL,MSP,04:00:00,06:00:00,120,2024-05-11,landed,2024-05-11T04:03:00,2024-05-11T06:45:00,,,,,,,,
0,HAT110,ATL,MSP,04:00:00,06:00:00,120,2024-05-12,landed,2024-05-12T03:40:00,2024-05-12T05:46:00,,,,,,,,
0,HAT110,ATL,MSP,04:00:00,06:00:00,120,2024-05-13,cancelled,,,,,,,,,,
0,HAT110,ATL,MSP,04:00:00,06:00:00,120,2024-05-14,landed,2024-05-14T04:00:00,2024-05-14T05:45:00,,,,,,,,
0,HAT110,ATL,MSP,04:00:00,06:00:00,120,2024-05-15,landed,2024-05-15T03:40:00,2024-05-15T06:06:00,,,,,,,,
0,HAT110,ATL,MSP,04:00:00,06:00:00,120,2024-05-16,available,,,,,2.0,16.0,5.0,63.0,197.0,475.0
0,HAT110,ATL,MSP,04:00:00,06:00:00,120,2024-05-17,available,,,,,8.0,14.0,10.0,66.0,200.0,405.0
0,HAT110,ATL,MSP,04:00:00,06:00:00,120,2024-05-18,available,,,,,0.0,17.0,9.0,75.0,146.0,245.0
0,HAT110,ATL,MSP,04:00:00,06:00:00,120,2024-05-19,available,,,,,12.0,8.0,1.0,51.0,188.0,309.0
0,HAT110,ATL,MSP,04:00:00,06:00:00,120,2024-05-20,available,,,,,13.0,11.0,9.0,59.0,122.0,418.0
0,HAT110,ATL,MSP,04:00:00,06:00:00,120,2024-05-21,available,,,,,8.0,12.0,16.0,51.0,177.0,356.0
0,HAT110,ATL,MSP,04:00:00,06:00:00,120,2024-05-22,available,,,,,7.0,6.0,17.0,97.0,128.0,388.0
0,HAT110,ATL,MSP,04:00:00,06:00:00,120,2024-05-23,available,,,,,15.0,9.0,4.0,53.0,198.0,326.0
0,HAT110,ATL,MSP,04:00:00,06:00:00,120,2024-05-24,available,,,,,7.0,11.0,4.0,67.0,109.0,420.0
0,HAT110,ATL,MSP,04:00:00,06:00:00,120,2024-05-25,available,,,,,9.0,15.0,5.0,57.0,152.0,488.0
0,HAT110,ATL,MSP,04:00:00,06:00:00,120,2024-05-26,available,,,,,7.0,11.0,2.0,55.0,200.0,225.0
0,HAT110,ATL,MSP,04:00:00,06:00:00,120,2024-05-27,available,,,,,0.0,19.0,19.0,91.0,191.0,408.0
0,HAT110,ATL,MSP,04:00:00,06:00:00,120,2024-05-28,available,,,,,19.0,19.0,4.0,81.0,139.0,483.0
0,HAT110,ATL,MSP,04:00:00,06:00:00,120,2024-05-29,available,,,,,1.0,20.0,17.0,60.0,144.0,368.0
0,HAT110,ATL,MSP,04:00:00,06:00:00,120,2024-05-30,available,,,,,20.0,20.0,16.0,70.0,134.0,390.0
0,HAT111,ATL,MSP,12:00:00,14:00:00,120,2024-05-01,landed,2024-05-01T11:45:00,2024-05-01T13:47:00,,,,,,,,
0,HAT111,ATL,MSP,12:00:00,14:00:00,120,2024-05-02,landed,2024-05-02T12:16:00,2024-05-02T14:31:00,,,,,,,,
0,HAT111,ATL,MSP,12:00:00,14:00:00,120,2024-05-03,landed,2024-05-03T11:47:00,2024-05-03T13:37:00,,,,,,,,
0,HAT111,ATL,MSP,12:00:00,14:00:00,120,2024-05-04,landed,2024-05-04T12:16:00,2024-05-04T14:33:00,,,,,,,,
0,HAT111,ATL,MSP,12:00:00,14:00:00,120,2024-05-05,landed,2024-05-05T12:35:00,2024-05-05T14:40:00,,,,,,,,
0,HAT111,ATL,MSP,12:00:00,14:00:00,120,2024-05-06,landed,2024-05-06T11:58:00,2024-05-06T14:50:00,,,,,,,,
0,HAT111,ATL,MSP,12:00:00,14:00:00,120,2024-05-07,landed,2024-05-07T12:12:00,2024-05-07T13:45:00,,,,,,,,
0,HAT111,ATL,MSP,12:00:00,14:00:00,120,2024-05-08,landed,2024-05-08T12:02:00,2024-05-08T14:18:00,,,,,,,,
0,HAT111,ATL,MSP,12:00:00,14:00:00,120,2024-05-09,landed,2024-05-09T12:13:00,2024-05-09T14:20:00,,,,,,,,
0,HAT111,ATL,MSP,12:00:00,14:00:00,120,2024-05-10,cancelled,,,,,,,,,,
0,HAT111,ATL,MSP,12:00:00,14:00:00,120,2024-05-11,cancelled,,,,,,,,,,
0,HAT111,ATL,MSP,12:00:00,14:00:00,120,2024-05-12,cancelled,,,,,,,,,,
0,HAT111,ATL,MSP,12:00:00,14:00:00,120,2024-05-13,landed,2024-05-13T12:34:00,2024-05-13T13:55:00,,,,,,,,
0,HAT111,ATL,MSP,12:00:00,14:00:00,120,2024-05-14,landed,2024-05-14T12:39:00,2024-05-14T14:12:00,,,,,,,,
0,HAT111,ATL,MSP,12:00:00,14:00:00,120,2024-05-15,landed,2024-05-15T12:05:00,2024-05-15T14:11:00,,,,,,,,
0,HAT111,ATL,MSP,12:00:00,14:00:00,120,2024-05-16,available,,,,,10.0,0.0,17.0,72.0,183.0,376.0
0,HAT111,ATL,MSP,12:00:00,14:00:00,120,2024-05-17,available,,,,,19.0,5.0,12.0,98.0,108.0,333.0
0,HAT111,ATL,MSP,12:00:00,14:00:00,120,2024-05-18,available,,,,,10.0,12.0,3.0,86.0,134.0,240.0
0,HAT111,ATL,MSP,12:00:00,14:00:00,120,2024-05-19,available,,,,,6.0,10.0,18.0,56.0,120.0,342.0
0,HAT111,ATL,MSP,12:00:00,14:00:00,120,2024-05-20,available,,,,,3.0,17.0,3.0,88.0,134.0,256.0
0,HAT111,ATL,MSP,12:00:00,14:00:00,120,2024-05-21,available,,,,,11.0,11.0,5.0,78.0,177.0,304.0
0,HAT111,ATL,MSP,12:00:00,14:00:00,120,2024-05-22,available,,,,,5.0,9.0,5.0,80.0,192.0,206.0
0,HAT111,ATL,MSP,12:00:00,14:00:00,120,2024-05-23,available,,,,,16.0,3.0,7.0,69.0,125.0,209.0
0,HAT111,ATL,MSP,12:00:00,14:00:00,120,2024-05-24,available,,,,,9.0,12.0,16.0,80.0,115.0,247.0
0,HAT111,ATL,MSP,12:00:00,14:00:00,120,2024-05-25,available,,,,,1.0,11.0,8.0,83.0,112.0,279.0
0,HAT111,ATL,MSP,12:00:00,14:00:00,120,2024-05-26,available,,,,,11.0,5.0,3.0,57.0,192.0,410.0
0,HAT111,ATL,MSP,12:00:00,14:00:00,120,2024-05-27,available,,,,,17.0,2.0,18.0,64.0,165.0,238.0
0,HAT111,ATL,MSP,12:00:00,14:00:00,120,2024-05-28,available,,,,,0.0,6.0,17.0,82.0,136.0,259.0
0,HAT111,ATL,MSP,12:00:00,14:00:00,120,2024-05-29,available,,,,,8.0,8.0,13.0,52.0,182.0,266.0
0,HAT111,ATL,MSP,12:00:00,14:00:00,120,2024-05-30,available,,,,,14.0,9.0,11.0,70.0,176.0,263.0
0,HAT112,ATL,MSP,00:00:00,02:00:00,120,2024-05-01,landed,2024-05-01T00:00:00,2024-05-01T02:05:00,,,,,,,,
0,HAT112,ATL,MSP,00:00:00,02:00:00,120,2024-05-02,landed,2024-05-02T00:05:00,2024-05-02T02:25:00,,,,,,,,
0,HAT112,ATL,MSP,00:00:00,02:00:00,120,2024-05-03,landed,2024-05-03T00:39:00,2024-05-03T02:29:00,,,,,,,,
0,HAT112,ATL,MSP,00:00:00,02:00:00,120,2024-05-04,landed,2024-05-04T00:28:00,2024-05-04T01:40:00,,,,,,,,
0,HAT112,ATL,MSP,00:00:00,02:00:00,120,2024-05-05,landed,2024-05-05T00:00:00,2024-05-05T02:52:00,,,,,,,,
0,HAT112,ATL,MSP,00:00:00,02:00:00,120,2024-05-06,landed,2024-05-06T00:11:00,2024-05-06T01:53:00,,,,,,,,
0,HAT112,ATL,MSP,00:00:00,02:00:00,120,2024-05-07,landed,2024-05-07T00:25:00,2024-05-07T02:55:00,,,,,,,,
0,HAT112,ATL,MSP,00:00:00,02:00:00,120,2024-05-08,landed,2024-05-08T00:24:00,2024-05-08T01:45:00,,,,,,,,
0,HAT112,ATL,MSP,00:00:00,02:00:00,120,2024-05-09,landed,2024-05-09T00:00:00,2024-05-09T01:58:00,,,,,,,,
0,HAT112,ATL,MSP,00:00:00,02:00:00,120,2024-05-10,landed,2024-05-10T00:32:00,2024-05-10T02:41:00,,,,,,,,
0,HAT112,ATL,MSP,00:00:00,02:00:00,120,2024-05-11,landed,2024-05-11T00:12:00,2024-05-11T02:26:00,,,,,,,,
0,HAT112,ATL,MSP,00:00:00,02:00:00,120,2024-05-12,landed,2024-05-12T00:00:00,2024-05-12T02:29:00,,,,,,,,
0,HAT112,ATL,MSP,00:00:00,02:00:00,120,2024-05-13,landed,2024-05-13T00:00:00,2024-05-13T02:51:00,,,,,,,,
0,HAT112,ATL,MSP,00:00:00,02:00:00,120,2024-05-14,cancelled,,,,,,,,,,
0,HAT112,ATL,MSP,00:00:00,02:00:00,120,2024-05-15,landed,2024-05-15T00:31:00,2024-05-15T02:05:00,,,,,,,,
0,HAT112,ATL,MSP,00:00:00,02:00:00,120,2024-05-16,available,,,,,17.0,9.0,4.0,97.0,188.0,432.0
0,HAT112,ATL,MSP,00:00:00,02:00:00,120,2024-05-17,available,,,,,15.0,4.0,13.0,73.0,153.0,468.0
0,HAT112,ATL,MSP,00:00:00,02:00:00,120,2024-05-18,available,,,,,11.0,2.0,2.0,98.0,134.0,450.0
0,HAT112,ATL,MSP,00:00:00,02:00:00,120,2024-05-19,available,,,,,10.0,12.0,3.0,58.0,113.0,485.0
0,HAT112,ATL,MSP,00:00:00,02:00:00,120,2024-05-20,available,,,,,11.0,8.0,6.0,66.0,101.0,317.0
0,HAT112,ATL,MSP,00:00:00,02:00:00,120,2024-05-21,available,,,,,2.0,16.0,6.0,51.0,188.0,275.0
0,HAT112,ATL,MSP,00:00:00,02:00:00,120,2024-05-22,available,,,,,3.0,11.0,3.0,84.0,100.0,209.0
0,HAT112,ATL,MSP,00:00:00,02:00:00,120,2024-05-23,available,,,,,8.0,18.0,12.0,92.0,152.0,356.0
0,HAT112,ATL,MSP,00:00:00,02:00:00,120,2024-05-24,available,,,,,10.0,9.0,11.0,54.0,111.0,247.0
0,HAT112,ATL,MSP,00:00:00,02:00:00,120,2024-05-25,available,,,,,17.0,7.0,9.0,96.0,177.0,492.0
0,HAT112,ATL,MSP,00:00:00,02:00:00,120,2024-05-26,available,,,,,14.0,17.0,8.0,97.0,171.0,202.0
0,HAT112,ATL,MSP,00:00:00,02:00:00,120,2024-05-27,available,,,,,9.0,14.0,16.0,51.0,146.0,253.0
0,HAT112,ATL,MSP,00:00:00,02:00:00,120,2024-05-28,available,,,,,1.0,16.0,7.0,81.0,138.0,447.0
0,HAT112,ATL,MSP,00:00:00,02:00:00,120,2024-05-29,available,,,,,3.0,2.0,6.0,93.0,200.0,228.0
0,HAT112,ATL,MSP,00:00:00,02:00:00,120,2024-05-30,available,,,,,18.0,5.0,12.0,55.0,182.0,224.0
0,HAT113,ATL,MSP,23:00:00,01:00:00+1,120,2024-05-01,landed,2024-05-01T23:20:00,2024-05-02T01:06:00,,,,,,,,
0,HAT113,ATL,MSP,23:00:00,01:00:00+1,120,2024-05-02,landed,2024-05-02T23:30:00,2024-05-03T00:56:00,,,,,,,,
0,HAT113,ATL,MSP,23:00:00,01:00:00+1,120,2024-05-03,landed,2024-05-03T23:32:00,2024-05-04T01:47:00,,,,,,,,
0,HAT113,ATL,MSP,23:00:00,01:00:00+1,120,2024-05-04,cancelled,,,,,,,,,,
0,HAT113,ATL,MSP,23:00:00,01:00:00+1,120,2024-05-05,cancelled,,,,,,,,,,
0,HAT113,ATL,MSP,23:00:00,01:00:00+1,120,2024-05-06,landed,2024-05-06T23:03:00,2024-05-07T01:37:00,,,,,,,,
0,HAT113,ATL,MSP,23:00:00,01:00:00+1,120,2024-05-07,landed,2024-05-07T23:10:00,2024-05-08T00:40:00,,,,,,,,
0,HAT113,ATL,MSP,23:00:00,01:00:00+1,120,2024-05-08,landed,2024-05-08T22:51:00,2024-05-09T00:38:00,,,,,,,,
0,HAT113,ATL,MSP,23:00:00,01:00:00+1,120,2024-05-09,landed,2024-05-09T22:44:00,2024-05-10T00:38:00,,,,,,,,
0,HAT113,ATL,MSP,23:00:00,01:00:00+1,120,2024-05-10,landed,2024-05-10T23:08:00,2024-05-11T01:32:00,,,,,,,,
0,HAT113,ATL,MSP,23:00:00,01:00:00+1,120,2024-05-11,landed,2024-05-11T23:01:00,2024-05-12T01:32:00,,,,,,,,
0,HAT113,ATL,MSP,23:00:00,01:00:00+1,120,2024-05-12,landed,2024-05-12T22:54:00,2024-05-13T00:37:00,,,,,,,,
0,HAT113,ATL,MSP,23:00:00,01:00:00+1,120,2024-05-13,landed,2024-05-13T23:11:00,2024-05-14T00:54:00,,,,,,,,
0,HAT113,ATL,MSP,23:00:00,01:00:00+1,120,2024-05-14,landed,2024-05-14T23:27:00,2024-05-15T01:35:00,,,,,,,,
0,HAT113,ATL,MSP,23:00:00,01:00:00+1,120,2024-05-15,on time,,,2024-05-15T22:46:00,2024-05-16T01:06:00,,,,,,
0,HAT113,ATL,MSP,23:00:00,01:00:00+1,120,2024-05-16,available,,,,,10.0,3.0,7.0,100.0,172.0,299.0
0,HAT113,ATL,MSP,23:00:00,01:00:00+1,120,2024-05-17,available,,,,,14.0,10.0,2.0,85.0,126.0,275.0
0,HAT113,ATL,MSP,23:00:00,01:00:00+1,120,2024-05-18,available,,,,,19.0,7.0,2.0,86.0,165.0,323.0
0,HAT113,ATL,MSP,23:00:00,01:00:00+1,120,2024-05-19,available,,,,,2.0,3.0,11.0,65.0,140.0,376.0
0,HAT113,ATL,MSP,23:00:00,01:00:00+1,120,2024-05-20,available,,,,,8.0,12.0,2.0,59.0,165.0,260.0
0,HAT113,ATL,MSP,23:00:00,01:00:00+1,120,2024-05-21,available,,,,,6.0,4.0,15.0,95.0,141.0,294.0
0,HAT113,ATL,MSP,23:00:00,01:00:00+1,120,2024-05-22,available,,,,,16.0,0.0,0.0,89.0,196.0,437.0
0,HAT113,ATL,MSP,23:00:00,01:00:00+1,120,2024-05-23,available,,,,,10.0,7.0,18.0,70.0,163.0,283.0
0,HAT113,ATL,MSP,23:00:00,01:00:00+1,120,2024-05-24,available,,,,,19.0,8.0,15.0,97.0,151.0,250.0
0,HAT113,ATL,MSP,23:00:00,01:00:00+1,120,2024-05-25,available,,,,,18.0,9.0,20.0,88.0,169.0,354.0
0,HAT113,ATL,MSP,23:00:00,01:00:00+1,120,2024-05-26,available,,,,,14.0,0.0,16.0,63.0,118.0,413.0
0,HAT113,ATL,MSP,23:00:00,01:00:00+1,120,2024-05-27,available,,,,,14.0,10.0,13.0,95.0,122.0,378.0
0,HAT113,ATL,MSP,23:00:00,01:00:00+1,120,2024-05-28,available,,,,,14.0,17.0,18.0,95.0,103.0,433.0
0,HAT113,ATL,MSP,23:00:00,01:00:00+1,120,2024-05-29,available,,,,,10.0,16.0,0.0,76.0,144.0,435.0
0,HAT113,ATL,MSP,23:00:00,01:00:00+1,120,2024-05-30,available,,,,,3.0,12.0,20.0,89.0,178.0,335.0
0,HAT114,IAH,DEN,03:00:00,07:30:00,270,2024-05-01,landed,2024-05-01T03:34:00,2024-05-01T07:56:00,,,,,,,,
0,HAT114,IAH,DEN,03:00:00,07:30:00,270,2024-05-02,landed,2024-05-02T03:27:00,2024-05-02T08:11:00,,,,,,,,
0,HAT114,IAH,DEN,03:00:00,07:30:00,270,2024-05-03,landed,2024-05-03T02:52:00,2024-05-03T08:09:00,,,,,,,,
0,HAT114,IAH,DEN,03:00:00,07:30:00,270,2024-05-04,cancelled,,,,,,,,,,
0,HAT114,IAH,DEN,03:00:00,07:30:00,270,2024-05-05,landed,2024-05-05T03:17:00,2024-05-05T08:13:00,,,,,,,,
0,HAT114,IAH,DEN,03:00:00,07:30:00,270,2024-05-06,cancelled,,,,,,,,,,
0,HAT114,IAH,DEN,03:00:00,07:30:00,270,2024-05-07,landed,2024-05-07T03:10:00,2024-05-07T07:49:00,,,,,,,,
0,HAT114,IAH,DEN,03:00:00,07:30:00,270,2024-05-08,landed,2024-05-08T03:30:00,2024-05-08T08:03:00,,,,,,,,
0,HAT114,IAH,DEN,03:00:00,07:30:00,270,2024-05-09,landed,2024-05-09T03:14:00,2024-05-09T07:37:00,,,,,,,,
0,HAT114,IAH,DEN,03:00:00,07:30:00,270,2024-05-10,cancelled,,,,,,,,,,
0,HAT114,IAH,DEN,03:00:00,07:30:00,270,2024-05-11,cancelled,,,,,,,,,,
0,HAT114,IAH,DEN,03:00:00,07:30:00,270,2024-05-12,cancelled,,,,,,,,,,
0,HAT114,IAH,DEN,03:00:00,07:30:00,270,2024-05-13,landed,2024-05-13T03:20:00,2024-05-13T07:18:00,,,,,,,,
0,HAT114,IAH,DEN,03:00:00,07:30:00,270,2024-05-14,landed,2024-05-14T03:11:00,2024-05-14T07:38:00,,,,,,,,
0,HAT114,IAH,DEN,03:00:00,07:30:00,270,2024-05-15,landed,2024-05-15T03:18:00,2024-05-15T07:46:00,,,,,,,,
0,HAT114,IAH,DEN,03:00:00,07:30:00,270,2024-05-16,available,,,,,3.0,15.0,9.0,69.0,189.0,273.0
0,HAT114,IAH,DEN,03:00:00,07:30:00,270,2024-05-17,available,,,,,10.0,16.0,13.0,94.0,130.0,471.0
0,HAT114,IAH,DEN,03:00:00,07:30:00,270,2024-05-18,available,,,,,12.0,19.0,16.0,76.0,193.0,428.0
0,HAT114,IAH,DEN,03:00:00,07:30:00,270,2024-05-19,available,,,,,0.0,3.0,19.0,69.0,160.0,256.0
0,HAT114,IAH,DEN,03:00:00,07:30:00,270,2024-05-20,available,,,,,2.0,0.0,3.0,100.0,101.0,330.0
0,HAT114,IAH,DEN,03:00:00,07:30:00,270,2024-05-21,available,,,,,3.0,13.0,5.0,89.0,182.0,221.0
0,HAT114,IAH,DEN,03:00:00,07:30:00,270,2024-05-22,available,,,,,7.0,6.0,3.0,53.0,168.0,297.0
0,HAT114,IAH,DEN,03:00:00,07:30:00,270,2024-05-23,available,,,,,16.0,1.0,10.0,54.0,160.0,390.0
0,HAT114,IAH,DEN,03:00:00,07:30:00,270,2024-05-24,available,,,,,8.0,4.0,5.0,58.0,111.0,270.0
0,HAT114,IAH,DEN,03:00:00,07:30:00,270,2024-05-25,available,,,,,12.0,8.0,0.0,68.0,193.0,255.0
0,HAT114,IAH,DEN,03:00:00,07:30:00,270,2024-05-26,available,,,,,2.0,6.0,3.0,79.0,182.0,333.0
0,HAT114,IAH,DEN,03:00:00,07:30:00,270,2024-05-27,available,,,,,16.0,7.0,8.0,79.0,148.0,376.0
0,HAT114,IAH,DEN,03:00:00,07:30:00,270,2024-05-28,available,,,,,7.0,7.0,12.0,54.0,199.0,371.0
0,HAT114,IAH,DEN,03:00:00,07:30:00,270,2024-05-29,available,,,,,15.0,16.0,13.0,59.0,118.0,387.0
0,HAT114,IAH,DEN,03:00:00,07:30:00,270,2024-05-30,available,,,,,6.0,19.0,0.0,81.0,190.0,457.0
0,HAT115,IAH,DEN,20:00:00,00:30:00+1,270,2024-05-01,landed,2024-05-01T20:07:00,2024-05-02T00:30:00,,,,,,,,
0,HAT115,IAH,DEN,20:00:00,00:30:00+1,270,2024-05-02,landed,2024-05-02T19:47:00,2024-05-03T01:12:00,,,,,,,,
0,HAT115,IAH,DEN,20:00:00,00:30:00+1,270,2024-05-03,landed,2024-05-03T20:37:00,2024-05-04T00:22:00,,,,,,,,
0,HAT115,IAH,DEN,20:00:00,00:30:00+1,270,2024-05-04,cancelled,,,,,,,,,,
0,HAT115,IAH,DEN,20:00:00,00:30:00+1,270,2024-05-05,landed,2024-05-05T19:50:00,2024-05-06T01:01:00,,,,,,,,
0,HAT115,IAH,DEN,20:00:00,00:30:00+1,270,2024-05-06,landed,2024-05-06T20:16:00,2024-05-07T01:12:00,,,,,,,,
0,HAT115,IAH,DEN,20:00:00,00:30:00+1,270,2024-05-07,cancelled,,,,,,,,,,
0,HAT115,IAH,DEN,20:00:00,00:30:00+1,270,2024-05-08,cancelled,,,,,,,,,,
0,HAT115,IAH,DEN,20:00:00,00:30:00+1,270,2024-05-09,landed,2024-05-09T19:53:00,2024-05-10T00:39:00,,,,,,,,
0,HAT115,IAH,DEN,20:00:00,00:30:00+1,270,2024-05-10,landed,2024-05-10T20:37:00,2024-05-11T01:13:00,,,,,,,,
0,HAT115,IAH,DEN,20:00:00,00:30:00+1,270,2024-05-11,landed,2024-05-11T20:23:00,2024-05-12T01:11:00,,,,,,,,
0,HAT115,IAH,DEN,20:00:00,00:30:00+1,270,2024-05-12,landed,2024-05-12T20:20:00,2024-05-13T00:31:00,,,,,,,,
0,HAT115,IAH,DEN,20:00:00,00:30:00+1,270,2024-05-13,landed,2024-05-13T20:37:00,2024-05-14T01:07:00,,,,,,,,
0,HAT115,IAH,DEN,20:00:00,00:30:00+1,270,2024-05-14,landed,2024-05-14T20:30:00,2024-05-15T01:03:00,,,,,,,,
0,HAT115,IAH,DEN,20:00:00,00:30:00+1,270,2024-05-15,on time,,,2024-05-15T19:30:00,2024-05-16T00:10:00,,,,,,
0,HAT115,IAH,DEN,20:00:00,00:30:00+1,270,2024-05-16,available,,,,,9.0,1.0,17.0,52.0,102.0,440.0
0,HAT115,IAH,DEN,20:00:00,00:30:00+1,270,2024-05-17,available,,,,,19.0,18.0,10.0,50.0,159.0,406.0
0,HAT115,IAH,DEN,20:00:00,00:30:00+1,270,2024-05-18,available,,,,,16.0,5.0,19.0,93.0,162.0,460.0
0,HAT115,IAH,DEN,20:00:00,00:30:00+1,270,2024-05-19,available,,,,,19.0,2.0,16.0,89.0,190.0,336.0
0,HAT115,IAH,DEN,20:00:00,00:30:00+1,270,2024-05-20,available,,,,,9.0,1.0,20.0,54.0,175.0,434.0
0,HAT115,IAH,DEN,20:00:00,00:30:00+1,270,2024-05-21,available,,,,,16.0,6.0,6.0,66.0,125.0,287.0
0,HAT115,IAH,DEN,20:00:00,00:30:00+1,270,2024-05-22,available,,,,,20.0,6.0,11.0,79.0,112.0,317.0
0,HAT115,IAH,DEN,20:00:00,00:30:00+1,270,2024-05-23,available,,,,,9.0,18.0,0.0,54.0,129.0,246.0
0,HAT115,IAH,DEN,20:00:00,00:30:00+1,270,2024-05-24,available,,,,,6.0,0.0,19.0,99.0,151.0,249.0
0,HAT115,IAH,DEN,20:00:00,00:30:00+1,270,2024-05-25,available,,,,,14.0,7.0,16.0,93.0,134.0,220.0
0,HAT115,IAH,DEN,20:00:00,00:30:00+1,270,2024-05-26,available,,,,,11.0,17.0,5.0,70.0,109.0,301.0
0,HAT115,IAH,DEN,20:00:00,00:30:00+1,270,2024-05-27,available,,,,,6.0,5.0,2.0,60.0,121.0,248.0
0,HAT115,IAH,DEN,20:00:00,00:30:00+1,270,2024-05-28,available,,,,,16.0,2.0,14.0,60.0,157.0,467.0
0,HAT115,IAH,DEN,20:00:00,00:30:00+1,270,2024-05-29,available,,,,,5.0,14.0,3.0,72.0,110.0,215.0
0,HAT115,IAH,DEN,20:00:00,00:30:00+1,270,2024-05-30,available,,,,,1.0,19.0,19.0,74.0,136.0,453.0
0,HAT116,IAH,DEN,19:00:00,23:30:00,270,2024-05-01,landed,2024-05-01T19:20:00,2024-05-01T23:08:00,,,,,,,,
0,HAT116,IAH,DEN,19:00:00,23:30:00,270,2024-05-02,landed,2024-05-02T19:16:00,2024-05-02T23:10:00,,,,,,,,
0,HAT116,IAH,DEN,19:00:00,23:30:00,270,2024-05-03,landed,2024-05-03T18:47:00,2024-05-04T00:18:00,,,,,,,,
0,HAT116,IAH,DEN,19:00:00,23:30:00,270,2024-05-04,landed,2024-05-04T19:10:00,2024-05-04T23:49:00,,,,,,,,
0,HAT116,IAH,DEN,19:00:00,23:30:00,270,2024-05-05,landed,2024-05-05T19:31:00,2024-05-05T23:56:00,,,,,,,,
0,HAT116,IAH,DEN,19:00:00,23:30:00,270,2024-05-06,landed,2024-05-06T19:14:00,2024-05-06T23:32:00,,,,,,,,
0,HAT116,IAH,DEN,19:00:00,23:30:00,270,2024-05-07,landed,2024-05-07T19:31:00,2024-05-07T23:18:00,,,,,,,,
0,HAT116,IAH,DEN,19:00:00,23:30:00,270,2024-05-08,cancelled,,,,,,,,,,
0,HAT116,IAH,DEN,19:00:00,23:30:00,270,2024-05-09,landed,2024-05-09T18:53:00,2024-05-10T00:23:00,,,,,,,,
0,HAT116,IAH,DEN,19:00:00,23:30:00,270,2024-05-10,cancelled,,,,,,,,,,
0,HAT116,IAH,DEN,19:00:00,23:30:00,270,2024-05-11,landed,2024-05-11T18:59:00,2024-05-11T23:42:00,,,,,,,,
0,HAT116,IAH,DEN,19:00:00,23:30:00,270,2024-05-12,landed,2024-05-12T19:25:00,2024-05-13T00:06:00,,,,,,,,
0,HAT116,IAH,DEN,19:00:00,23:30:00,270,2024-05-13,landed,2024-05-13T19:19:00,2024-05-13T23:36:00,,,,,,,,
0,HAT116,IAH,DEN,19:00:00,23:30:00,270,2024-05-14,landed,2024-05-14T19:27:00,2024-05-14T23:15:00,,,,,,,,
0,HAT116,IAH,DEN,19:00:00,23:30:00,270,2024-05-15,on time,,,2024-05-15T19:28:00,2024-05-16T00:16:00,,,,,,
0,HAT116,IAH,DEN,19:00:00,23:30:00,270,2024-05-16,available,,,,,3.0,5.0,13.0,83.0,111.0,424.0
0,HAT116,IAH,DEN,19:00:00,23:30:00,270,2024-05-17,available,,,,,10.0,8.0,17.0,83.0,144.0,392.0
0,HAT116,IAH,DEN,19:00:00,23:30:00,270,2024-05-18,available,,,,,18.0,17.0,8.0,66.0,134.0,203.0
0,HAT116,IAH,DEN,19:00:00,23:30:00,270,2024-05-19,available,,,,,12.0,9.0,13.0,97.0,121.0,419.0
0,HAT116,IAH,DEN,19:00:00,23:30:00,270,2024-05-20,available,,,,,18.0,13.0,19.0,61.0,181.0,461.0
0,HAT116,IAH,DEN,19:00:00,23:30:00,270,2024-05-21,available,,,,,5.0,9.0,20.0,75.0,163.0,305.0
0,HAT116,IAH,DEN,19:00:00,23:30:00,270,2024-05-22,available,,,,,0.0,0.0,20.0,80.0,106.0,203.0
0,HAT116,IAH,DEN,19:00:00,23:30:00,270,2024-05-23,available,,,,,1.0,13.0,6.0,62.0,126.0,233.0
0,HAT116,IAH,DEN,19:00:00,23:30:00,270,2024-05-24,available,,,,,20.0,8.0,18.0,100.0,189.0,427.0
0,HAT116,IAH,DEN,19:00:00,23:30:00,270,2024-05-25,available,,,,,16.0,19.0,1.0,79.0,175.0,414.0
0,HAT116,IAH,DEN,19:00:00,23:30:00,270,2024-05-26,available,,,,,15.0,4.0,10.0,86.0,142.0,438.0
0,HAT116,IAH,DEN,19:00:00,23:30:00,270,2024-05-27,available,,,,,12.0,8.0,1.0,92.0,159.0,253.0
0,HAT116,IAH,DEN,19:00:00,23:30:00,270,2024-05-28,available,,,,,19.0,17.0,9.0,89.0,129.0,310.0
0,HAT116,IAH,DEN,19:00:00,23:30:00,270,2024-05-29,available,,,,,8.0,5.0,19.0,93.0,111.0,484.0
0,HAT116,IAH,DEN,19:00:00,23:30:00,270,2024-05-30,available,,,,,1.0,19.0,13.0,69.0,155.0,483.0
0,HAT117,LAX,DEN,10:00:00,11:30:00,90,2024-05-01,landed,2024-05-01T10:28:00,2024-05-01T11:21:00,,,,,,,,
0,HAT117,LAX,DEN,10:00:00,11:30:00,90,2024-05-02,cancelled,,,,,,,,,,
0,HAT117,LAX,DEN,10:00:00,11:30:00,90,2024-05-03,cancelled,,,,,,,,,,
0,HAT117,LAX,DEN,10:00:00,11:30:00,90,2024-05-04,landed,2024-05-04T10:27:00,2024-05-04T11:21:00,,,,,,,,
0,HAT117,LAX,DEN,10:00:00,11:30:00,90,2024-05-05,landed,2024-05-05T09:50:00,2024-05-05T12:19:00,,,,,,,,
0,HAT117,LAX,DEN,10:00:00,11:30:00,90,2024-05-06,landed,2024-05-06T10:26:00,2024-05-06T12:22:00,,,,,,,,
0,HAT117,LAX,DEN,10:00:00,11:30:00,90,2024-05-07,landed,2024-05-07T10:04:00,2024-05-07T11:54:00,,,,,,,,
0,HAT117,LAX,DEN,10:00:00,11:30:00,90,2024-05-08,landed,2024-05-08T10:20:00,2024-05-08T11:16:00,,,,,,,,
0,HAT117,LAX,DEN,10:00:00,11:30:00,90,2024-05-09,landed,2024-05-09T10:10:00,2024-05-09T11:31:00,,,,,,,,
0,HAT117,LAX,DEN,10:00:00,11:30:00,90,2024-05-10,landed,2024-05-10T09:45:00,2024-05-10T11:17:00,,,,,,,,
0,HAT117,LAX,DEN,10:00:00,11:30:00,90,2024-05-11,landed,2024-05-11T10:07:00,2024-05-11T12:14:00,,,,,,,,
0,HAT117,LAX,DEN,10:00:00,11:30:00,90,2024-05-12,landed,2024-05-12T09:58:00,2024-05-12T11:24:00,,,,,,,,
0,HAT117,LAX,DEN,10:00:00,11:30:00,90,2024-05-13,cancelled,,,,,,,,,,
0,HAT117,LAX,DEN,10:00:00,11:30:00,90,2024-05-14,landed,2024-05-14T10:07:00,2024-05-14T11:32:00,,,,,,,,
0,HAT117,LAX,DEN,10:00:00,11:30:00,90,2024-05-15,landed,2024-05-15T10:18:00,2024-05-15T12:17:00,,,,,,,,
0,HAT117,LAX,DEN,10:00:00,11:30:00,90,2024-05-16,available,,,,,17.0,10.0,1.0,95.0,131.0,442.0
0,HAT117,LAX,DEN,10:00:00,11:30:00,90,2024-05-17,available,,,,,19.0,16.0,9.0,98.0,143.0,279.0
0,HAT117,LAX,DEN,10:00:00,11:30:00,90,2024-05-18,available,,,,,2.0,9.0,19.0,74.0,154.0,454.0
0,HAT117,LAX,DEN,10:00:00,11:30:00,90,2024-05-19,available,,,,,6.0,18.0,5.0,94.0,192.0,261.0
0,HAT117,LAX,DEN,10:00:00,11:30:00,90,2024-05-20,available,,,,,16.0,8.0,14.0,54.0,121.0,220.0
0,HAT117,LAX,DEN,10:00:00,11:30:00,90,2024-05-21,available,,,,,15.0,3.0,4.0,63.0,142.0,352.0
0,HAT117,LAX,DEN,10:00:00,11:30:00,90,2024-05-22,available,,,,,3.0,16.0,14.0,95.0,172.0,452.0
0,HAT117,LAX,DEN,10:00:00,11:30:00,90,2024-05-23,available,,,,,3.0,6.0,12.0,79.0,144.0,242.0
0,HAT117,LAX,DEN,10:00:00,11:30:00,90,2024-05-24,available,,,,,14.0,18.0,9.0,100.0,168.0,260.0
0,HAT117,LAX,DEN,10:00:00,11:30:00,90,2024-05-25,available,,,,,4.0,18.0,16.0,54.0,122.0,464.0
0,HAT117,LAX,DEN,10:00:00,11:30:00,90,2024-05-26,available,,,,,17.0,11.0,18.0,55.0,162.0,256.0
0,HAT117,LAX,DEN,10:00:00,11:30:00,90,2024-05-27,available,,,,,19.0,2.0,13.0,70.0,128.0,497.0
0,HAT117,LAX,DEN,10:00:00,11:30:00,90,2024-05-28,available,,,,,9.0,1.0,19.0,50.0,131.0,476.0
0,HAT117,LAX,DEN,10:00:00,11:30:00,90,2024-05-29,available,,,,,1.0,6.0,11.0,69.0,158.0,294.0
0,HAT117,LAX,DEN,10:00:00,11:30:00,90,2024-05-30,available,,,,,17.0,9.0,7.0,97.0,186.0,379.0
0,HAT118,LAX,DEN,04:00:00,05:30:00,90,2024-05-01,cancelled,,,,,,,,,,
0,HAT118,LAX,DEN,04:00:00,05:30:00,90,2024-05-02,landed,2024-05-02T04:33:00,2024-05-02T06:04:00,,,,,,,,
0,HAT118,LAX,DEN,04:00:00,05:30:00,90,2024-05-03,landed,2024-05-03T03:52:00,2024-05-03T05:13:00,,,,,,,,
0,HAT118,LAX,DEN,04:00:00,05:30:00,90,2024-05-04,landed,2024-05-04T03:59:00,2024-05-04T05:16:00,,,,,,,,
0,HAT118,LAX,DEN,04:00:00,05:30:00,90,2024-05-05,landed,2024-05-05T04:31:00,2024-05-05T05:50:00,,,,,,,,
0,HAT118,LAX,DEN,04:00:00,05:30:00,90,2024-05-06,landed,2024-05-06T03:57:00,2024-05-06T06:12:00,,,,,,,,
0,HAT118,LAX,DEN,04:00:00,05:30:00,90,2024-05-07,cancelled,,,,,,,,,,
0,HAT118,LAX,DEN,04:00:00,05:30:00,90,2024-05-08,landed,2024-05-08T04:19:00,2024-05-08T05:26:00,,,,,,,,
0,HAT118,LAX,DEN,04:00:00,05:30:00,90,2024-05-09,landed,2024-05-09T04:10:00,2024-05-09T05:44:00,,,,,,,,
0,HAT118,LAX,DEN,04:00:00,05:30:00,90,2024-05-10,landed,2024-05-10T04:22:00,2024-05-10T05:54:00,,,,,,,,
0,HAT118,LAX,DEN,04:00:00,05:30:00,90,2024-05-11,cancelled,,,,,,,,,,
0,HAT118,LAX,DEN,04:00:00,05:30:00,90,2024-05-12,landed,2024-05-12T04:34:00,2024-05-12T05:22:00,,,,,,,,
0,HAT118,LAX,DEN,04:00:00,05:30:00,90,2024-05-13,landed,2024-05-13T04:02:00,2024-05-13T06:25:00,,,,,,,,
0,HAT118,LAX,DEN,04:00:00,05:30:00,90,2024-05-14,landed,2024-05-14T04:00:00,2024-05-14T06:06:00,,,,,,,,
0,HAT118,LAX,DEN,04:00:00,05:30:00,90,2024-05-15,landed,2024-05-15T04:22:00,2024-05-15T06:25:00,,,,,,,,
0,HAT118,LAX,DEN,04:00:00,05:30:00,90,2024-05-16,available,,,,,20.0,6.0,9.0,67.0,127.0,224.0
0,HAT118,LAX,DEN,04:00:00,05:30:00,90,2024-05-17,available,,,,,12.0,9.0,15.0,71.0,169.0,429.0
0,HAT118,LAX,DEN,04:00:00,05:30:00,90,2024-05-18,available,,,,,14.0,4.0,12.0,90.0,126.0,296.0
0,HAT118,LAX,DEN,04:00:00,05:30:00,90,2024-05-19,available,,,,,4.0,1.0,5.0,98.0,129.0,439.0
0,HAT118,LAX,DEN,04:00:00,05:30:00,90,2024-05-20,available,,,,,13.0,7.0,20.0,53.0,123.0,433.0
0,HAT118,LAX,DEN,04:00:00,05:30:00,90,2024-05-21,available,,,,,10.0,2.0,13.0,98.0,101.0,208.0
0,HAT118,LAX,DEN,04:00:00,05:30:00,90,2024-05-22,available,,,,,18.0,6.0,5.0,62.0,140.0,300.0
0,HAT118,LAX,DEN,04:00:00,05:30:00,90,2024-05-23,available,,,,,16.0,11.0,3.0,62.0,177.0,291.0
0,HAT118,LAX,DEN,04:00:00,05:30:00,90,2024-05-24,available,,,,,17.0,2.0,2.0,69.0,124.0,241.0
0,HAT118,LAX,DEN,04:00:00,05:30:00,90,2024-05-25,available,,,,,6.0,8.0,7.0,90.0,112.0,268.0
0,HAT118,LAX,DEN,04:00:00,05:30:00,90,2024-05-26,available,,,,,9.0,11.0,15.0,64.0,105.0,286.0
0,HAT118,LAX,DEN,04:00:00,05:30:00,90,2024-05-27,available,,,,,6.0,1.0,11.0,81.0,177.0,339.0
0,HAT118,LAX,DEN,04:00:00,05:30:00,90,2024-05-28,available,,,,,6.0,1.0,12.0,77.0,190.0,218.0
0,HAT118,LAX,DEN,04:00:00,05:30:00,90,2024-05-29,available,,,,,3.0,20.0,11.0,71.0,158.0,304.0
0,HAT118,LAX,DEN,04:00:00,05:30:00,90,2024-05-30,available,,,,,19.0,0.0,16.0,86.0,185.0,373.0
0,HAT119,LAX,DEN,19:00:00,20:30:00,90,2024-05-01,landed,2024-05-01T19:06:00,2024-05-01T21:17:00,,,,,,,,
0,HAT119,LAX,DEN,19:00:00,20:30:00,90,2024-05-02,cancelled,,,,,,,,,,
0,HAT119,LAX,DEN,19:00:00,20:30:00,90,2024-05-03,landed,2024-05-03T18:48:00,2024-05-03T20:08:00,,,,,,,,
0,HAT119,LAX,DEN,19:00:00,20:30:00,90,2024-05-04,landed,2024-05-04T19:03:00,2024-05-04T20:38:00,,,,,,,,
0,HAT119,LAX,DEN,19:00:00,20:30:00,90,2024-05-05,landed,2024-05-05T19:32:00,2024-05-05T21:11:00,,,,,,,,
0,HAT119,LAX,DEN,19:00:00,20:30:00,90,2024-05-06,landed,2024-05-06T18:48:00,2024-05-06T21:07:00,,,,,,,,
0,HAT119,LAX,DEN,19:00:00,20:30:00,90,2024-05-07,landed,2024-05-07T18:47:00,2024-05-07T20:52:00,,,,,,,,
0,HAT119,LAX,DEN,19:00:00,20:30:00,90,2024-05-08,landed,2024-05-08T19:31:00,2024-05-08T20:39:00,,,,,,,,
0,HAT119,LAX,DEN,19:00:00,20:30:00,90,2024-05-09,landed,2024-05-09T19:12:00,2024-05-09T21:03:00,,,,,,,,
0,HAT119,LAX,DEN,19:00:00,20:30:00,90,2024-05-10,landed,2024-05-10T19:31:00,2024-05-10T21:13:00,,,,,,,,
0,HAT119,LAX,DEN,19:00:00,20:30:00,90,2024-05-11,landed,2024-05-11T19:38:00,2024-05-11T20:26:00,,,,,,,,
0,HAT119,LAX,DEN,19:00:00,20:30:00,90,2024-05-12,landed,2024-05-12T18:46:00,2024-05-12T20:27:00,,,,,,,,
0,HAT119,LAX,DEN,19:00:00,20:30:00,90,2024-05-13,landed,2024-05-13T18:53:00,2024-05-13T20:17:00,,,,,,,,
0,HAT119,LAX,DEN,19:00:00,20:30:00,90,2024-05-14,landed,2024-05-14T18:44:00,2024-05-14T20:28:00,,,,,,,,
0,HAT119,LAX,DEN,19:00:00,20:30:00,90,2024-05-15,on time,,,2024-05-15T19:01:00,2024-05-15T20:12:00,,,,,,
0,HAT119,LAX,DEN,19:00:00,20:30:00,90,2024-05-16,available,,,,,15.0,20.0,5.0,76.0,172.0,460.0
0,HAT119,LAX,DEN,19:00:00,20:30:00,90,2024-05-17,available,,,,,6.0,13.0,0.0,69.0,112.0,357.0
0,HAT119,LAX,DEN,19:00:00,20:30:00,90,2024-05-18,available,,,,,13.0,5.0,17.0,99.0,105.0,200.0
0,HAT119,LAX,DEN,19:00:00,20:30:00,90,2024-05-19,available,,,,,6.0,16.0,18.0,52.0,192.0,377.0
0,HAT119,LAX,DEN,19:00:00,20:30:00,90,2024-05-20,available,,,,,11.0,7.0,1.0,52.0,143.0,263.0
0,HAT119,LAX,DEN,19:00:00,20:30:00,90,2024-05-21,available,,,,,17.0,11.0,4.0,91.0,117.0,221.0
0,HAT119,LAX,DEN,19:00:00,20:30:00,90,2024-05-22,available,,,,,2.0,10.0,7.0,72.0,163.0,217.0
0,HAT119,LAX,DEN,19:00:00,20:30:00,90,2024-05-23,available,,,,,3.0,2.0,1.0,55.0,136.0,466.0
0,HAT119,LAX,DEN,19:00:00,20:30:00,90,2024-05-24,available,,,,,19.0,6.0,15.0,51.0,171.0,276.0
0,HAT119,LAX,DEN,19:00:00,20:30:00,90,2024-05-25,available,,,,,11.0,5.0,4.0,53.0,149.0,364.0
0,HAT119,LAX,DEN,19:00:00,20:30:00,90,2024-05-26,available,,,,,10.0,12.0,2.0,90.0,197.0,494.0
0,HAT119,LAX,DEN,19:00:00,20:30:00,90,2024-05-27,available,,,,,15.0,4.0,13.0,77.0,117.0,457.0
0,HAT119,LAX,DEN,19:00:00,20:30:00,90,2024-05-28,available,,,,,14.0,3.0,1.0,85.0,125.0,273.0
0,HAT119,LAX,DEN,19:00:00,20:30:00,90,2024-05-29,available,,,,,15.0,20.0,15.0,78.0,190.0,277.0
0,HAT119,LAX,DEN,19:00:00,20:30:00,90,2024-05-30,available,,,,,9.0,3.0,4.0,88.0,185.0,249.0
0,HAT120,PHX,JFK,02:00:00,05:00:00,180,2024-05-01,landed,2024-05-01T01:56:00,2024-05-01T04:54:00,,,,,,,,
0,HAT120,PHX,JFK,02:00:00,05:00:00,180,2024-05-02,landed,2024-05-02T02:18:00,2024-05-02T05:05:00,,,,,,,,
0,HAT120,PHX,JFK,02:00:00,05:00:00,180,2024-05-03,landed,2024-05-03T02:01:00,2024-05-03T04:52:00,,,,,,,,
0,HAT120,PHX,JFK,02:00:00,05:00:00,180,2024-05-04,landed,2024-05-04T02:13:00,2024-05-04T05:10:00,,,,,,,,
0,HAT120,PHX,JFK,02:00:00,05:00:00,180,2024-05-05,landed,2024-05-05T02:17:00,2024-05-05T04:54:00,,,,,,,,
0,HAT120,PHX,JFK,02:00:00,05:00:00,180,2024-05-06,landed,2024-05-06T02:33:00,2024-05-06T05:55:00,,,,,,,,
0,HAT120,PHX,JFK,02:00:00,05:00:00,180,2024-05-07,landed,2024-05-07T01:42:00,2024-05-07T05:21:00,,,,,,,,
0,HAT120,PHX,JFK,02:00:00,05:00:00,180,2024-05-08,landed,2024-05-08T01:59:00,2024-05-08T05:09:00,,,,,,,,
0,HAT120,PHX,JFK,02:00:00,05:00:00,180,2024-05-09,landed,2024-05-09T02:16:00,2024-05-09T05:54:00,,,,,,,,
0,HAT120,PHX,JFK,02:00:00,05:00:00,180,2024-05-10,landed,2024-05-10T02:21:00,2024-05-10T05:34:00,,,,,,,,
0,HAT120,PHX,JFK,02:00:00,05:00:00,180,2024-05-11,landed,2024-05-11T01:58:00,2024-05-11T05:39:00,,,,,,,,
0,HAT120,PHX,JFK,02:00:00,05:00:00,180,2024-05-12,landed,2024-05-12T02:32:00,2024-05-12T05:16:00,,,,,,,,
0,HAT120,PHX,JFK,02:00:00,05:00:00,180,2024-05-13,landed,2024-05-13T01:46:00,2024-05-13T05:18:00,,,,,,,,
0,HAT120,PHX,JFK,02:00:00,05:00:00,180,2024-05-14,landed,2024-05-14T02:03:00,2024-05-14T05:23:00,,,,,,,,
0,HAT120,PHX,JFK,02:00:00,05:00:00,180,2024-05-15,landed,2024-05-15T02:20:00,2024-05-15T05:28:00,,,,,,,,
0,HAT120,PHX,JFK,02:00:00,05:00:00,180,2024-05-16,available,,,,,16.0,9.0,8.0,76.0,149.0,271.0
0,HAT120,PHX,JFK,02:00:00,05:00:00,180,2024-05-17,available,,,,,3.0,16.0,0.0,60.0,111.0,282.0
0,HAT120,PHX,JFK,02:00:00,05:00:00,180,2024-05-18,available,,,,,6.0,6.0,20.0,73.0,175.0,312.0
0,HAT120,PHX,JFK,02:00:00,05:00:00,180,2024-05-19,available,,,,,0.0,15.0,3.0,66.0,190.0,252.0
0,HAT120,PHX,JFK,02:00:00,05:00:00,180,2024-05-20,available,,,,,16.0,19.0,2.0,71.0,125.0,239.0
0,HAT120,PHX,JFK,02:00:00,05:00:00,180,2024-05-21,available,,,,,3.0,16.0,2.0,83.0,175.0,390.0
0,HAT120,PHX,JFK,02:00:00,05:00:00,180,2024-05-22,available,,,,,0.0,3.0,19.0,57.0,186.0,479.0
0,HAT120,PHX,JFK,02:00:00,05:00:00,180,2024-05-23,available,,,,,13.0,10.0,18.0,75.0,152.0,375.0
0,HAT120,PHX,JFK,02:00:00,05:00:00,180,2024-05-24,available,,,,,9.0,2.0,9.0,86.0,134.0,470.0
0,HAT120,PHX,JFK,02:00:00,05:00:00,180,2024-05-25,available,,,,,18.0,19.0,6.0,59.0,120.0,333.0
0,HAT120,PHX,JFK,02:00:00,05:00:00,180,2024-05-26,available,,,,,19.0,8.0,17.0,85.0,115.0,486.0
0,HAT120,PHX,JFK,02:00:00,05:00:00,180,2024-05-27,available,,,,,8.0,13.0,10.0,74.0,176.0,221.0
0,HAT120,PHX,JFK,02:00:00,05:00:00,180,2024-05-28,available,,,,,5.0,16.0,19.0,63.0,148.0,286.0
0,HAT120,PHX,JFK,02:00:00,05:00:00,180,2024-05-29,available,,,,,14.0,5.0,7.0,54.0,194.0,352.0
0,HAT120,PHX,JFK,02:00:00,05:00:00,180,2024-05-30,available,,,,,11.0,11.0,6.0,68.0,179.0,241.0
0,HAT121,PHX,JFK,13:00:00,16:00:00,180,2024-05-01,landed,2024-05-01T13:16:00,2024-05-01T16:11:00,,,,,,,,
0,HAT121,PHX,JFK,13:00:00,16:00:00,180,2024-05-02,cancelled,,,,,,,,,,
0,HAT121,PHX,JFK,13:00:00,16:00:00,180,2024-05-03,landed,2024-05-03T13:26:00,2024-05-03T15:36:00,,,,,,,,
0,HAT121,PHX,JFK,13:00:00,16:00:00,180,2024-05-04,landed,2024-05-04T13:11:00,2024-05-04T15:41:00,,,,,,,,
0,HAT121,PHX,JFK,13:00:00,16:00:00,180,2024-05-05,landed,2024-05-05T12:50:00,2024-05-05T15:43:00,,,,,,,,
0,HAT121,PHX,JFK,13:00:00,16:00:00,180,2024-05-06,landed,2024-05-06T13:38:00,2024-05-06T15:37:00,,,,,,,,
0,HAT121,PHX,JFK,13:00:00,16:00:00,180,2024-05-07,landed,2024-05-07T12:52:00,2024-05-07T16:13:00,,,,,,,,
0,HAT121,PHX,JFK,13:00:00,16:00:00,180,2024-05-08,cancelled,,,,,,,,,,
0,HAT121,PHX,JFK,13:00:00,16:00:00,180,2024-05-09,landed,2024-05-09T13:30:00,2024-05-09T16:04:00,,,,,,,,
0,HAT121,PHX,JFK,13:00:00,16:00:00,180,2024-05-10,cancelled,,,,,,,,,,
0,HAT121,PHX,JFK,13:00:00,16:00:00,180,2024-05-11,landed,2024-05-11T13:27:00,2024-05-11T15:35:00,,,,,,,,
0,HAT121,PHX,JFK,13:00:00,16:00:00,180,2024-05-12,landed,2024-05-12T13:32:00,2024-05-12T16:50:00,,,,,,,,
0,HAT121,PHX,JFK,13:00:00,16:00:00,180,2024-05-13,landed,2024-05-13T13:03:00,2024-05-13T16:01:00,,,,,,,,
0,HAT121,PHX,JFK,13:00:00,16:00:00,180,2024-05-14,landed,2024-05-14T13:38:00,2024-05-14T15:42:00,,,,,,,,
0,HAT121,PHX,JFK,13:00:00,16:00:00,180,2024-05-15,flying,2024-05-15T12:56:00,,,2024-05-15T16:13:00,,,,,,
0,HAT121,PHX,JFK,13:00:00,16:00:00,180,2024-05-16,available,,,,,19.0,5.0,15.0,95.0,140.0,381.0
0,HAT121,PHX,JFK,13:00:00,16:00:00,180,2024-05-17,available,,,,,16.0,3.0,0.0,74.0,107.0,223.0
0,HAT121,PHX,JFK,13:00:00,16:00:00,180,2024-05-18,available,,,,,7.0,10.0,20.0,98.0,170.0,414.0
0,HAT121,PHX,JFK,13:00:00,16:00:00,180,2024-05-19,available,,,,,2.0,4.0,19.0,65.0,174.0,312.0
0,HAT121,PHX,JFK,13:00:00,16:00:00,180,2024-05-20,available,,,,,3.0,1.0,9.0,94.0,190.0,258.0
0,HAT121,PHX,JFK,13:00:00,16:00:00,180,2024-05-21,available,,,,,19.0,1.0,0.0,63.0,131.0,473.0
0,HAT121,PHX,JFK,13:00:00,16:00:00,180,2024-05-22,available,,,,,4.0,9.0,13.0,91.0,182.0,486.0
0,HAT121,PHX,JFK,13:00:00,16:00:00,180,2024-05-23,available,,,,,14.0,12.0,0.0,82.0,150.0,280.0
0,HAT121,PHX,JFK,13:00:00,16:00:00,180,2024-05-24,available,,,,,10.0,6.0,2.0,79.0,190.0,353.0
0,HAT121,PHX,JFK,13:00:00,16:00:00,180,2024-05-25,available,,,,,10.0,2.0,9.0,50.0,142.0,302.0
0,HAT121,PHX,JFK,13:00:00,16:00:00,180,2024-05-26,available,,,,,12.0,9.0,7.0,59.0,170.0,257.0
0,HAT121,PHX,JFK,13:00:00,16:00:00,180,2024-05-27,available,,,,,12.0,6.0,15.0,60.0,128.0,251.0
0,HAT121,PHX,JFK,13:00:00,16:00:00,180,2024-05-28,available,,,,,16.0,16.0,2.0,54.0,193.0,452.0
0,HAT121,PHX,JFK,13:00:00,16:00:00,180,2024-05-29,available,,,,,8.0,6.0,14.0,91.0,183.0,413.0
0,HAT121,PHX,JFK,13:00:00,16:00:00,180,2024-05-30,available,,,,,4.0,13.0,2.0,77.0,109.0,495.0
0,HAT122,PHX,JFK,10:00:00,13:00:00,180,2024-05-01,landed,2024-05-01T10:10:00,2024-05-01T13:06:00,,,,,,,,
0,HAT122,PHX,JFK,10:00:00,13:00:00,180,2024-05-02,landed,2024-05-02T10:21:00,2024-05-02T13:39:00,,,,,,,,
0,HAT122,PHX,JFK,10:00:00,13:00:00,180,2024-05-03,landed,2024-05-03T10:22:00,2024-05-03T13:09:00,,,,,,,,
0,HAT122,PHX,JFK,10:00:00,13:00:00,180,2024-05-04,landed,2024-05-04T10:01:00,2024-05-04T13:04:00,,,,,,,,
0,HAT122,PHX,JFK,10:00:00,13:00:00,180,2024-05-05,cancelled,,,,,,,,,,
0,HAT122,PHX,JFK,10:00:00,13:00:00,180,2024-05-06,landed,2024-05-06T10:36:00,2024-05-06T13:11:00,,,,,,,,
0,HAT122,PHX,JFK,10:00:00,13:00:00,180,2024-05-07,landed,2024-05-07T10:32:00,2024-05-07T13:41:00,,,,,,,,
0,HAT122,PHX,JFK,10:00:00,13:00:00,180,2024-05-08,landed,2024-05-08T10:21:00,2024-05-08T13:36:00,,,,,,,,
0,HAT122,PHX,JFK,10:00:00,13:00:00,180,2024-05-09,landed,2024-05-09T09:45:00,2024-05-09T12:49:00,,,,,,,,
0,HAT122,PHX,JFK,10:00:00,13:00:00,180,2024-05-10,landed,2024-05-10T10:40:00,2024-05-10T12:38:00,,,,,,,,
0,HAT122,PHX,JFK,10:00:00,13:00:00,180,2024-05-11,landed,2024-05-11T10:05:00,2024-05-11T12:55:00,,,,,,,,
0,HAT122,PHX,JFK,10:00:00,13:00:00,180,2024-05-12,landed,2024-05-12T09:57:00,2024-05-12T13:20:00,,,,,,,,
0,HAT122,PHX,JFK,10:00:00,13:00:00,180,2024-05-13,landed,2024-05-13T10:07:00,2024-05-13T13:33:00,,,,,,,,
0,HAT122,PHX,JFK,10:00:00,13:00:00,180,2024-05-14,landed,2024-05-14T10:18:00,2024-05-14T13:32:00,,,,,,,,
0,HAT122,PHX,JFK,10:00:00,13:00:00,180,2024-05-15,landed,2024-05-15T09:59:00,2024-05-15T13:46:00,,,,,,,,
0,HAT122,PHX,JFK,10:00:00,13:00:00,180,2024-05-16,available,,,,,12.0,0.0,7.0,79.0,188.0,442.0
0,HAT122,PHX,JFK,10:00:00,13:00:00,180,2024-05-17,available,,,,,16.0,16.0,1.0,51.0,195.0,278.0
0,HAT122,PHX,JFK,10:00:00,13:00:00,180,2024-05-18,available,,,,,12.0,15.0,5.0,93.0,191.0,370.0
0,HAT122,PHX,JFK,10:00:00,13:00:00,180,2024-05-19,available,,,,,20.0,8.0,19.0,77.0,119.0,439.0
0,HAT122,PHX,JFK,10:00:00,13:00:00,180,2024-05-20,available,,,,,11.0,15.0,13.0,93.0,195.0,291.0
0,HAT122,PHX,JFK,10:00:00,13:00:00,180,2024-05-21,available,,,,,2.0,12.0,14.0,71.0,177.0,392.0
0,HAT122,PHX,JFK,10:00:00,13:00:00,180,2024-05-22,available,,,,,14.0,7.0,16.0,70.0,171.0,363.0
0,HAT122,PHX,JFK,10:00:00,13:00:00,180,2024-05-23,available,,,,,15.0,8.0,17.0,87.0,158.0,298.0
0,HAT122,PHX,JFK,10:00:00,13:00:00,180,2024-05-24,available,,,,,5.0,2.0,8.0,81.0,144.0,428.0
0,HAT122,PHX,JFK,10:00:00,13:00:00,180,2024-05-25,available,,,,,0.0,5.0,9.0,70.0,125.0,287.0
0,HAT122,PHX,JFK,10:00:00,13:00:00,180,2024-05-26,available,,,,,4.0,5.0,14.0,65.0,171.0,245.0
0,HAT122,PHX,JFK,10:00:00,13:00:00,180,2024-05-27,available,,,,,20.0,16.0,20.0,98.0,146.0,440.0
0,HAT122,PHX,JFK,10:00:00,13:00:00,180,2024-05-28,available,,,,,4.0,18.0,9.0,53.0,131.0,306.0
0,HAT122,PHX,JFK,10:00:00,13:00:00,180,2024-05-29,available,,,,,4.0,12.0,15.0,79.0,141.0,258.0
0,HAT122,PHX,JFK,10:00:00,13:00:00,180,2024-05-30,available,,,,,20.0,19.0,20.0,78.0,179.0,394.0
0,HAT123,PHL,LAX,07:00:00,11:30:00,270,2024-05-01,landed,2024-05-01T07:33:00,2024-05-01T12:06:00,,,,,,,,
0,HAT123,PHL,LAX,07:00:00,11:30:00,270,2024-05-02,landed,2024-05-02T06:41:00,2024-05-02T12:24:00,,,,,,,,
0,HAT123,PHL,LAX,07:00:00,11:30:00,270,2024-05-03,landed,2024-05-03T07:07:00,2024-05-03T12:01:00,,,,,,,,
0,HAT123,PHL,LAX,07:00:00,11:30:00,270,2024-05-04,landed,2024-05-04T06:45:00,2024-05-04T12:21:00,,,,,,,,
0,HAT123,PHL,LAX,07:00:00,11:30:00,270,2024-05-05,landed,2024-05-05T07:38:00,2024-05-05T11:33:00,,,,,,,,
0,HAT123,PHL,LAX,07:00:00,11:30:00,270,2024-05-06,landed,2024-05-06T07:35:00,2024-05-06T11:50:00,,,,,,,,
0,HAT123,PHL,LAX,07:00:00,11:30:00,270,2024-05-07,landed,2024-05-07T07:26:00,2024-05-07T11:27:00,,,,,,,,
0,HAT123,PHL,LAX,07:00:00,11:30:00,270,2024-05-08,landed,2024-05-08T06:46:00,2024-05-08T11:54:00,,,,,,,,
0,HAT123,PHL,LAX,07:00:00,11:30:00,270,2024-05-09,landed,2024-05-09T07:29:00,2024-05-09T12:15:00,,,,,,,,
0,HAT123,PHL,LAX,07:00:00,11:30:00,270,2024-05-10,landed,2024-05-10T07:11:00,2024-05-10T12:21:00,,,,,,,,
0,HAT123,PHL,LAX,07:00:00,11:30:00,270,2024-05-11,landed,2024-05-11T07:09:00,2024-05-11T11:24:00,,,,,,,,
0,HAT123,PHL,LAX,07:00:00,11:30:00,270,2024-05-12,landed,2024-05-12T06:54:00,2024-05-12T12:07:00,,,,,,,,
0,HAT123,PHL,LAX,07:00:00,11:30:00,270,2024-05-13,cancelled,,,,,,,,,,
0,HAT123,PHL,LAX,07:00:00,11:30:00,270,2024-05-14,landed,2024-05-14T07:13:00,2024-05-14T11:07:00,,,,,,,,
0,HAT123,PHL,LAX,07:00:00,11:30:00,270,2024-05-15,landed,2024-05-15T07:22:00,2024-05-15T11:55:00,,,,,,,,
0,HAT123,PHL,LAX,07:00:00,11:30:00,270,2024-05-16,available,,,,,15.0,13.0,4.0,56.0,152.0,455.0
0,HAT123,PHL,LAX,07:00:00,11:30:00,270,2024-05-17,available,,,,,13.0,17.0,20.0,50.0,116.0,239.0
0,HAT123,PHL,LAX,07:00:00,11:30:00,270,2024-05-18,available,,,,,2.0,9.0,15.0,55.0,169.0,353.0
0,HAT123,PHL,LAX,07:00:00,11:30:00,270,2024-05-19,available,,,,,10.0,20.0,19.0,64.0,159.0,259.0
0,HAT123,PHL,LAX,07:00:00,11:30:00,270,2024-05-20,available,,,,,16.0,19.0,9.0,70.0,150.0,212.0
0,HAT123,PHL,LAX,07:00:00,11:30:00,270,2024-05-21,available,,,,,19.0,6.0,18.0,93.0,195.0,234.0
0,HAT123,PHL,LAX,07:00:00,11:30:00,270,2024-05-22,available,,,,,14.0,16.0,4.0,80.0,187.0,322.0
0,HAT123,PHL,LAX,07:00:00,11:30:00,270,2024-05-23,available,,,,,8.0,10.0,10.0,68.0,175.0,252.0
0,HAT123,PHL,LAX,07:00:00,11:30:00,270,2024-05-24,available,,,,,15.0,4.0,2.0,68.0,144.0,232.0
0,HAT123,PHL,LAX,07:00:00,11:30:00,270,2024-05-25,available,,,,,5.0,3.0,0.0,88.0,161.0,385.0
0,HAT123,PHL,LAX,07:00:00,11:30:00,270,2024-05-26,available,,,,,8.0,5.0,15.0,57.0,155.0,388.0
0,HAT123,PHL,LAX,07:00:00,11:30:00,270,2024-05-27,available,,,,,3.0,3.0,16.0,78.0,200.0,389.0
0,HAT123,PHL,LAX,07:00:00,11:30:00,270,2024-05-28,available,,,,,5.0,3.0,9.0,84.0,139.0,350.0
0,HAT123,PHL,LAX,07:00:00,11:30:00,270,2024-05-29,available,,,,,4.0,3.0,13.0,96.0,120.0,405.0
0,HAT123,PHL,LAX,07:00:00,11:30:00,270,2024-05-30,available,,,,,2.0,7.0,16.0,92.0,174.0,380.0
0,HAT124,PHL,LAX,16:00:00,20:30:00,270,2024-05-01,landed,2024-05-01T16:40:00,2024-05-01T20:53:00,,,,,,,,
0,HAT124,PHL,LAX,16:00:00,20:30:00,270,2024-05-02,landed,2024-05-02T16:22:00,2024-05-02T21:06:00,,,,,,,,
0,HAT124,PHL,LAX,16:00:00,20:30:00,270,2024-05-03,landed,2024-05-03T16:38:00,2024-05-03T21:13:00,,,,,,,,
0,HAT124,PHL,LAX,16:00:00,20:30:00,270,2024-05-04,landed,2024-05-04T15:57:00,2024-05-04T20:19:00,,,,,,,,
0,HAT124,PHL,LAX,16:00:00,20:30:00,270,2024-05-05,landed,2024-05-05T16:01:00,2024-05-05T20:29:00,,,,,,,,
0,HAT124,PHL,LAX,16:00:00,20:30:00,270,2024-05-06,cancelled,,,,,,,,,,
0,HAT124,PHL,LAX,16:00:00,20:30:00,270,2024-05-07,landed,2024-05-07T16:00:00,2024-05-07T20:35:00,,,,,,,,
0,HAT124,PHL,LAX,16:00:00,20:30:00,270,2024-05-08,landed,2024-05-08T16:13:00,2024-05-08T20:33:00,,,,,,,,
0,HAT124,PHL,LAX,16:00:00,20:30:00,270,2024-05-09,landed,2024-05-09T16:31:00,2024-05-09T20:27:00,,,,,,,,
0,HAT124,PHL,LAX,16:00:00,20:30:00,270,2024-05-10,landed,2024-05-10T16:28:00,2024-05-10T20:52:00,,,,,,,,
0,HAT124,PHL,LAX,16:00:00,20:30:00,270,2024-05-11,landed,2024-05-11T15:48:00,2024-05-11T20:57:00,,,,,,,,
0,HAT124,PHL,LAX,16:00:00,20:30:00,270,2024-05-12,landed,2024-05-12T15:54:00,2024-05-12T20:58:00,,,,,,,,
0,HAT124,PHL,LAX,16:00:00,20:30:00,270,2024-05-13,landed,2024-05-13T15:55:00,2024-05-13T20:23:00,,,,,,,,
0,HAT124,PHL,LAX,16:00:00,20:30:00,270,2024-05-14,landed,2024-05-14T15:41:00,2024-05-14T20:45:00,,,,,,,,
0,HAT124,PHL,LAX,16:00:00,20:30:00,270,2024-05-15,delayed,,,2024-05-15T16:35:00,2024-05-15T22:32:00,,,,,,
0,HAT124,PHL,LAX,16:00:00,20:30:00,270,2024-05-16,available,,,,,14.0,12.0,15.0,71.0,164.0,347.0
0,HAT124,PHL,LAX,16:00:00,20:30:00,270,2024-05-17,available,,,,,13.0,12.0,6.0,100.0,199.0,231.0
0,HAT124,PHL,LAX,16:00:00,20:30:00,270,2024-05-18,available,,,,,5.0,8.0,11.0,60.0,132.0,373.0
0,HAT124,PHL,LAX,16:00:00,20:30:00,270,2024-05-19,available,,,,,16.0,6.0,5.0,75.0,115.0,406.0
0,HAT124,PHL,LAX,16:00:00,20:30:00,270,2024-05-20,available,,,,,15.0,7.0,18.0,61.0,137.0,260.0
0,HAT124,PHL,LAX,16:00:00,20:30:00,270,2024-05-21,available,,,,,2.0,10.0,20.0,55.0,106.0,335.0
0,HAT124,PHL,LAX,16:00:00,20:30:00,270,2024-05-22,available,,,,,11.0,15.0,14.0,74.0,129.0,388.0
0,HAT124,PHL,LAX,16:00:00,20:30:00,270,2024-05-23,available,,,,,13.0,5.0,13.0,55.0,131.0,365.0
0,HAT124,PHL,LAX,16:00:00,20:30:00,270,2024-05-24,available,,,,,15.0,0.0,1.0,51.0,133.0,334.0
0,HAT124,PHL,LAX,16:00:00,20:30:00,270,2024-05-25,available,,,,,18.0,4.0,11.0,55.0,167.0,353.0
0,HAT124,PHL,LAX,16:00:00,20:30:00,270,2024-05-26,available,,,,,1.0,9.0,12.0,81.0,186.0,306.0
0,HAT124,PHL,LAX,16:00:00,20:30:00,270,2024-05-27,available,,,,,18.0,10.0,16.0,91.0,194.0,285.0
0,HAT124,PHL,LAX,16:00:00,20:30:00,270,2024-05-28,available,,,,,19.0,9.0,14.0,81.0,185.0,285.0
0,HAT124,PHL,LAX,16:00:00,20:30:00,270,2024-05-29,available,,,,,18.0,6.0,16.0,86.0,128.0,348.0
0,HAT124,PHL,LAX,16:00:00,20:30:00,270,2024-05-30,available,,,,,11.0,11.0,5.0,55.0,133.0,383.0
0,HAT125,PHL,LAX,15:00:00,19:30:00,270,2024-05-01,landed,2024-05-01T15:31:00,2024-05-01T19:29:00,,,,,,,,
0,HAT125,PHL,LAX,15:00:00,19:30:00,270,2024-05-02,landed,2024-05-02T15:10:00,2024-05-02T20:20:00,,,,,,,,
0,HAT125,PHL,LAX,15:00:00,19:30:00,270,2024-05-03,landed,2024-05-03T15:04:00,2024-05-03T19:50:00,,,,,,,,
0,HAT125,PHL,LAX,15:00:00,19:30:00,270,2024-05-04,landed,2024-05-04T14:43:00,2024-05-04T19:29:00,,,,,,,,
0,HAT125,PHL,LAX,15:00:00,19:30:00,270,2024-05-05,landed,2024-05-05T15:35:00,2024-05-05T19:47:00,,,,,,,,
0,HAT125,PHL,LAX,15:00:00,19:30:00,270,2024-05-06,cancelled,,,,,,,,,,
0,HAT125,PHL,LAX,15:00:00,19:30:00,270,2024-05-07,landed,2024-05-07T15:26:00,2024-05-07T19:05:00,,,,,,,,
0,HAT125,PHL,LAX,15:00:00,19:30:00,270,2024-05-08,landed,2024-05-08T14:40:00,2024-05-08T19:47:00,,,,,,,,
0,HAT125,PHL,LAX,15:00:00,19:30:00,270,2024-05-09,landed,2024-05-09T14:57:00,2024-05-09T19:44:00,,,,,,,,
0,HAT125,PHL,LAX,15:00:00,19:30:00,270,2024-05-10,landed,2024-05-10T15:17:00,2024-05-10T19:19:00,,,,,,,,
0,HAT125,PHL,LAX,15:00:00,19:30:00,270,2024-05-11,landed,2024-05-11T15:24:00,2024-05-11T19:58:00,,,,,,,,
0,HAT125,PHL,LAX,15:00:00,19:30:00,270,2024-05-12,landed,2024-05-12T15:30:00,2024-05-12T19:36:00,,,,,,,,
0,HAT125,PHL,LAX,15:00:00,19:30:00,270,2024-05-13,landed,2024-05-13T15:20:00,2024-05-13T19:17:00,,,,,,,,
0,HAT125,PHL,LAX,15:00:00,19:30:00,270,2024-05-14,cancelled,,,,,,,,,,
0,HAT125,PHL,LAX,15:00:00,19:30:00,270,2024-05-15,flying,2024-05-15T14:41:00,,,2024-05-15T20:29:00,,,,,,
0,HAT125,PHL,LAX,15:00:00,19:30:00,270,2024-05-16,available,,,,,2.0,2.0,6.0,99.0,176.0,319.0
0,HAT125,PHL,LAX,15:00:00,19:30:00,270,2024-05-17,available,,,,,0.0,8.0,19.0,65.0,170.0,245.0
0,HAT125,PHL,LAX,15:00:00,19:30:00,270,2024-05-18,available,,,,,11.0,12.0,13.0,73.0,176.0,256.0
0,HAT125,PHL,LAX,15:00:00,19:30:00,270,2024-05-19,available,,,,,1.0,7.0,11.0,92.0,175.0,211.0
0,HAT125,PHL,LAX,15:00:00,19:30:00,270,2024-05-20,available,,,,,15.0,19.0,19.0,80.0,185.0,489.0
0,HAT125,PHL,LAX,15:00:00,19:30:00,270,2024-05-21,available,,,,,12.0,17.0,19.0,94.0,170.0,311.0
0,HAT125,PHL,LAX,15:00:00,19:30:00,270,2024-05-22,available,,,,,5.0,11.0,2.0,97.0,184.0,278.0
0,HAT125,PHL,LAX,15:00:00,19:30:00,270,2024-05-23,available,,,,,5.0,5.0,18.0,52.0,142.0,443.0
0,HAT125,PHL,LAX,15:00:00,19:30:00,270,2024-05-24,available,,,,,3.0,17.0,9.0,59.0,124.0,212.0
0,HAT125,PHL,LAX,15:00:00,19:30:00,270,2024-05-25,available,,,,,9.0,0.0,7.0,94.0,158.0,471.0
0,HAT125,PHL,LAX,15:00:00,19:30:00,270,2024-05-26,available,,,,,8.0,7.0,8.0,97.0,100.0,312.0
0,HAT125,PHL,LAX,15:00:00,19:30:00,270,2024-05-27,available,,,,,1.0,0.0,4.0,52.0,198.0,423.0
0,HAT125,PHL,LAX,15:00:00,19:30:00,270,2024-05-28,available,,,,,12.0,12.0,15.0,55.0,126.0,362.0
0,HAT125,PHL,LAX,15:00:00,19:30:00,270,2024-05-29,available,,,,,3.0,13.0,1.0,61.0,155.0,296.0
0,HAT125,PHL,LAX,15:00:00,19:30:00,270,2024-05-30,available,,,,,12.0,6.0,7.0,61.0,175.0,306.0
0,HAT126,PHL,LAX,23:00:00,03:30:00+1,270,2024-05-01,landed,2024-05-01T22:59:00,2024-05-02T03:32:00,,,,,,,,
0,HAT126,PHL,LAX,23:00:00,03:30:00+1,270,2024-05-02,landed,2024-05-02T23:37:00,2024-05-03T03:24:00,,,,,,,,
0,HAT126,PHL,LAX,23:00:00,03:30:00+1,270,2024-05-03,landed,2024-05-03T23:13:00,2024-05-04T03:38:00,,,,,,,,
0,HAT126,PHL,LAX,23:00:00,03:30:00+1,270,2024-05-04,landed,2024-05-04T23:36:00,2024-05-05T04:12:00,,,,,,,,
0,HAT126,PHL,LAX,23:00:00,03:30:00+1,270,2024-05-05,landed,2024-05-05T22:40:00,2024-05-06T04:06:00,,,,,,,,
0,HAT126,PHL,LAX,23:00:00,03:30:00+1,270,2024-05-06,landed,2024-05-06T23:15:00,2024-05-07T04:17:00,,,,,,,,
0,HAT126,PHL,LAX,23:00:00,03:30:00+1,270,2024-05-07,landed,2024-05-07T22:43:00,2024-05-08T03:15:00,,,,,,,,
0,HAT126,PHL,LAX,23:00:00,03:30:00+1,270,2024-05-08,landed,2024-05-08T23:06:00,2024-05-09T04:06:00,,,,,,,,
0,HAT126,PHL,LAX,23:00:00,03:30:00+1,270,2024-05-09,landed,2024-05-09T22:41:00,2024-05-10T03:08:00,,,,,,,,
0,HAT126,PHL,LAX,23:00:00,03:30:00+1,270,2024-05-10,landed,2024-05-10T22:54:00,2024-05-11T03:05:00,,,,,,,,
0,HAT126,PHL,LAX,23:00:00,03:30:00+1,270,2024-05-11,landed,2024-05-11T22:41:00,2024-05-12T03:39:00,,,,,,,,
0,HAT126,PHL,LAX,23:00:00,03:30:00+1,270,2024-05-12,landed,2024-05-12T22:59:00,2024-05-13T03:21:00,,,,,,,,
0,HAT126,PHL,LAX,23:00:00,03:30:00+1,270,2024-05-13,landed,2024-05-13T23:40:00,2024-05-14T03:50:00,,,,,,,,
0,HAT126,PHL,LAX,23:00:00,03:30:00+1,270,2024-05-14,landed,2024-05-14T23:24:00,2024-05-15T04:19:00,,,,,,,,
0,HAT126,PHL,LAX,23:00:00,03:30:00+1,270,2024-05-15,delayed,,,2024-05-16T01:33:00,2024-05-16T07:22:00,,,,,,
0,HAT126,PHL,LAX,23:00:00,03:30:00+1,270,2024-05-16,available,,,,,9.0,11.0,17.0,51.0,194.0,495.0
0,HAT126,PHL,LAX,23:00:00,03:30:00+1,270,2024-05-17,available,,,,,16.0,11.0,7.0,54.0,116.0,475.0
0,HAT126,PHL,LAX,23:00:00,03:30:00+1,270,2024-05-18,available,,,,,11.0,6.0,0.0,86.0,158.0,343.0
0,HAT126,PHL,LAX,23:00:00,03:30:00+1,270,2024-05-19,available,,,,,18.0,16.0,7.0,70.0,136.0,499.0
0,HAT126,PHL,LAX,23:00:00,03:30:00+1,270,2024-05-20,available,,,,,0.0,12.0,6.0,87.0,124.0,451.0
0,HAT126,PHL,LAX,23:00:00,03:30:00+1,270,2024-05-21,available,,,,,4.0,8.0,5.0,97.0,189.0,302.0
0,HAT126,PHL,LAX,23:00:00,03:30:00+1,270,2024-05-22,available,,,,,10.0,0.0,1.0,93.0,161.0,308.0
0,HAT126,PHL,LAX,23:00:00,03:30:00+1,270,2024-05-23,available,,,,,4.0,20.0,13.0,83.0,130.0,410.0
0,HAT126,PHL,LAX,23:00:00,03:30:00+1,270,2024-05-24,available,,,,,19.0,2.0,11.0,75.0,129.0,259.0
0,HAT126,PHL,LAX,23:00:00,03:30:00+1,270,2024-05-25,available,,,,,4.0,1.0,5.0,81.0,168.0,491.0
0,HAT126,PHL,LAX,23:00:00,03:30:00+1,270,2024-05-26,available,,,,,12.0,17.0,12.0,70.0,194.0,222.0
0,HAT126,PHL,LAX,23:00:00,03:30:00+1,270,2024-05-27,available,,,,,0.0,9.0,1.0,67.0,182.0,221.0
0,HAT126,PHL,LAX,23:00:00,03:30:00+1,270,2024-05-28,available,,,,,11.0,4.0,4.0,91.0,123.0,212.0
0,HAT126,PHL,LAX,23:00:00,03:30:00+1,270,2024-05-29,available,,,,,7.0,7.0,0.0,86.0,100.0,387.0
0,HAT126,PHL,LAX,23:00:00,03:30:00+1,270,2024-05-30,available,,,,,1.0,18.0,1.0,57.0,156.0,389.0
0,HAT127,BOS,LAS,14:00:00,18:00:00,240,2024-05-01,landed,2024-05-01T14:21:00,2024-05-01T17:37:00,,,,,,,,
0,HAT127,BOS,LAS,14:00:00,18:00:00,240,2024-05-02,landed,2024-05-02T14:33:00,2024-05-02T18:39:00,,,,,,,,
0,HAT127,BOS,LAS,14:00:00,18:00:00,240,2024-05-03,landed,2024-05-03T14:12:00,2024-05-03T17:37:00,,,,,,,,
0,HAT127,BOS,LAS,14:00:00,18:00:00,240,2024-05-04,landed,2024-05-04T13:52:00,2024-05-04T17:36:00,,,,,,,,
0,HAT127,BOS,LAS,14:00:00,18:00:00,240,2024-05-05,landed,2024-05-05T14:27:00,2024-05-05T18:22:00,,,,,,,,
0,HAT127,BOS,LAS,14:00:00,18:00:00,240,2024-05-06,landed,2024-05-06T14:29:00,2024-05-06T17:44:00,,,,,,,,
0,HAT127,BOS,LAS,14:00:00,18:00:00,240,2024-05-07,cancelled,,,,,,,,,,
0,HAT127,BOS,LAS,14:00:00,18:00:00,240,2024-05-08,landed,2024-05-08T14:04:00,2024-05-08T18:28:00,,,,,,,,
0,HAT127,BOS,LAS,14:00:00,18:00:00,240,2024-05-09,cancelled,,,,,,,,,,
0,HAT127,BOS,LAS,14:00:00,18:00:00,240,2024-05-10,landed,2024-05-10T14:38:00,2024-05-10T17:58:00,,,,,,,,
0,HAT127,BOS,LAS,14:00:00,18:00:00,240,2024-05-11,landed,2024-05-11T14:32:00,2024-05-11T17:36:00,,,,,,,,
0,HAT127,BOS,LAS,14:00:00,18:00:00,240,2024-05-12,landed,2024-05-12T13:56:00,2024-05-12T18:29:00,,,,,,,,
0,HAT127,BOS,LAS,14:00:00,18:00:00,240,2024-05-13,landed,2024-05-13T14:18:00,2024-05-13T18:50:00,,,,,,,,
0,HAT127,BOS,LAS,14:00:00,18:00:00,240,2024-05-14,landed,2024-05-14T14:00:00,2024-05-14T18:39:00,,,,,,,,
0,HAT127,BOS,LAS,14:00:00,18:00:00,240,2024-05-15,flying,2024-05-15T13:52:00,,,2024-05-15T18:49:00,,,,,,
0,HAT127,BOS,LAS,14:00:00,18:00:00,240,2024-05-16,available,,,,,0.0,7.0,1.0,60.0,113.0,460.0
0,HAT127,BOS,LAS,14:00:00,18:00:00,240,2024-05-17,available,,,,,15.0,6.0,4.0,60.0,142.0,279.0
0,HAT127,BOS,LAS,14:00:00,18:00:00,240,2024-05-18,available,,,,,3.0,11.0,1.0,93.0,131.0,495.0
0,HAT127,BOS,LAS,14:00:00,18:00:00,240,2024-05-19,available,,,,,19.0,5.0,6.0,64.0,177.0,396.0
0,HAT127,BOS,LAS,14:00:00,18:00:00,240,2024-05-20,available,,,,,9.0,16.0,8.0,79.0,194.0,323.0
0,HAT127,BOS,LAS,14:00:00,18:00:00,240,2024-05-21,available,,,,,1.0,12.0,7.0,84.0,111.0,256.0
0,HAT127,BOS,LAS,14:00:00,18:00:00,240,2024-05-22,available,,,,,7.0,20.0,11.0,50.0,161.0,464.0
0,HAT127,BOS,LAS,14:00:00,18:00:00,240,2024-05-23,available,,,,,2.0,15.0,7.0,53.0,167.0,214.0
0,HAT127,BOS,LAS,14:00:00,18:00:00,240,2024-05-24,available,,,,,1.0,8.0,2.0,90.0,115.0,447.0
0,HAT127,BOS,LAS,14:00:00,18:00:00,240,2024-05-25,available,,,,,14.0,7.0,14.0,68.0,190.0,302.0
0,HAT127,BOS,LAS,14:00:00,18:00:00,240,2024-05-26,available,,,,,19.0,7.0,9.0,74.0,135.0,360.0
0,HAT127,BOS,LAS,14:00:00,18:00:00,240,2024-05-27,available,,,,,0.0,2.0,6.0,85.0,134.0,446.0
0,HAT127,BOS,LAS,14:00:00,18:00:00,240,2024-05-28,available,,,,,8.0,8.0,1.0,50.0,146.0,288.0
0,HAT127,BOS,LAS,14:00:00,18:00:00,240,2024-05-29,available,,,,,13.0,19.0,4.0,87.0,103.0,406.0
0,HAT127,BOS,LAS,14:00:00,18:00:00,240,2024-05-30,available,,,,,6.0,11.0,17.0,100.0,101.0,270.0
0,HAT128,BOS,LAS,03:00:00,07:00:00,240,2024-05-01,landed,2024-05-01T03:25:00,2024-05-01T07:27:00,,,,,,,,
0,HAT128,BOS,LAS,03:00:00,07:00:00,240,2024-05-02,landed,2024-05-02T03:36:00,2024-05-02T07:40:00,,,,,,,,
0,HAT128,BOS,LAS,03:00:00,07:00:00,240,2024-05-03,landed,2024-05-03T02:43:00,2024-05-03T07:24:00,,,,,,,,
0,HAT128,BOS,LAS,03:00:00,07:00:00,240,2024-05-04,landed,2024-05-04T03:16:00,2024-05-04T07:12:00,,,,,,,,
0,HAT128,BOS,LAS,03:00:00,07:00:00,240,2024-05-05,landed,2024-05-05T03:15:00,2024-05-05T07:35:00,,,,,,,,
0,HAT128,BOS,LAS,03:00:00,07:00:00,240,2024-05-06,landed,2024-05-06T02:41:00,2024-05-06T07:43:00,,,,,,,,
0,HAT128,BOS,LAS,03:00:00,07:00:00,240,2024-05-07,landed,2024-05-07T02:59:00,2024-05-07T07:23:00,,,,,,,,
0,HAT128,BOS,LAS,03:00:00,07:00:00,240,2024-05-08,landed,2024-05-08T03:35:00,2024-05-08T07:05:00,,,,,,,,
0,HAT128,BOS,LAS,03:00:00,07:00:00,240,2024-05-09,landed,2024-05-09T03:12:00,2024-05-09T06:37:00,,,,,,,,
0,HAT128,BOS,LAS,03:00:00,07:00:00,240,2024-05-10,landed,2024-05-10T03:23:00,2024-05-10T06:43:00,,,,,,,,
0,HAT128,BOS,LAS,03:00:00,07:00:00,240,2024-05-11,landed,2024-05-11T03:01:00,2024-05-11T06:38:00,,,,,,,,
0,HAT128,BOS,LAS,03:00:00,07:00:00,240,2024-05-12,landed,2024-05-12T02:45:00,2024-05-12T07:20:00,,,,,,,,
0,HAT128,BOS,LAS,03:00:00,07:00:00,240,2024-05-13,landed,2024-05-13T03:37:00,2024-05-13T07:34:00,,,,,,,,
0,HAT128,BOS,LAS,03:00:00,07:00:00,240,2024-05-14,landed,2024-05-14T03:18:00,2024-05-14T07:45:00,,,,,,,,
0,HAT128,BOS,LAS,03:00:00,07:00:00,240,2024-05-15,landed,2024-05-15T03:38:00,2024-05-15T07:18:00,,,,,,,,
0,HAT128,BOS,LAS,03:00:00,07:00:00,240,2024-05-16,available,,,,,8.0,16.0,4.0,90.0,132.0,302.0
0,HAT128,BOS,LAS,03:00:00,07:00:00,240,2024-05-17,available,,,,,3.0,13.0,11.0,69.0,114.0,468.0
0,HAT128,BOS,LAS,03:00:00,07:00:00,240,2024-05-18,available,,,,,17.0,9.0,20.0,67.0,183.0,233.0
0,HAT128,BOS,LAS,03:00:00,07:00:00,240,2024-05-19,available,,,,,15.0,6.0,4.0,66.0,124.0,272.0
0,HAT128,BOS,LAS,03:00:00,07:00:00,240,2024-05-20,available,,,,,6.0,4.0,11.0,90.0,132.0,498.0
0,HAT128,BOS,LAS,03:00:00,07:00:00,240,2024-05-21,available,,,,,5.0,13.0,4.0,51.0,159.0,205.0
0,HAT128,BOS,LAS,03:00:00,07:00:00,240,2024-05-22,available,,,,,16.0,3.0,6.0,98.0,177.0,433.0
0,HAT128,BOS,LAS,03:00:00,07:00:00,240,2024-05-23,available,,,,,16.0,16.0,1.0,52.0,160.0,230.0
0,HAT128,BOS,LAS,03:00:00,07:00:00,240,2024-05-24,available,,,,,2.0,5.0,6.0,73.0,176.0,352.0
0,HAT128,BOS,LAS,03:00:00,07:00:00,240,2024-05-25,available,,,,,14.0,18.0,18.0,85.0,111.0,395.0
0,HAT128,BOS,LAS,03:00:00,07:00:00,240,2024-05-26,available,,,,,1.0,0.0,7.0,50.0,101.0,249.0
0,HAT128,BOS,LAS,03:00:00,07:00:00,240,2024-05-27,available,,,,,7.0,11.0,19.0,66.0,165.0,421.0
0,HAT128,BOS,LAS,03:00:00,07:00:00,240,2024-05-28,available,,,,,2.0,1.0,17.0,98.0,114.0,271.0
0,HAT128,BOS,LAS,03:00:00,07:00:00,240,2024-05-29,available,,,,,0.0,5.0,20.0,57.0,160.0,372.0
0,HAT128,BOS,LAS,03:00:00,07:00:00,240,2024-05-30,available,,,,,8.0,14.0,12.0,61.0,155.0,431.0
0,HAT129,BOS,LAS,15:00:00,19:00:00,240,2024-05-01,landed,2024-05-01T15:27:00,2024-05-01T19:49:00,,,,,,,,
0,HAT129,BOS,LAS,15:00:00,19:00:00,240,2024-05-02,landed,2024-05-02T15:28:00,2024-05-02T19:34:00,,,,,,,,
0,HAT129,BOS,LAS,15:00:00,19:00:00,240,2024-05-03,cancelled,,,,,,,,,,
0,HAT129,BOS,LAS,15:00:00,19:00:00,240,2024-05-04,landed,2024-05-04T15:39:00,2024-05-04T19:11:00,,,,,,,,
0,HAT129,BOS,LAS,15:00:00,19:00:00,240,2024-05-05,landed,2024-05-05T15:30:00,2024-05-05T18:54:00,,,,,,,,
0,HAT129,BOS,LAS,15:00:00,19:00:00,240,2024-05-06,landed,2024-05-06T15:31:00,2024-05-06T18:35:00,,,,,,,,
0,HAT129,BOS,LAS,15:00:00,19:00:00,240,2024-05-07,landed,2024-05-07T14:46:00,2024-05-07T19:38:00,,,,,,,,
0,HAT129,BOS,LAS,15:00:00,19:00:00,240,2024-05-08,landed,2024-05-08T15:11:00,2024-05-08T19:12:00,,,,,,,,
0,HAT129,BOS,LAS,15:00:00,19:00:00,240,2024-05-09,cancelled,,,,,,,,,,
0,HAT129,BOS,LAS,15:00:00,19:00:00,240,2024-05-10,landed,2024-05-10T15:28:00,2024-05-10T19:06:00,,,,,,,,
0,HAT129,BOS,LAS,15:00:00,19:00:00,240,2024-05-11,landed,2024-05-11T14:56:00,2024-05-11T18:38:00,,,,,,,,
0,HAT129,BOS,LAS,15:00:00,19:00:00,240,2024-05-12,landed,2024-05-12T14:52:00,2024-05-12T18:57:00,,,,,,,,
0,HAT129,BOS,LAS,15:00:00,19:00:00,240,2024-05-13,landed,2024-05-13T15:25:00,2024-05-13T18:44:00,,,,,,,,
0,HAT129,BOS,LAS,15:00:00,19:00:00,240,2024-05-14,landed,2024-05-14T15:27:00,2024-05-14T18:39:00,,,,,,,,
0,HAT129,BOS,LAS,15:00:00,19:00:00,240,2024-05-15,flying,2024-05-15T14:39:00,,,2024-05-15T19:27:00,,,,,,
0,HAT129,BOS,LAS,15:00:00,19:00:00,240,2024-05-16,available,,,,,12.0,18.0,3.0,64.0,180.0,348.0
0,HAT129,BOS,LAS,15:00:00,19:00:00,240,2024-05-17,available,,,,,0.0,20.0,17.0,75.0,166.0,234.0
0,HAT129,BOS,LAS,15:00:00,19:00:00,240,2024-05-18,available,,,,,12.0,6.0,4.0,76.0,187.0,298.0
0,HAT129,BOS,LAS,15:00:00,19:00:00,240,2024-05-19,available,,,,,17.0,11.0,9.0,89.0,119.0,393.0
0,HAT129,BOS,LAS,15:00:00,19:00:00,240,2024-05-20,available,,,,,17.0,12.0,19.0,52.0,151.0,448.0
0,HAT129,BOS,LAS,15:00:00,19:00:00,240,2024-05-21,available,,,,,2.0,10.0,17.0,83.0,140.0,325.0
0,HAT129,BOS,LAS,15:00:00,19:00:00,240,2024-05-22,available,,,,,4.0,9.0,15.0,61.0,187.0,256.0
0,HAT129,BOS,LAS,15:00:00,19:00:00,240,2024-05-23,available,,,,,19.0,16.0,17.0,57.0,185.0,398.0
0,HAT129,BOS,LAS,15:00:00,19:00:00,240,2024-05-24,available,,,,,9.0,7.0,14.0,79.0,132.0,493.0
0,HAT129,BOS,LAS,15:00:00,19:00:00,240,2024-05-25,available,,,,,8.0,3.0,2.0,69.0,130.0,403.0
0,HAT129,BOS,LAS,15:00:00,19:00:00,240,2024-05-26,available,,,,,7.0,13.0,4.0,90.0,103.0,237.0
0,HAT129,BOS,LAS,15:00:00,19:00:00,240,2024-05-27,available,,,,,2.0,1.0,6.0,69.0,143.0,389.0
0,HAT129,BOS,LAS,15:00:00,19:00:00,240,2024-05-28,available,,,,,17.0,6.0,1.0,82.0,179.0,300.0
0,HAT129,BOS,LAS,15:00:00,19:00:00,240,2024-05-29,available,,,,,11.0,17.0,15.0,76.0,138.0,220.0
0,HAT129,BOS,LAS,15:00:00,19:00:00,240,2024-05-30,available,,,,,12.0,17.0,8.0,88.0,153.0,497.0
0,HAT130,BOS,LAS,12:00:00,16:00:00,240,2024-05-01,landed,2024-05-01T12:01:00,2024-05-01T15:49:00,,,,,,,,
0,HAT130,BOS,LAS,12:00:00,16:00:00,240,2024-05-02,landed,2024-05-02T11:52:00,2024-05-02T16:11:00,,,,,,,,
0,HAT130,BOS,LAS,12:00:00,16:00:00,240,2024-05-03,landed,2024-05-03T12:00:00,2024-05-03T16:55:00,,,,,,,,
0,HAT130,BOS,LAS,12:00:00,16:00:00,240,2024-05-04,landed,2024-05-04T11:45:00,2024-05-04T15:41:00,,,,,,,,
0,HAT130,BOS,LAS,12:00:00,16:00:00,240,2024-05-05,landed,2024-05-05T12:32:00,2024-05-05T15:37:00,,,,,,,,
0,HAT130,BOS,LAS,12:00:00,16:00:00,240,2024-05-06,landed,2024-05-06T12:39:00,2024-05-06T15:58:00,,,,,,,,
0,HAT130,BOS,LAS,12:00:00,16:00:00,240,2024-05-07,landed,2024-05-07T12:28:00,2024-05-07T15:38:00,,,,,,,,
0,HAT130,BOS,LAS,12:00:00,16:00:00,240,2024-05-08,landed,2024-05-08T12:10:00,2024-05-08T16:26:00,,,,,,,,
0,HAT130,BOS,LAS,12:00:00,16:00:00,240,2024-05-09,landed,2024-05-09T12:02:00,2024-05-09T16:43:00,,,,,,,,
0,HAT130,BOS,LAS,12:00:00,16:00:00,240,2024-05-10,landed,2024-05-10T12:40:00,2024-05-10T16:49:00,,,,,,,,
0,HAT130,BOS,LAS,12:00:00,16:00:00,240,2024-05-11,landed,2024-05-11T12:18:00,2024-05-11T16:08:00,,,,,,,,
0,HAT130,BOS,LAS,12:00:00,16:00:00,240,2024-05-12,landed,2024-05-12T12:10:00,2024-05-12T15:44:00,,,,,,,,
0,HAT130,BOS,LAS,12:00:00,16:00:00,240,2024-05-13,landed,2024-05-13T11:49:00,2024-05-13T15:40:00,,,,,,,,
0,HAT130,BOS,LAS,12:00:00,16:00:00,240,2024-05-14,landed,2024-05-14T12:04:00,2024-05-14T16:34:00,,,,,,,,
0,HAT130,BOS,LAS,12:00:00,16:00:00,240,2024-05-15,flying,2024-05-15T11:49:00,,,2024-05-15T16:20:00,,,,,,
0,HAT130,BOS,LAS,12:00:00,16:00:00,240,2024-05-16,available,,,,,5.0,15.0,8.0,92.0,193.0,260.0
0,HAT130,BOS,LAS,12:00:00,16:00:00,240,2024-05-17,available,,,,,2.0,3.0,12.0,85.0,113.0,442.0
0,HAT130,BOS,LAS,12:00:00,16:00:00,240,2024-05-18,available,,,,,18.0,20.0,7.0,99.0,153.0,241.0
0,HAT130,BOS,LAS,12:00:00,16:00:00,240,2024-05-19,available,,,,,3.0,1.0,1.0,85.0,130.0,353.0
0,HAT130,BOS,LAS,12:00:00,16:00:00,240,2024-05-20,available,,,,,14.0,19.0,7.0,50.0,107.0,323.0
0,HAT130,BOS,LAS,12:00:00,16:00:00,240,2024-05-21,available,,,,,7.0,11.0,10.0,66.0,113.0,456.0
0,HAT130,BOS,LAS,12:00:00,16:00:00,240,2024-05-22,available,,,,,4.0,14.0,13.0,77.0,103.0,243.0
0,HAT130,BOS,LAS,12:00:00,16:00:00,240,2024-05-23,available,,,,,6.0,11.0,2.0,97.0,149.0,433.0
0,HAT130,BOS,LAS,12:00:00,16:00:00,240,2024-05-24,available,,,,,17.0,8.0,15.0,72.0,163.0,221.0
0,HAT130,BOS,LAS,12:00:00,16:00:00,240,2024-05-25,available,,,,,17.0,19.0,0.0,97.0,182.0,259.0
0,HAT130,BOS,LAS,12:00:00,16:00:00,240,2024-05-26,available,,,,,10.0,0.0,8.0,71.0,160.0,271.0
0,HAT130,BOS,LAS,12:00:00,16:00:00,240,2024-05-27,available,,,,,12.0,14.0,2.0,84.0,168.0,463.0
0,HAT130,BOS,LAS,12:00:00,16:00:00,240,2024-05-28,available,,,,,12.0,12.0,1.0,99.0,111.0,387.0
0,HAT130,BOS,LAS,12:00:00,16:00:00,240,2024-05-29,available,,,,,13.0,10.0,0.0,84.0,140.0,245.0
0,HAT130,BOS,LAS,12:00:00,16:00:00,240,2024-05-30,available,,,,,16.0,3.0,15.0,68.0,178.0,288.0
0,HAT131,DTW,JFK,00:00:00,03:00:00,180,2024-05-01,landed,2024-05-01T00:36:00,2024-05-01T02:40:00,,,,,,,,
0,HAT131,DTW,JFK,00:00:00,03:00:00,180,2024-05-02,landed,2024-05-02T00:21:00,2024-05-02T03:14:00,,,,,,,,
0,HAT131,DTW,JFK,00:00:00,03:00:00,180,2024-05-03,landed,2024-05-03T00:13:00,2024-05-03T03:03:00,,,,,,,,
0,HAT131,DTW,JFK,00:00:00,03:00:00,180,2024-05-04,landed,2024-05-04T00:00:00,2024-05-04T03:31:00,,,,,,,,
0,HAT131,DTW,JFK,00:00:00,03:00:00,180,2024-05-05,landed,2024-05-05T00:36:00,2024-05-05T03:27:00,,,,,,,,
0,HAT131,DTW,JFK,00:00:00,03:00:00,180,2024-05-06,landed,2024-05-06T00:31:00,2024-05-06T03:10:00,,,,,,,,
0,HAT131,DTW,JFK,00:00:00,03:00:00,180,2024-05-07,landed,2024-05-07T00:34:00,2024-05-07T02:52:00,,,,,,,,
0,HAT131,DTW,JFK,00:00:00,03:00:00,180,2024-05-08,landed,2024-05-08T00:00:00,2024-05-08T03:13:00,,,,,,,,
0,HAT131,DTW,JFK,00:00:00,03:00:00,180,2024-05-09,landed,2024-05-09T00:31:00,2024-05-09T03:40:00,,,,,,,,
0,HAT131,DTW,JFK,00:00:00,03:00:00,180,2024-05-10,landed,2024-05-10T00:00:00,2024-05-10T03:07:00,,,,,,,,
0,HAT131,DTW,JFK,00:00:00,03:00:00,180,2024-05-11,landed,2024-05-11T00:38:00,2024-05-11T03:55:00,,,,,,,,
0,HAT131,DTW,JFK,00:00:00,03:00:00,180,2024-05-12,landed,2024-05-12T00:00:00,2024-05-12T03:49:00,,,,,,,,
0,HAT131,DTW,JFK,00:00:00,03:00:00,180,2024-05-13,landed,2024-05-13T00:00:00,2024-05-13T03:36:00,,,,,,,,
0,HAT131,DTW,JFK,00:00:00,03:00:00,180,2024-05-14,landed,2024-05-14T00:09:00,2024-05-14T03:37:00,,,,,,,,
0,HAT131,DTW,JFK,00:00:00,03:00:00,180,2024-05-15,landed,2024-05-15T00:30:00,2024-05-15T02:50:00,,,,,,,,
0,HAT131,DTW,JFK,00:00:00,03:00:00,180,2024-05-16,available,,,,,1.0,19.0,15.0,66.0,136.0,256.0
0,HAT131,DTW,JFK,00:00:00,03:00:00,180,2024-05-17,available,,,,,6.0,19.0,10.0,96.0,192.0,342.0
0,HAT131,DTW,JFK,00:00:00,03:00:00,180,2024-05-18,available,,,,,11.0,19.0,12.0,63.0,157.0,380.0
0,HAT131,DTW,JFK,00:00:00,03:00:00,180,2024-05-19,available,,,,,1.0,12.0,13.0,69.0,156.0,332.0
0,HAT131,DTW,JFK,00:00:00,03:00:00,180,2024-05-20,available,,,,,15.0,11.0,10.0,54.0,136.0,380.0
0,HAT131,DTW,JFK,00:00:00,03:00:00,180,2024-05-21,available,,,,,12.0,14.0,7.0,76.0,106.0,434.0
0,HAT131,DTW,JFK,00:00:00,03:00:00,180,2024-05-22,available,,,,,6.0,1.0,0.0,53.0,142.0,495.0
0,HAT131,DTW,JFK,00:00:00,03:00:00,180,2024-05-23,available,,,,,16.0,9.0,0.0,67.0,199.0,296.0
0,HAT131,DTW,JFK,00:00:00,03:00:00,180,2024-05-24,available,,,,,1.0,3.0,18.0,100.0,187.0,227.0
0,HAT131,DTW,JFK,00:00:00,03:00:00,180,2024-05-25,available,,,,,9.0,19.0,6.0,90.0,133.0,281.0
0,HAT131,DTW,JFK,00:00:00,03:00:00,180,2024-05-26,available,,,,,6.0,16.0,0.0,83.0,126.0,223.0
0,HAT131,DTW,JFK,00:00:00,03:00:00,180,2024-05-27,available,,,,,18.0,17.0,1.0,71.0,139.0,279.0
0,HAT131,DTW,JFK,00:00:00,03:00:00,180,2024-05-28,available,,,,,20.0,6.0,12.0,98.0,173.0,373.0
0,HAT131,DTW,JFK,00:00:00,03:00:00,180,2024-05-29,available,,,,,3.0,5.0,18.0,94.0,105.0,221.0
0,HAT131,DTW,JFK,00:00:00,03:00:00,180,2024-05-30,available,,,,,14.0,17.0,11.0,85.0,138.0,263.0
0,HAT132,DTW,JFK,19:00:00,22:00:00,180,2024-05-01,landed,2024-05-01T19:18:00,2024-05-01T22:03:00,,,,,,,,
0,HAT132,DTW,JFK,19:00:00,22:00:00,180,2024-05-02,landed,2024-05-02T19:38:00,2024-05-02T22:16:00,,,,,,,,
0,HAT132,DTW,JFK,19:00:00,22:00:00,180,2024-05-03,landed,2024-05-03T19:35:00,2024-05-03T21:49:00,,,,,,,,
0,HAT132,DTW,JFK,19:00:00,22:00:00,180,2024-05-04,cancelled,,,,,,,,,,
0,HAT132,DTW,JFK,19:00:00,22:00:00,180,2024-05-05,cancelled,,,,,,,,,,
0,HAT132,DTW,JFK,19:00:00,22:00:00,180,2024-05-06,landed,2024-05-06T19:18:00,2024-05-06T22:12:00,,,,,,,,
0,HAT132,DTW,JFK,19:00:00,22:00:00,180,2024-05-07,landed,2024-05-07T19:36:00,2024-05-07T22:25:00,,,,,,,,
0,HAT132,DTW,JFK,19:00:00,22:00:00,180,2024-05-08,landed,2024-05-08T19:26:00,2024-05-08T22:24:00,,,,,,,,
0,HAT132,DTW,JFK,19:00:00,22:00:00,180,2024-05-09,landed,2024-05-09T19:33:00,2024-05-09T21:42:00,,,,,,,,
0,HAT132,DTW,JFK,19:00:00,22:00:00,180,2024-05-10,landed,2024-05-10T19:08:00,2024-05-10T22:16:00,,,,,,,,
0,HAT132,DTW,JFK,19:00:00,22:00:00,180,2024-05-11,cancelled,,,,,,,,,,
0,HAT132,DTW,JFK,19:00:00,22:00:00,180,2024-05-12,landed,2024-05-12T18:52:00,2024-05-12T21:50:00,,,,,,,,
0,HAT132,DTW,JFK,19:00:00,22:00:00,180,2024-05-13,landed,2024-05-13T19:17:00,2024-05-13T22:37:00,,,,,,,,
0,HAT132,DTW,JFK,19:00:00,22:00:00,180,2024-05-14,landed,2024-05-14T19:30:00,2024-05-14T22:27:00,,,,,,,,
0,HAT132,DTW,JFK,19:00:00,22:00:00,180,2024-05-15,delayed,,,2024-05-15T19:49:00,2024-05-15T23:48:00,,,,,,
0,HAT132,DTW,JFK,19:00:00,22:00:00,180,2024-05-16,available,,,,,7.0,11.0,8.0,60.0,164.0,214.0
0,HAT132,DTW,JFK,19:00:00,22:00:00,180,2024-05-17,available,,,,,2.0,15.0,13.0,55.0,109.0,497.0
0,HAT132,DTW,JFK,19:00:00,22:00:00,180,2024-05-18,available,,,,,7.0,4.0,9.0,60.0,102.0,476.0
0,HAT132,DTW,JFK,19:00:00,22:00:00,180,2024-05-19,available,,,,,15.0,14.0,20.0,77.0,193.0,398.0
0,HAT132,DTW,JFK,19:00:00,22:00:00,180,2024-05-20,available,,,,,9.0,8.0,18.0,69.0,191.0,407.0
0,HAT132,DTW,JFK,19:00:00,22:00:00,180,2024-05-21,available,,,,,9.0,18.0,18.0,88.0,136.0,479.0
0,HAT132,DTW,JFK,19:00:00,22:00:00,180,2024-05-22,available,,,,,7.0,6.0,4.0,76.0,101.0,202.0
0,HAT132,DTW,JFK,19:00:00,22:00:00,180,2024-05-23,available,,,,,13.0,6.0,16.0,67.0,200.0,376.0
0,HAT132,DTW,JFK,19:00:00,22:00:00,180,2024-05-24,available,,,,,3.0,20.0,7.0,72.0,175.0,208.0
0,HAT132,DTW,JFK,19:00:00,22:00:00,180,2024-05-25,available,,,,,5.0,4.0,10.0,78.0,100.0,254.0
0,HAT132,DTW,JFK,19:00:00,22:00:00,180,2024-05-26,available,,,,,8.0,14.0,10.0,93.0,157.0,372.0
0,HAT132,DTW,JFK,19:00:00,22:00:00,180,2024-05-27,available,,,,,0.0,5.0,4.0,67.0,176.0,201.0
0,HAT132,DTW,JFK,19:00:00,22:00:00,180,2024-05-28,available,,,,,0.0,7.0,3.0,82.0,172.0,266.0
0,HAT132,DTW,JFK,19:00:00,22:00:00,180,2024-05-29,available,,,,,4.0,17.0,1.0,62.0,119.0,387.0
0,HAT132,DTW,JFK,19:00:00,22:00:00,180,2024-05-30,available,,,,,6.0,19.0,14.0,51.0,169.0,345.0
0,HAT133,DTW,JFK,21:00:00,00:00:00+1,180,2024-05-01,landed,2024-05-01T21:29:00,2024-05-02T00:12:00,,,,,,,,
0,HAT133,DTW,JFK,21:00:00,00:00:00+1,180,2024-05-02,landed,2024-05-02T21:07:00,2024-05-02T23:42:00,,,,,,,,
0,HAT133,DTW,JFK,21:00:00,00:00:00+1,180,2024-05-03,landed,2024-05-03T21:32:00,2024-05-04T00:52:00,,,,,,,,
0,HAT133,DTW,JFK,21:00:00,00:00:00+1,180,2024-05-04,landed,2024-05-04T21:33:00,2024-05-05T00:17:00,,,,,,,,
0,HAT133,DTW,JFK,21:00:00,00:00:00+1,180,2024-05-05,landed,2024-05-05T21:36:00,2024-05-06T00:55:00,,,,,,,,
0,HAT133,DTW,JFK,21:00:00,00:00:00+1,180,2024-05-06,landed,2024-05-06T21:37:00,2024-05-06T23:42:00,,,,,,,,
0,HAT133,DTW,JFK,21:00:00,00:00:00+1,180,2024-05-07,landed,2024-05-07T21:04:00,2024-05-08T00:31:00,,,,,,,,
0,HAT133,DTW,JFK,21:00:00,00:00:00+1,180,2024-05-08,landed,2024-05-08T21:05:00,2024-05-09T00:37:00,,,,,,,,
0,HAT133,DTW,JFK,21:00:00,00:00:00+1,180,2024-05-09,landed,2024-05-09T21:33:00,2024-05-09T23:46:00,,,,,,,,
0,HAT133,DTW,JFK,21:00:00,00:00:00+1,180,2024-05-10,landed,2024-05-10T20:55:00,2024-05-11T00:39:00,,,,,,,,
0,HAT133,DTW,JFK,21:00:00,00:00:00+1,180,2024-05-11,landed,2024-05-11T21:39:00,2024-05-12T00:50:00,,,,,,,,
0,HAT133,DTW,JFK,21:00:00,00:00:00+1,180,2024-05-12,landed,2024-05-12T20:54:00,2024-05-13T00:48:00,,,,,,,,
0,HAT133,DTW,JFK,21:00:00,00:00:00+1,180,2024-05-13,landed,2024-05-13T21:39:00,2024-05-14T00:35:00,,,,,,,,
0,HAT133,DTW,JFK,21:00:00,00:00:00+1,180,2024-05-14,landed,2024-05-14T21:29:00,2024-05-15T00:14:00,,,,,,,,
0,HAT133,DTW,JFK,21:00:00,00:00:00+1,180,2024-05-15,delayed,,,2024-05-15T22:08:00,2024-05-16T01:56:00,,,,,,
0,HAT133,DTW,JFK,21:00:00,00:00:00+1,180,2024-05-16,available,,,,,2.0,15.0,1.0,77.0,178.0,276.0
0,HAT133,DTW,JFK,21:00:00,00:00:00+1,180,2024-05-17,available,,,,,8.0,8.0,19.0,90.0,136.0,292.0
0,HAT133,DTW,JFK,21:00:00,00:00:00+1,180,2024-05-18,available,,,,,18.0,2.0,16.0,88.0,108.0,343.0
0,HAT133,DTW,JFK,21:00:00,00:00:00+1,180,2024-05-19,available,,,,,17.0,10.0,17.0,73.0,195.0,406.0
0,HAT133,DTW,JFK,21:00:00,00:00:00+1,180,2024-05-20,available,,,,,13.0,10.0,11.0,83.0,116.0,398.0
0,HAT133,DTW,JFK,21:00:00,00:00:00+1,180,2024-05-21,available,,,,,20.0,14.0,8.0,59.0,133.0,216.0
0,HAT133,DTW,JFK,21:00:00,00:00:00+1,180,2024-05-22,available,,,,,0.0,9.0,14.0,59.0,168.0,344.0
0,HAT133,DTW,JFK,21:00:00,00:00:00+1,180,2024-05-23,available,,,,,19.0,13.0,1.0,66.0,170.0,383.0
0,HAT133,DTW,JFK,21:00:00,00:00:00+1,180,2024-05-24,available,,,,,7.0,12.0,9.0,64.0,120.0,217.0
0,HAT133,DTW,JFK,21:00:00,00:00:00+1,180,2024-05-25,available,,,,,3.0,9.0,11.0,98.0,148.0,427.0
0,HAT133,DTW,JFK,21:00:00,00:00:00+1,180,2024-05-26,available,,,,,9.0,17.0,14.0,93.0,161.0,214.0
0,HAT133,DTW,JFK,21:00:00,00:00:00+1,180,2024-05-27,available,,,,,3.0,9.0,19.0,51.0,143.0,410.0
0,HAT133,DTW,JFK,21:00:00,00:00:00+1,180,2024-05-28,available,,,,,11.0,14.0,5.0,83.0,164.0,269.0
0,HAT133,DTW,JFK,21:00:00,00:00:00+1,180,2024-05-29,available,,,,,9.0,12.0,4.0,50.0,112.0,297.0
0,HAT133,DTW,JFK,21:00:00,00:00:00+1,180,2024-05-30,available,,,,,12.0,20.0,7.0,60.0,147.0,387.0
0,HAT134,PHX,ATL,10:00:00,14:00:00,240,2024-05-01,cancelled,,,,,,,,,,
0,HAT134,PHX,ATL,10:00:00,14:00:00,240,2024-05-02,landed,2024-05-02T09:46:00,2024-05-02T14:49:00,,,,,,,,
0,HAT134,PHX,ATL,10:00:00,14:00:00,240,2024-05-03,landed,2024-05-03T10:29:00,2024-05-03T14:45:00,,,,,,,,
0,HAT134,PHX,ATL,10:00:00,14:00:00,240,2024-05-04,landed,2024-05-04T10:02:00,2024-05-04T14:07:00,,,,,,,,
0,HAT134,PHX,ATL,10:00:00,14:00:00,240,2024-05-05,landed,2024-05-05T10:35:00,2024-05-05T13:36:00,,,,,,,,
0,HAT134,PHX,ATL,10:00:00,14:00:00,240,2024-05-06,landed,2024-05-06T09:55:00,2024-05-06T13:50:00,,,,,,,,
0,HAT134,PHX,ATL,10:00:00,14:00:00,240,2024-05-07,landed,2024-05-07T10:15:00,2024-05-07T14:16:00,,,,,,,,
0,HAT134,PHX,ATL,10:00:00,14:00:00,240,2024-05-08,landed,2024-05-08T10:15:00,2024-05-08T14:00:00,,,,,,,,
0,HAT134,PHX,ATL,10:00:00,14:00:00,240,2024-05-09,landed,2024-05-09T09:58:00,2024-05-09T14:54:00,,,,,,,,
0,HAT134,PHX,ATL,10:00:00,14:00:00,240,2024-05-10,landed,2024-05-10T10:14:00,2024-05-10T14:43:00,,,,,,,,
0,HAT134,PHX,ATL,10:00:00,14:00:00,240,2024-05-11,landed,2024-05-11T09:57:00,2024-05-11T14:39:00,,,,,,,,
0,HAT134,PHX,ATL,10:00:00,14:00:00,240,2024-05-12,landed,2024-05-12T09:42:00,2024-05-12T14:20:00,,,,,,,,
0,HAT134,PHX,ATL,10:00:00,14:00:00,240,2024-05-13,landed,2024-05-13T10:23:00,2024-05-13T14:23:00,,,,,,,,
0,HAT134,PHX,ATL,10:00:00,14:00:00,240,2024-05-14,landed,2024-05-14T09:51:00,2024-05-14T14:43:00,,,,,,,,
0,HAT134,PHX,ATL,10:00:00,14:00:00,240,2024-05-15,landed,2024-05-15T10:34:00,2024-05-15T14:08:00,,,,,,,,
0,HAT134,PHX,ATL,10:00:00,14:00:00,240,2024-05-16,available,,,,,0.0,12.0,4.0,59.0,137.0,378.0
0,HAT134,PHX,ATL,10:00:00,14:00:00,240,2024-05-17,available,,,,,19.0,4.0,3.0,70.0,174.0,212.0
0,HAT134,PHX,ATL,10:00:00,14:00:00,240,2024-05-18,available,,,,,0.0,2.0,0.0,54.0,107.0,397.0
0,HAT134,PHX,ATL,10:00:00,14:00:00,240,2024-05-19,available,,,,,1.0,1.0,4.0,63.0,151.0,370.0
0,HAT134,PHX,ATL,10:00:00,14:00:00,240,2024-05-20,available,,,,,14.0,16.0,15.0,78.0,176.0,460.0
0,HAT134,PHX,ATL,10:00:00,14:00:00,240,2024-05-21,available,,,,,3.0,1.0,7.0,58.0,100.0,283.0
0,HAT134,PHX,ATL,10:00:00,14:00:00,240,2024-05-22,available,,,,,18.0,18.0,5.0,54.0,181.0,357.0
0,HAT134,PHX,ATL,10:00:00,14:00:00,240,2024-05-23,available,,,,,18.0,7.0,12.0,100.0,115.0,244.0
0,HAT134,PHX,ATL,10:00:00,14:00:00,240,2024-05-24,available,,,,,11.0,0.0,7.0,59.0,122.0,356.0
0,HAT134,PHX,ATL,10:00:00,14:00:00,240,2024-05-25,available,,,,,18.0,11.0,20.0,62.0,159.0,426.0
0,HAT134,PHX,ATL,10:00:00,14:00:00,240,2024-05-26,available,,,,,2.0,5.0,16.0,70.0,131.0,454.0
0,HAT134,PHX,ATL,10:00:00,14:00:00,240,2024-05-27,available,,,,,5.0,19.0,17.0,79.0,107.0,309.0
0,HAT134,PHX,ATL,10:00:00,14:00:00,240,2024-05-28,available,,,,,15.0,0.0,15.0,69.0,182.0,441.0
0,HAT134,PHX,ATL,10:00:00,14:00:00,240,2024-05-29,available,,,,,9.0,11.0,4.0,53.0,186.0,445.0
0,HAT134,PHX,ATL,10:00:00,14:00:00,240,2024-05-30,available,,,,,3.0,0.0,7.0,87.0,129.0,214.0
0,HAT135,JFK,BOS,23:00:00,03:00:00+1,240,2024-05-01,landed,2024-05-01T22:51:00,2024-05-02T02:57:00,,,,,,,,
0,HAT135,JFK,BOS,23:00:00,03:00:00+1,240,2024-05-02,landed,2024-05-02T23:38:00,2024-05-03T02:45:00,,,,,,,,
0,HAT135,JFK,BOS,23:00:00,03:00:00+1,240,2024-05-03,landed,2024-05-03T23:27:00,2024-05-04T03:09:00,,,,,,,,
0,HAT135,JFK,BOS,23:00:00,03:00:00+1,240,2024-05-04,landed,2024-05-04T23:07:00,2024-05-05T03:36:00,,,,,,,,
0,HAT135,JFK,BOS,23:00:00,03:00:00+1,240,2024-05-05,landed,2024-05-05T23:33:00,2024-05-06T02:54:00,,,,,,,,
0,HAT135,JFK,BOS,23:00:00,03:00:00+1,240,2024-05-06,landed,2024-05-06T22:57:00,2024-05-07T02:47:00,,,,,,,,
0,HAT135,JFK,BOS,23:00:00,03:00:00+1,240,2024-05-07,landed,2024-05-07T23:26:00,2024-05-08T03:40:00,,,,,,,,
0,HAT135,JFK,BOS,23:00:00,03:00:00+1,240,2024-05-08,landed,2024-05-08T23:08:00,2024-05-09T03:43:00,,,,,,,,
0,HAT135,JFK,BOS,23:00:00,03:00:00+1,240,2024-05-09,landed,2024-05-09T22:43:00,2024-05-10T03:51:00,,,,,,,,
0,HAT135,JFK,BOS,23:00:00,03:00:00+1,240,2024-05-10,landed,2024-05-10T22:50:00,2024-05-11T03:07:00,,,,,,,,
0,HAT135,JFK,BOS,23:00:00,03:00:00+1,240,2024-05-11,landed,2024-05-11T23:25:00,2024-05-12T03:50:00,,,,,,,,
0,HAT135,JFK,BOS,23:00:00,03:00:00+1,240,2024-05-12,landed,2024-05-12T23:32:00,2024-05-13T03:36:00,,,,,,,,
0,HAT135,JFK,BOS,23:00:00,03:00:00+1,240,2024-05-13,landed,2024-05-13T23:18:00,2024-05-14T02:50:00,,,,,,,,
0,HAT135,JFK,BOS,23:00:00,03:00:00+1,240,2024-05-14,landed,2024-05-14T22:47:00,2024-05-15T02:45:00,,,,,,,,
0,HAT135,JFK,BOS,23:00:00,03:00:00+1,240,2024-05-15,on time,,,2024-05-15T23:12:00,2024-05-16T03:15:00,,,,,,
0,HAT135,JFK,BOS,23:00:00,03:00:00+1,240,2024-05-16,available,,,,,5.0,20.0,15.0,78.0,115.0,235.0
0,HAT135,JFK,BOS,23:00:00,03:00:00+1,240,2024-05-17,available,,,,,0.0,4.0,7.0,86.0,158.0,257.0
0,HAT135,JFK,BOS,23:00:00,03:00:00+1,240,2024-05-18,available,,,,,17.0,2.0,14.0,75.0,154.0,324.0
0,HAT135,JFK,BOS,23:00:00,03:00:00+1,240,2024-05-19,available,,,,,1.0,19.0,14.0,60.0,107.0,242.0
0,HAT135,JFK,BOS,23:00:00,03:00:00+1,240,2024-05-20,available,,,,,13.0,0.0,6.0,67.0,115.0,358.0
0,HAT135,JFK,BOS,23:00:00,03:00:00+1,240,2024-05-21,available,,,,,6.0,18.0,6.0,95.0,132.0,336.0
0,HAT135,JFK,BOS,23:00:00,03:00:00+1,240,2024-05-22,available,,,,,16.0,16.0,4.0,54.0,104.0,223.0
0,HAT135,JFK,BOS,23:00:00,03:00:00+1,240,2024-05-23,available,,,,,8.0,10.0,12.0,73.0,106.0,460.0
0,HAT135,JFK,BOS,23:00:00,03:00:00+1,240,2024-05-24,available,,,,,3.0,2.0,13.0,86.0,130.0,400.0
0,HAT135,JFK,BOS,23:00:00,03:00:00+1,240,2024-05-25,available,,,,,3.0,3.0,5.0,73.0,195.0,208.0
0,HAT135,JFK,BOS,23:00:00,03:00:00+1,240,2024-05-26,available,,,,,2.0,19.0,7.0,79.0,104.0,201.0
0,HAT135,JFK,BOS,23:00:00,03:00:00+1,240,2024-05-27,available,,,,,0.0,4.0,5.0,71.0,146.0,251.0
0,HAT135,JFK,BOS,23:00:00,03:00:00+1,240,2024-05-28,available,,,,,2.0,9.0,13.0,82.0,132.0,230.0
0,HAT135,JFK,BOS,23:00:00,03:00:00+1,240,2024-05-29,available,,,,,8.0,0.0,0.0,98.0,114.0,235.0
0,HAT135,JFK,BOS,23:00:00,03:00:00+1,240,2024-05-30,available,,,,,15.0,6.0,14.0,81.0,134.0,220.0
0,HAT136,JFK,BOS,23:00:00,03:00:00+1,240,2024-05-01,landed,2024-05-01T23:35:00,2024-05-02T03:17:00,,,,,,,,
0,HAT136,JFK,BOS,23:00:00,03:00:00+1,240,2024-05-02,cancelled,,,,,,,,,,
0,HAT136,JFK,BOS,23:00:00,03:00:00+1,240,2024-05-03,landed,2024-05-03T22:55:00,2024-05-04T02:44:00,,,,,,,,
0,HAT136,JFK,BOS,23:00:00,03:00:00+1,240,2024-05-04,landed,2024-05-04T23:35:00,2024-05-05T02:42:00,,,,,,,,
0,HAT136,JFK,BOS,23:00:00,03:00:00+1,240,2024-05-05,landed,2024-05-05T22:53:00,2024-05-06T03:34:00,,,,,,,,
0,HAT136,JFK,BOS,23:00:00,03:00:00+1,240,2024-05-06,landed,2024-05-06T23:00:00,2024-05-07T03:23:00,,,,,,,,
0,HAT136,JFK,BOS,23:00:00,03:00:00+1,240,2024-05-07,landed,2024-05-07T22:57:00,2024-05-08T03:27:00,,,,,,,,
0,HAT136,JFK,BOS,23:00:00,03:00:00+1,240,2024-05-08,landed,2024-05-08T22:57:00,2024-05-09T03:42:00,,,,,,,,
0,HAT136,JFK,BOS,23:00:00,03:00:00+1,240,2024-05-09,landed,2024-05-09T23:11:00,2024-05-10T03:10:00,,,,,,,,
0,HAT136,JFK,BOS,23:00:00,03:00:00+1,240,2024-05-10,cancelled,,,,,,,,,,
0,HAT136,JFK,BOS,23:00:00,03:00:00+1,240,2024-05-11,landed,2024-05-11T23:11:00,2024-05-12T02:52:00,,,,,,,,
0,HAT136,JFK,BOS,23:00:00,03:00:00+1,240,2024-05-12,landed,2024-05-12T22:57:00,2024-05-13T02:37:00,,,,,,,,
0,HAT136,JFK,BOS,23:00:00,03:00:00+1,240,2024-05-13,cancelled,,,,,,,,,,
0,HAT136,JFK,BOS,23:00:00,03:00:00+1,240,2024-05-14,landed,2024-05-14T23:23:00,2024-05-15T03:07:00,,,,,,,,
0,HAT136,JFK,BOS,23:00:00,03:00:00+1,240,2024-05-15,on time,,,2024-05-15T22:47:00,2024-05-16T02:34:00,,,,,,
0,HAT136,JFK,BOS,23:00:00,03:00:00+1,240,2024-05-16,available,,,,,12.0,8.0,14.0,82.0,200.0,296.0
0,HAT136,JFK,BOS,23:00:00,03:00:00+1,240,2024-05-17,available,,,,,9.0,20.0,10.0,57.0,128.0,229.0
0,HAT136,JFK,BOS,23:00:00,03:00:00+1,240,2024-05-18,available,,,,,1.0,4.0,17.0,54.0,151.0,392.0
0,HAT136,JFK,BOS,23:00:00,03:00:00+1,240,2024-05-19,available,,,,,13.0,1.0,3.0,50.0,137.0,339.0
0,HAT136,JFK,BOS,23:00:00,03:00:00+1,240,2024-05-20,available,,,,,6.0,11.0,17.0,82.0,144.0,371.0
0,HAT136,JFK,BOS,23:00:00,03:00:00+1,240,2024-05-21,available,,,,,18.0,2.0,4.0,60.0,170.0,374.0
0,HAT136,JFK,BOS,23:00:00,03:00:00+1,240,2024-05-22,available,,,,,7.0,2.0,19.0,59.0,101.0,314.0
0,HAT136,JFK,BOS,23:00:00,03:00:00+1,240,2024-05-23,available,,,,,7.0,9.0,16.0,64.0,151.0,318.0
0,HAT136,JFK,BOS,23:00:00,03:00:00+1,240,2024-05-24,available,,,,,15.0,6.0,5.0,97.0,160.0,322.0
0,HAT136,JFK,BOS,23:00:00,03:00:00+1,240,2024-05-25,available,,,,,13.0,15.0,19.0,59.0,197.0,391.0
0,HAT136,JFK,BOS,23:00:00,03:00:00+1,240,2024-05-26,available,,,,,5.0,7.0,16.0,100.0,196.0,366.0
0,HAT136,JFK,BOS,23:00:00,03:00:00+1,240,2024-05-27,available,,,,,17.0,1.0,1.0,89.0,130.0,209.0
0,HAT136,JFK,BOS,23:00:00,03:00:00+1,240,2024-05-28,available,,,,,11.0,9.0,19.0,65.0,112.0,251.0
0,HAT136,JFK,BOS,23:00:00,03:00:00+1,240,2024-05-29,available,,,,,16.0,14.0,7.0,92.0,127.0,203.0
0,HAT136,JFK,BOS,23:00:00,03:00:00+1,240,2024-05-30,available,,,,,19.0,5.0,8.0,97.0,148.0,357.0
0,HAT137,JFK,BOS,15:00:00,19:00:00,240,2024-05-01,landed,2024-05-01T14:59:00,2024-05-01T18:37:00,,,,,,,,
0,HAT137,JFK,BOS,15:00:00,19:00:00,240,2024-05-02,landed,2024-05-02T14:52:00,2024-05-02T19:39:00,,,,,,,,
0,HAT137,JFK,BOS,15:00:00,19:00:00,240,2024-05-03,cancelled,,,,,,,,,,
0,HAT137,JFK,BOS,15:00:00,19:00:00,240,2024-05-04,landed,2024-05-04T15:26:00,2024-05-04T18:47:00,,,,,,,,
0,HAT137,JFK,BOS,15:00:00,19:00:00,240,2024-05-05,landed,2024-05-05T15:03:00,2024-05-05T19:45:00,,,,,,,,
0,HAT137,JFK,BOS,15:00:00,19:00:00,240,2024-05-06,landed,2024-05-06T14:49:00,2024-05-06T18:44:00,,,,,,,,
0,HAT137,JFK,BOS,15:00:00,19:00:00,240,2024-05-07,landed,2024-05-07T15:26:00,2024-05-07T19:00:00,,,,,,,,
0,HAT137,JFK,BOS,15:00:00,19:00:00,240,2024-05-08,landed,2024-05-08T14:55:00,2024-05-08T19:21:00,,,,,,,,
0,HAT137,JFK,BOS,15:00:00,19:00:00,240,2024-05-09,landed,2024-05-09T15:07:00,2024-05-09T19:02:00,,,,,,,,
0,HAT137,JFK,BOS,15:00:00,19:00:00,240,2024-05-10,cancelled,,,,,,,,,,
0,HAT137,JFK,BOS,15:00:00,19:00:00,240,2024-05-11,landed,2024-05-11T14:41:00,2024-05-11T18:57:00,,,,,,,,
0,HAT137,JFK,BOS,15:00:00,19:00:00,240,2024-05-12,landed,2024-05-12T14:54:00,2024-05-12T18:45:00,,,,,,,,
0,HAT137,JFK,BOS,15:00:00,19:00:00,240,2024-05-13,landed,2024-05-13T15:19:00,2024-05-13T19:14:00,,,,,,,,
0,HAT137,JFK,BOS,15:00:00,19:00:00,240,2024-05-14,landed,2024-05-14T14:45:00,2024-05-14T19:53:00,,,,,,,,
0,HAT137,JFK,BOS,15:00:00,19:00:00,240,2024-05-15,flying,2024-05-15T14:36:00,,,2024-05-15T18:50:00,,,,,,
0,HAT137,JFK,BOS,15:00:00,19:00:00,240,2024-05-16,available,,,,,1.0,20.0,10.0,74.0,134.0,497.0
0,HAT137,JFK,BOS,15:00:00,19:00:00,240,2024-05-17,available,,,,,0.0,15.0,20.0,91.0,148.0,337.0
0,HAT137,JFK,BOS,15:00:00,19:00:00,240,2024-05-18,available,,,,,12.0,6.0,15.0,99.0,138.0,414.0
0,HAT137,JFK,BOS,15:00:00,19:00:00,240,2024-05-19,available,,,,,5.0,10.0,11.0,70.0,113.0,403.0
0,HAT137,JFK,BOS,15:00:00,19:00:00,240,2024-05-20,available,,,,,18.0,13.0,16.0,55.0,154.0,225.0
0,HAT137,JFK,BOS,15:00:00,19:00:00,240,2024-05-21,available,,,,,5.0,2.0,3.0,88.0,200.0,369.0
0,HAT137,JFK,BOS,15:00:00,19:00:00,240,2024-05-22,available,,,,,19.0,20.0,16.0,58.0,139.0,268.0
0,HAT137,JFK,BOS,15:00:00,19:00:00,240,2024-05-23,available,,,,,13.0,6.0,16.0,65.0,108.0,343.0
0,HAT137,JFK,BOS,15:00:00,19:00:00,240,2024-05-24,available,,,,,10.0,11.0,18.0,56.0,121.0,455.0
0,HAT137,JFK,BOS,15:00:00,19:00:00,240,2024-05-25,available,,,,,20.0,1.0,17.0,73.0,110.0,429.0
0,HAT137,JFK,BOS,15:00:00,19:00:00,240,2024-05-26,available,,,,,1.0,4.0,7.0,55.0,178.0,393.0
0,HAT137,JFK,BOS,15:00:00,19:00:00,240,2024-05-27,available,,,,,10.0,3.0,0.0,67.0,178.0,279.0
0,HAT137,JFK,BOS,15:00:00,19:00:00,240,2024-05-28,available,,,,,18.0,14.0,0.0,100.0,149.0,472.0
0,HAT137,JFK,BOS,15:00:00,19:00:00,240,2024-05-29,available,,,,,4.0,7.0,0.0,70.0,181.0,366.0
0,HAT137,JFK,BOS,15:00:00,19:00:00,240,2024-05-30,available,,,,,7.0,6.0,16.0,87.0,165.0,431.0
0,HAT138,JFK,BOS,14:00:00,18:00:00,240,2024-05-01,landed,2024-05-01T13:41:00,2024-05-01T17:44:00,,,,,,,,
0,HAT138,JFK,BOS,14:00:00,18:00:00,240,2024-05-02,landed,2024-05-02T14:14:00,2024-05-02T18:43:00,,,,,,,,
0,HAT138,JFK,BOS,14:00:00,18:00:00,240,2024-05-03,landed,2024-05-03T14:18:00,2024-05-03T17:56:00,,,,,,,,
0,HAT138,JFK,BOS,14:00:00,18:00:00,240,2024-05-04,landed,2024-05-04T14:13:00,2024-05-04T18:53:00,,,,,,,,
0,HAT138,JFK,BOS,14:00:00,18:00:00,240,2024-05-05,landed,2024-05-05T14:09:00,2024-05-05T18:17:00,,,,,,,,
0,HAT138,JFK,BOS,14:00:00,18:00:00,240,2024-05-06,landed,2024-05-06T14:16:00,2024-05-06T17:56:00,,,,,,,,
0,HAT138,JFK,BOS,14:00:00,18:00:00,240,2024-05-07,landed,2024-05-07T14:25:00,2024-05-07T18:49:00,,,,,,,,
0,HAT138,JFK,BOS,14:00:00,18:00:00,240,2024-05-08,landed,2024-05-08T13:59:00,2024-05-08T17:40:00,,,,,,,,
0,HAT138,JFK,BOS,14:00:00,18:00:00,240,2024-05-09,landed,2024-05-09T13:44:00,2024-05-09T18:52:00,,,,,,,,
0,HAT138,JFK,BOS,14:00:00,18:00:00,240,2024-05-10,landed,2024-05-10T14:14:00,2024-05-10T18:14:00,,,,,,,,
0,HAT138,JFK,BOS,14:00:00,18:00:00,240,2024-05-11,landed,2024-05-11T14:15:00,2024-05-11T18:30:00,,,,,,,,
0,HAT138,JFK,BOS,14:00:00,18:00:00,240,2024-05-12,landed,2024-05-12T13:50:00,2024-05-12T17:51:00,,,,,,,,
0,HAT138,JFK,BOS,14:00:00,18:00:00,240,2024-05-13,landed,2024-05-13T13:46:00,2024-05-13T18:10:00,,,,,,,,
0,HAT138,JFK,BOS,14:00:00,18:00:00,240,2024-05-14,landed,2024-05-14T13:58:00,2024-05-14T18:12:00,,,,,,,,
0,HAT138,JFK,BOS,14:00:00,18:00:00,240,2024-05-15,flying,2024-05-15T14:23:00,,,2024-05-15T17:54:00,,,,,,
0,HAT138,JFK,BOS,14:00:00,18:00:00,240,2024-05-16,available,,,,,3.0,7.0,12.0,65.0,120.0,433.0
0,HAT138,JFK,BOS,14:00:00,18:00:00,240,2024-05-17,available,,,,,16.0,11.0,7.0,78.0,195.0,462.0
0,HAT138,JFK,BOS,14:00:00,18:00:00,240,2024-05-18,available,,,,,8.0,9.0,16.0,63.0,172.0,331.0
0,HAT138,JFK,BOS,14:00:00,18:00:00,240,2024-05-19,available,,,,,4.0,8.0,15.0,85.0,145.0,244.0
0,HAT138,JFK,BOS,14:00:00,18:00:00,240,2024-05-20,available,,,,,9.0,19.0,0.0,87.0,152.0,300.0
0,HAT138,JFK,BOS,14:00:00,18:00:00,240,2024-05-21,available,,,,,3.0,13.0,15.0,54.0,106.0,438.0
0,HAT138,JFK,BOS,14:00:00,18:00:00,240,2024-05-22,available,,,,,2.0,7.0,8.0,64.0,128.0,242.0
0,HAT138,JFK,BOS,14:00:00,18:00:00,240,2024-05-23,available,,,,,19.0,5.0,9.0,70.0,108.0,500.0
0,HAT138,JFK,BOS,14:00:00,18:00:00,240,2024-05-24,available,,,,,20.0,6.0,18.0,72.0,153.0,359.0
0,HAT138,JFK,BOS,14:00:00,18:00:00,240,2024-05-25,available,,,,,15.0,18.0,1.0,66.0,137.0,238.0
0,HAT138,JFK,BOS,14:00:00,18:00:00,240,2024-05-26,available,,,,,7.0,9.0,16.0,90.0,141.0,207.0
0,HAT138,JFK,BOS,14:00:00,18:00:00,240,2024-05-27,available,,,,,1.0,1.0,19.0,72.0,172.0,452.0
0,HAT138,JFK,BOS,14:00:00,18:00:00,240,2024-05-28,available,,,,,9.0,10.0,17.0,77.0,129.0,278.0
0,HAT138,JFK,BOS,14:00:00,18:00:00,240,2024-05-29,available,,,,,20.0,12.0,10.0,89.0,131.0,261.0
0,HAT138,JFK,BOS,14:00:00,18:00:00,240,2024-05-30,available,,,,,14.0,14.0,1.0,60.0,107.0,201.0
0,HAT139,JFK,BOS,15:00:00,19:00:00,240,2024-05-01,landed,2024-05-01T15:28:00,2024-05-01T19:50:00,,,,,,,,
0,HAT139,JFK,BOS,15:00:00,19:00:00,240,2024-05-02,landed,2024-05-02T15:26:00,2024-05-02T19:46:00,,,,,,,,
0,HAT139,JFK,BOS,15:00:00,19:00:00,240,2024-05-03,landed,2024-05-03T15:16:00,2024-05-03T18:52:00,,,,,,,,
0,HAT139,JFK,BOS,15:00:00,19:00:00,240,2024-05-04,landed,2024-05-04T14:58:00,2024-05-04T18:53:00,,,,,,,,
0,HAT139,JFK,BOS,15:00:00,19:00:00,240,2024-05-05,landed,2024-05-05T15:40:00,2024-05-05T19:04:00,,,,,,,,
0,HAT139,JFK,BOS,15:00:00,19:00:00,240,2024-05-06,landed,2024-05-06T14:46:00,2024-05-06T18:43:00,,,,,,,,
0,HAT139,JFK,BOS,15:00:00,19:00:00,240,2024-05-07,landed,2024-05-07T15:37:00,2024-05-07T19:52:00,,,,,,,,
0,HAT139,JFK,BOS,15:00:00,19:00:00,240,2024-05-08,landed,2024-05-08T15:27:00,2024-05-08T18:49:00,,,,,,,,
0,HAT139,JFK,BOS,15:00:00,19:00:00,240,2024-05-09,landed,2024-05-09T14:45:00,2024-05-09T19:46:00,,,,,,,,
0,HAT139,JFK,BOS,15:00:00,19:00:00,240,2024-05-10,landed,2024-05-10T15:07:00,2024-05-10T19:42:00,,,,,,,,
0,HAT139,JFK,BOS,15:00:00,19:00:00,240,2024-05-11,landed,2024-05-11T15:18:00,2024-05-11T19:11:00,,,,,,,,
0,HAT139,JFK,BOS,15:00:00,19:00:00,240,2024-05-12,cancelled,,,,,,,,,,
0,HAT139,JFK,BOS,15:00:00,19:00:00,240,2024-05-13,landed,2024-05-13T15:00:00,2024-05-13T19:20:00,,,,,,,,
0,HAT139,JFK,BOS,15:00:00,19:00:00,240,2024-05-14,landed,2024-05-14T15:14:00,2024-05-14T18:44:00,,,,,,,,
0,HAT139,JFK,BOS,15:00:00,19:00:00,240,2024-05-15,flying,2024-05-15T14:56:00,,,2024-05-15T19:21:00,,,,,,
0,HAT139,JFK,BOS,15:00:00,19:00:00,240,2024-05-16,available,,,,,13.0,16.0,15.0,73.0,101.0,326.0
0,HAT139,JFK,BOS,15:00:00,19:00:00,240,2024-05-17,available,,,,,0.0,13.0,17.0,89.0,159.0,338.0
0,HAT139,JFK,BOS,15:00:00,19:00:00,240,2024-05-18,available,,,,,12.0,20.0,14.0,82.0,187.0,342.0
0,HAT139,JFK,BOS,15:00:00,19:00:00,240,2024-05-19,available,,,,,20.0,3.0,7.0,63.0,162.0,363.0
0,HAT139,JFK,BOS,15:00:00,19:00:00,240,2024-05-20,available,,,,,17.0,4.0,0.0,91.0,172.0,238.0
0,HAT139,JFK,BOS,15:00:00,19:00:00,240,2024-05-21,available,,,,,19.0,12.0,7.0,50.0,145.0,325.0
0,HAT139,JFK,BOS,15:00:00,19:00:00,240,2024-05-22,available,,,,,18.0,1.0,9.0,81.0,129.0,493.0
0,HAT139,JFK,BOS,15:00:00,19:00:00,240,2024-05-23,available,,,,,0.0,11.0,18.0,93.0,119.0,306.0
0,HAT139,JFK,BOS,15:00:00,19:00:00,240,2024-05-24,available,,,,,5.0,9.0,13.0,96.0,110.0,375.0
0,HAT139,JFK,BOS,15:00:00,19:00:00,240,2024-05-25,available,,,,,6.0,9.0,19.0,76.0,164.0,220.0
0,HAT139,JFK,BOS,15:00:00,19:00:00,240,2024-05-26,available,,,,,15.0,18.0,18.0,53.0,116.0,380.0
0,HAT139,JFK,BOS,15:00:00,19:00:00,240,2024-05-27,available,,,,,18.0,16.0,7.0,97.0,182.0,233.0
0,HAT139,JFK,BOS,15:00:00,19:00:00,240,2024-05-28,available,,,,,6.0,15.0,20.0,95.0,168.0,461.0
0,HAT139,JFK,BOS,15:00:00,19:00:00,240,2024-05-29,available,,,,,15.0,14.0,17.0,96.0,181.0,348.0
0,HAT139,JFK,BOS,15:00:00,19:00:00,240,2024-05-30,available,,,,,11.0,7.0,10.0,100.0,142.0,253.0
0,HAT140,BOS,ORD,14:00:00,20:00:00,360,2024-05-01,landed,2024-05-01T13:46:00,2024-05-01T19:45:00,,,,,,,,
0,HAT140,BOS,ORD,14:00:00,20:00:00,360,2024-05-02,landed,2024-05-02T14:07:00,2024-05-02T19:40:00,,,,,,,,
0,HAT140,BOS,ORD,14:00:00,20:00:00,360,2024-05-03,landed,2024-05-03T14:04:00,2024-05-03T20:12:00,,,,,,,,
0,HAT140,BOS,ORD,14:00:00,20:00:00,360,2024-05-04,landed,2024-05-04T14:10:00,2024-05-04T20:06:00,,,,,,,,
0,HAT140,BOS,ORD,14:00:00,20:00:00,360,2024-05-05,landed,2024-05-05T14:16:00,2024-05-05T19:50:00,,,,,,,,
0,HAT140,BOS,ORD,14:00:00,20:00:00,360,2024-05-06,landed,2024-05-06T13:55:00,2024-05-06T20:48:00,,,,,,,,
0,HAT140,BOS,ORD,14:00:00,20:00:00,360,2024-05-07,landed,2024-05-07T14:40:00,2024-05-07T20:30:00,,,,,,,,
0,HAT140,BOS,ORD,14:00:00,20:00:00,360,2024-05-08,cancelled,,,,,,,,,,
0,HAT140,BOS,ORD,14:00:00,20:00:00,360,2024-05-09,cancelled,,,,,,,,,,
0,HAT140,BOS,ORD,14:00:00,20:00:00,360,2024-05-10,landed,2024-05-10T14:29:00,2024-05-10T20:09:00,,,,,,,,
0,HAT140,BOS,ORD,14:00:00,20:00:00,360,2024-05-11,landed,2024-05-11T14:34:00,2024-05-11T20:06:00,,,,,,,,
0,HAT140,BOS,ORD,14:00:00,20:00:00,360,2024-05-12,landed,2024-05-12T14:27:00,2024-05-12T19:47:00,,,,,,,,
0,HAT140,BOS,ORD,14:00:00,20:00:00,360,2024-05-13,landed,2024-05-13T13:42:00,2024-05-13T20:29:00,,,,,,,,
0,HAT140,BOS,ORD,14:00:00,20:00:00,360,2024-05-14,landed,2024-05-14T13:44:00,2024-05-14T19:59:00,,,,,,,,
0,HAT140,BOS,ORD,14:00:00,20:00:00,360,2024-05-15,flying,2024-05-15T13:54:00,,,2024-05-15T20:47:00,,,,,,
0,HAT140,BOS,ORD,14:00:00,20:00:00,360,2024-05-16,available,,,,,3.0,16.0,9.0,57.0,155.0,293.0
0,HAT140,BOS,ORD,14:00:00,20:00:00,360,2024-05-17,available,,,,,18.0,4.0,12.0,81.0,135.0,297.0
0,HAT140,BOS,ORD,14:00:00,20:00:00,360,2024-05-18,available,,,,,17.0,10.0,1.0,70.0,180.0,207.0
0,HAT140,BOS,ORD,14:00:00,20:00:00,360,2024-05-19,available,,,,,15.0,7.0,19.0,94.0,114.0,398.0
0,HAT140,BOS,ORD,14:00:00,20:00:00,360,2024-05-20,available,,,,,6.0,2.0,11.0,57.0,184.0,494.0
0,HAT140,BOS,ORD,14:00:00,20:00:00,360,2024-05-21,available,,,,,10.0,10.0,13.0,99.0,199.0,398.0
0,HAT140,BOS,ORD,14:00:00,20:00:00,360,2024-05-22,available,,,,,12.0,19.0,20.0,52.0,196.0,342.0
0,HAT140,BOS,ORD,14:00:00,20:00:00,360,2024-05-23,available,,,,,4.0,0.0,19.0,51.0,103.0,368.0
0,HAT140,BOS,ORD,14:00:00,20:00:00,360,2024-05-24,available,,,,,19.0,0.0,18.0,53.0,194.0,209.0
0,HAT140,BOS,ORD,14:00:00,20:00:00,360,2024-05-25,available,,,,,14.0,13.0,14.0,94.0,155.0,293.0
0,HAT140,BOS,ORD,14:00:00,20:00:00,360,2024-05-26,available,,,,,8.0,17.0,11.0,65.0,157.0,372.0
0,HAT140,BOS,ORD,14:00:00,20:00:00,360,2024-05-27,available,,,,,1.0,10.0,17.0,88.0,147.0,488.0
0,HAT140,BOS,ORD,14:00:00,20:00:00,360,2024-05-28,available,,,,,6.0,12.0,20.0,89.0,126.0,382.0
0,HAT140,BOS,ORD,14:00:00,20:00:00,360,2024-05-29,available,,,,,20.0,14.0,14.0,53.0,134.0,461.0
0,HAT140,BOS,ORD,14:00:00,20:00:00,360,2024-05-30,available,,,,,8.0,12.0,19.0,73.0,114.0,416.0
0,HAT141,BOS,ORD,03:00:00,09:00:00,360,2024-05-01,landed,2024-05-01T02:41:00,2024-05-01T09:16:00,,,,,,,,
0,HAT141,BOS,ORD,03:00:00,09:00:00,360,2024-05-02,landed,2024-05-02T03:32:00,2024-05-02T08:58:00,,,,,,,,
0,HAT141,BOS,ORD,03:00:00,09:00:00,360,2024-05-03,landed,2024-05-03T03:31:00,2024-05-03T08:57:00,,,,,,,,
0,HAT141,BOS,ORD,03:00:00,09:00:00,360,2024-05-04,landed,2024-05-04T02:50:00,2024-05-04T09:46:00,,,,,,,,
0,HAT141,BOS,ORD,03:00:00,09:00:00,360,2024-05-05,landed,2024-05-05T03:24:00,2024-05-05T09:08:00,,,,,,,,
0,HAT141,BOS,ORD,03:00:00,09:00:00,360,2024-05-06,landed,2024-05-06T02:47:00,2024-05-06T09:40:00,,,,,,,,
0,HAT141,BOS,ORD,03:00:00,09:00:00,360,2024-05-07,landed,2024-05-07T02:41:00,2024-05-07T09:54:00,,,,,,,,
0,HAT141,BOS,ORD,03:00:00,09:00:00,360,2024-05-08,landed,2024-05-08T02:50:00,2024-05-08T08:38:00,,,,,,,,
0,HAT141,BOS,ORD,03:00:00,09:00:00,360,2024-05-09,landed,2024-05-09T03:40:00,2024-05-09T09:06:00,,,,,,,,
0,HAT141,BOS,ORD,03:00:00,09:00:00,360,2024-05-10,cancelled,,,,,,,,,,
0,HAT141,BOS,ORD,03:00:00,09:00:00,360,2024-05-11,landed,2024-05-11T03:28:00,2024-05-11T09:53:00,,,,,,,,
0,HAT141,BOS,ORD,03:00:00,09:00:00,360,2024-05-12,landed,2024-05-12T03:15:00,2024-05-12T08:43:00,,,,,,,,
0,HAT141,BOS,ORD,03:00:00,09:00:00,360,2024-05-13,landed,2024-05-13T02:49:00,2024-05-13T08:37:00,,,,,,,,
0,HAT141,BOS,ORD,03:00:00,09:00:00,360,2024-05-14,landed,2024-05-14T03:12:00,2024-05-14T09:07:00,,,,,,,,
0,HAT141,BOS,ORD,03:00:00,09:00:00,360,2024-05-15,landed,2024-05-15T02:52:00,2024-05-15T08:45:00,,,,,,,,
0,HAT141,BOS,ORD,03:00:00,09:00:00,360,2024-05-16,available,,,,,18.0,16.0,1.0,71.0,118.0,235.0
0,HAT141,BOS,ORD,03:00:00,09:00:00,360,2024-05-17,available,,,,,12.0,15.0,6.0,70.0,175.0,216.0
0,HAT141,BOS,ORD,03:00:00,09:00:00,360,2024-05-18,available,,,,,10.0,7.0,4.0,100.0,160.0,265.0
0,HAT141,BOS,ORD,03:00:00,09:00:00,360,2024-05-19,available,,,,,4.0,19.0,19.0,75.0,178.0,473.0
0,HAT141,BOS,ORD,03:00:00,09:00:00,360,2024-05-20,available,,,,,7.0,13.0,19.0,50.0,149.0,244.0
0,HAT141,BOS,ORD,03:00:00,09:00:00,360,2024-05-21,available,,,,,20.0,10.0,18.0,62.0,117.0,402.0
0,HAT141,BOS,ORD,03:00:00,09:00:00,360,2024-05-22,available,,,,,0.0,1.0,11.0,75.0,122.0,277.0
0,HAT141,BOS,ORD,03:00:00,09:00:00,360,2024-05-23,available,,,,,13.0,18.0,9.0,89.0,122.0,294.0
0,HAT141,BOS,ORD,03:00:00,09:00:00,360,2024-05-24,available,,,,,11.0,14.0,9.0,82.0,137.0,488.0
0,HAT141,BOS,ORD,03:00:00,09:00:00,360,2024-05-25,available,,,,,7.0,15.0,2.0,75.0,134.0,235.0
0,HAT141,BOS,ORD,03:00:00,09:00:00,360,2024-05-26,available,,,,,15.0,10.0,9.0,53.0,175.0,244.0
0,HAT141,BOS,ORD,03:00:00,09:00:00,360,2024-05-27,available,,,,,4.0,13.0,11.0,57.0,112.0,271.0
0,HAT141,BOS,ORD,03:00:00,09:00:00,360,2024-05-28,available,,,,,9.0,18.0,12.0,88.0,196.0,372.0
0,HAT141,BOS,ORD,03:00:00,09:00:00,360,2024-05-29,available,,,,,15.0,2.0,17.0,78.0,123.0,450.0
0,HAT141,BOS,ORD,03:00:00,09:00:00,360,2024-05-30,available,,,,,11.0,16.0,2.0,60.0,142.0,285.0
0,HAT142,BOS,ORD,17:00:00,23:00:00,360,2024-05-01,landed,2024-05-01T17:38:00,2024-05-01T23:55:00,,,,,,,,
0,HAT142,BOS,ORD,17:00:00,23:00:00,360,2024-05-02,landed,2024-05-02T16:44:00,2024-05-02T23:22:00,,,,,,,,
0,HAT142,BOS,ORD,17:00:00,23:00:00,360,2024-05-03,landed,2024-05-03T17:21:00,2024-05-03T23:18:00,,,,,,,,
0,HAT142,BOS,ORD,17:00:00,23:00:00,360,2024-05-04,landed,2024-05-04T17:19:00,2024-05-04T23:52:00,,,,,,,,
0,HAT142,BOS,ORD,17:00:00,23:00:00,360,2024-05-05,landed,2024-05-05T17:39:00,2024-05-05T22:37:00,,,,,,,,
0,HAT142,BOS,ORD,17:00:00,23:00:00,360,2024-05-06,landed,2024-05-06T17:15:00,2024-05-06T23:51:00,,,,,,,,
0,HAT142,BOS,ORD,17:00:00,23:00:00,360,2024-05-07,landed,2024-05-07T17:36:00,2024-05-07T23:54:00,,,,,,,,
0,HAT142,BOS,ORD,17:00:00,23:00:00,360,2024-05-08,landed,2024-05-08T17:00:00,2024-05-08T23:48:00,,,,,,,,
0,HAT142,BOS,ORD,17:00:00,23:00:00,360,2024-05-09,landed,2024-05-09T17:02:00,2024-05-09T22:43:00,,,,,,,,
0,HAT142,BOS,ORD,17:00:00,23:00:00,360,2024-05-10,landed,2024-05-10T17:36:00,2024-05-10T22:45:00,,,,,,,,
0,HAT142,BOS,ORD,17:00:00,23:00:00,360,2024-05-11,landed,2024-05-11T16:50:00,2024-05-11T22:46:00,,,,,,,,
0,HAT142,BOS,ORD,17:00:00,23:00:00,360,2024-05-12,landed,2024-05-12T17:34:00,2024-05-12T23:47:00,,,,,,,,
0,HAT142,BOS,ORD,17:00:00,23:00:00,360,2024-05-13,landed,2024-05-13T17:38:00,2024-05-13T22:59:00,,,,,,,,
0,HAT142,BOS,ORD,17:00:00,23:00:00,360,2024-05-14,landed,2024-05-14T17:39:00,2024-05-14T22:57:00,,,,,,,,
0,HAT142,BOS,ORD,17:00:00,23:00:00,360,2024-05-15,on time,,,2024-05-15T17:10:00,2024-05-15T23:08:00,,,,,,
0,HAT142,BOS,ORD,17:00:00,23:00:00,360,2024-05-16,available,,,,,7.0,15.0,15.0,77.0,188.0,468.0
0,HAT142,BOS,ORD,17:00:00,23:00:00,360,2024-05-17,available,,,,,17.0,9.0,5.0,84.0,178.0,329.0
0,HAT142,BOS,ORD,17:00:00,23:00:00,360,2024-05-18,available,,,,,7.0,6.0,3.0,59.0,155.0,200.0
0,HAT142,BOS,ORD,17:00:00,23:00:00,360,2024-05-19,available,,,,,7.0,18.0,1.0,80.0,199.0,347.0
0,HAT142,BOS,ORD,17:00:00,23:00:00,360,2024-05-20,available,,,,,18.0,1.0,13.0,91.0,200.0,297.0
0,HAT142,BOS,ORD,17:00:00,23:00:00,360,2024-05-21,available,,,,,13.0,13.0,7.0,74.0,113.0,388.0
0,HAT142,BOS,ORD,17:00:00,23:00:00,360,2024-05-22,available,,,,,2.0,5.0,1.0,89.0,165.0,497.0
0,HAT142,BOS,ORD,17:00:00,23:00:00,360,2024-05-23,available,,,,,10.0,7.0,19.0,60.0,176.0,362.0
0,HAT142,BOS,ORD,17:00:00,23:00:00,360,2024-05-24,available,,,,,19.0,10.0,4.0,69.0,119.0,414.0
0,HAT142,BOS,ORD,17:00:00,23:00:00,360,2024-05-25,available,,,,,6.0,19.0,15.0,60.0,104.0,453.0
0,HAT142,BOS,ORD,17:00:00,23:00:00,360,2024-05-26,available,,,,,17.0,10.0,12.0,58.0,154.0,467.0
0,HAT142,BOS,ORD,17:00:00,23:00:00,360,2024-05-27,available,,,,,9.0,13.0,10.0,55.0,183.0,244.0
0,HAT142,BOS,ORD,17:00:00,23:00:00,360,2024-05-28,available,,,,,4.0,13.0,11.0,97.0,173.0,439.0
0,HAT142,BOS,ORD,17:00:00,23:00:00,360,2024-05-29,available,,,,,12.0,18.0,19.0,51.0,125.0,392.0
0,HAT142,BOS,ORD,17:00:00,23:00:00,360,2024-05-30,available,,,,,6.0,7.0,11.0,78.0,153.0,368.0
0,HAT143,BOS,ORD,03:00:00,09:00:00,360,2024-05-01,landed,2024-05-01T03:14:00,2024-05-01T08:46:00,,,,,,,,
0,HAT143,BOS,ORD,03:00:00,09:00:00,360,2024-05-02,landed,2024-05-02T03:19:00,2024-05-02T09:36:00,,,,,,,,
0,HAT143,BOS,ORD,03:00:00,09:00:00,360,2024-05-03,landed,2024-05-03T03:05:00,2024-05-03T08:41:00,,,,,,,,
0,HAT143,BOS,ORD,03:00:00,09:00:00,360,2024-05-04,landed,2024-05-04T03:29:00,2024-05-04T09:48:00,,,,,,,,
0,HAT143,BOS,ORD,03:00:00,09:00:00,360,2024-05-05,landed,2024-05-05T03:20:00,2024-05-05T08:47:00,,,,,,,,
0,HAT143,BOS,ORD,03:00:00,09:00:00,360,2024-05-06,landed,2024-05-06T03:03:00,2024-05-06T08:37:00,,,,,,,,
0,HAT143,BOS,ORD,03:00:00,09:00:00,360,2024-05-07,landed,2024-05-07T02:56:00,2024-05-07T08:40:00,,,,,,,,
0,HAT143,BOS,ORD,03:00:00,09:00:00,360,2024-05-08,landed,2024-05-08T03:19:00,2024-05-08T09:52:00,,,,,,,,
0,HAT143,BOS,ORD,03:00:00,09:00:00,360,2024-05-09,landed,2024-05-09T03:08:00,2024-05-09T08:52:00,,,,,,,,
0,HAT143,BOS,ORD,03:00:00,09:00:00,360,2024-05-10,landed,2024-05-10T02:57:00,2024-05-10T09:30:00,,,,,,,,
0,HAT143,BOS,ORD,03:00:00,09:00:00,360,2024-05-11,landed,2024-05-11T02:44:00,2024-05-11T08:54:00,,,,,,,,
0,HAT143,BOS,ORD,03:00:00,09:00:00,360,2024-05-12,landed,2024-05-12T02:52:00,2024-05-12T09:00:00,,,,,,,,
0,HAT143,BOS,ORD,03:00:00,09:00:00,360,2024-05-13,landed,2024-05-13T03:13:00,2024-05-13T09:04:00,,,,,,,,
0,HAT143,BOS,ORD,03:00:00,09:00:00,360,2024-05-14,landed,2024-05-14T03:33:00,2024-05-14T08:38:00,,,,,,,,
0,HAT143,BOS,ORD,03:00:00,09:00:00,360,2024-05-15,landed,2024-05-15T02:40:00,2024-05-15T09:02:00,,,,,,,,
0,HAT143,BOS,ORD,03:00:00,09:00:00,360,2024-05-16,available,,,,,20.0,9.0,14.0,87.0,116.0,292.0
0,HAT143,BOS,ORD,03:00:00,09:00:00,360,2024-05-17,available,,,,,13.0,6.0,5.0,82.0,184.0,283.0
0,HAT143,BOS,ORD,03:00:00,09:00:00,360,2024-05-18,available,,,,,5.0,6.0,9.0,65.0,198.0,472.0
0,HAT143,BOS,ORD,03:00:00,09:00:00,360,2024-05-19,available,,,,,13.0,14.0,13.0,60.0,123.0,248.0
0,HAT143,BOS,ORD,03:00:00,09:00:00,360,2024-05-20,available,,,,,2.0,12.0,17.0,60.0,127.0,389.0
0,HAT143,BOS,ORD,03:00:00,09:00:00,360,2024-05-21,available,,,,,9.0,5.0,20.0,53.0,118.0,430.0
0,HAT143,BOS,ORD,03:00:00,09:00:00,360,2024-05-22,available,,,,,6.0,18.0,2.0,76.0,181.0,460.0
0,HAT143,BOS,ORD,03:00:00,09:00:00,360,2024-05-23,available,,,,,19.0,18.0,19.0,93.0,151.0,221.0
0,HAT143,BOS,ORD,03:00:00,09:00:00,360,2024-05-24,available,,,,,4.0,1.0,5.0,84.0,114.0,229.0
0,HAT143,BOS,ORD,03:00:00,09:00:00,360,2024-05-25,available,,,,,0.0,1.0,13.0,71.0,184.0,339.0
0,HAT143,BOS,ORD,03:00:00,09:00:00,360,2024-05-26,available,,,,,7.0,14.0,14.0,79.0,199.0,424.0
0,HAT143,BOS,ORD,03:00:00,09:00:00,360,2024-05-27,available,,,,,5.0,15.0,3.0,82.0,120.0,263.0
0,HAT143,BOS,ORD,03:00:00,09:00:00,360,2024-05-28,available,,,,,10.0,4.0,19.0,84.0,125.0,243.0
0,HAT143,BOS,ORD,03:00:00,09:00:00,360,2024-05-29,available,,,,,12.0,3.0,18.0,89.0,187.0,242.0
0,HAT143,BOS,ORD,03:00:00,09:00:00,360,2024-05-30,available,,,,,20.0,2.0,1.0,96.0,151.0,287.0
0,HAT144,BOS,ORD,14:00:00,20:00:00,360,2024-05-01,landed,2024-05-01T13:42:00,2024-05-01T20:33:00,,,,,,,,
0,HAT144,BOS,ORD,14:00:00,20:00:00,360,2024-05-02,landed,2024-05-02T13:42:00,2024-05-02T19:37:00,,,,,,,,
0,HAT144,BOS,ORD,14:00:00,20:00:00,360,2024-05-03,landed,2024-05-03T13:42:00,2024-05-03T20:46:00,,,,,,,,
0,HAT144,BOS,ORD,14:00:00,20:00:00,360,2024-05-04,landed,2024-05-04T13:44:00,2024-05-04T19:52:00,,,,,,,,
0,HAT144,BOS,ORD,14:00:00,20:00:00,360,2024-05-05,landed,2024-05-05T14:28:00,2024-05-05T20:39:00,,,,,,,,
0,HAT144,BOS,ORD,14:00:00,20:00:00,360,2024-05-06,landed,2024-05-06T14:28:00,2024-05-06T20:34:00,,,,,,,,
0,HAT144,BOS,ORD,14:00:00,20:00:00,360,2024-05-07,landed,2024-05-07T14:20:00,2024-05-07T19:54:00,,,,,,,,
0,HAT144,BOS,ORD,14:00:00,20:00:00,360,2024-05-08,landed,2024-05-08T13:56:00,2024-05-08T20:27:00,,,,,,,,
0,HAT144,BOS,ORD,14:00:00,20:00:00,360,2024-05-09,landed,2024-05-09T14:38:00,2024-05-09T20:02:00,,,,,,,,
0,HAT144,BOS,ORD,14:00:00,20:00:00,360,2024-05-10,landed,2024-05-10T14:11:00,2024-05-10T20:09:00,,,,,,,,
0,HAT144,BOS,ORD,14:00:00,20:00:00,360,2024-05-11,landed,2024-05-11T14:25:00,2024-05-11T19:43:00,,,,,,,,
0,HAT144,BOS,ORD,14:00:00,20:00:00,360,2024-05-12,landed,2024-05-12T14:01:00,2024-05-12T19:42:00,,,,,,,,
0,HAT144,BOS,ORD,14:00:00,20:00:00,360,2024-05-13,landed,2024-05-13T14:39:00,2024-05-13T20:35:00,,,,,,,,
0,HAT144,BOS,ORD,14:00:00,20:00:00,360,2024-05-14,cancelled,,,,,,,,,,
0,HAT144,BOS,ORD,14:00:00,20:00:00,360,2024-05-15,flying,2024-05-15T13:45:00,,,2024-05-15T20:20:00,,,,,,
0,HAT144,BOS,ORD,14:00:00,20:00:00,360,2024-05-16,available,,,,,12.0,18.0,12.0,61.0,152.0,354.0
0,HAT144,BOS,ORD,14:00:00,20:00:00,360,2024-05-17,available,,,,,11.0,11.0,8.0,75.0,189.0,470.0
0,HAT144,BOS,ORD,14:00:00,20:00:00,360,2024-05-18,available,,,,,13.0,16.0,8.0,78.0,143.0,233.0
0,HAT144,BOS,ORD,14:00:00,20:00:00,360,2024-05-19,available,,,,,18.0,8.0,3.0,96.0,139.0,362.0
0,HAT144,BOS,ORD,14:00:00,20:00:00,360,2024-05-20,available,,,,,19.0,5.0,6.0,95.0,147.0,205.0
0,HAT144,BOS,ORD,14:00:00,20:00:00,360,2024-05-21,available,,,,,4.0,0.0,10.0,71.0,168.0,458.0
0,HAT144,BOS,ORD,14:00:00,20:00:00,360,2024-05-22,available,,,,,20.0,19.0,14.0,92.0,151.0,459.0
0,HAT144,BOS,ORD,14:00:00,20:00:00,360,2024-05-23,available,,,,,12.0,15.0,13.0,76.0,182.0,403.0
0,HAT144,BOS,ORD,14:00:00,20:00:00,360,2024-05-24,available,,,,,3.0,13.0,2.0,60.0,198.0,309.0
0,HAT144,BOS,ORD,14:00:00,20:00:00,360,2024-05-25,available,,,,,14.0,6.0,15.0,63.0,199.0,460.0
0,HAT144,BOS,ORD,14:00:00,20:00:00,360,2024-05-26,available,,,,,13.0,17.0,20.0,54.0,101.0,334.0
0,HAT144,BOS,ORD,14:00:00,20:00:00,360,2024-05-27,available,,,,,14.0,13.0,17.0,90.0,105.0,324.0
0,HAT144,BOS,ORD,14:00:00,20:00:00,360,2024-05-28,available,,,,,1.0,1.0,8.0,54.0,133.0,374.0
0,HAT144,BOS,ORD,14:00:00,20:00:00,360,2024-05-29,available,,,,,18.0,1.0,18.0,70.0,192.0,349.0
0,HAT144,BOS,ORD,14:00:00,20:00:00,360,2024-05-30,available,,,,,19.0,13.0,0.0,100.0,124.0,324.0
0,HAT145,BOS,ORD,03:00:00,09:00:00,360,2024-05-01,landed,2024-05-01T02:57:00,2024-05-01T08:48:00,,,,,,,,
0,HAT145,BOS,ORD,03:00:00,09:00:00,360,2024-05-02,landed,2024-05-02T02:58:00,2024-05-02T08:58:00,,,,,,,,
0,HAT145,BOS,ORD,03:00:00,09:00:00,360,2024-05-03,landed,2024-05-03T03:30:00,2024-05-03T09:41:00,,,,,,,,
0,HAT145,BOS,ORD,03:00:00,09:00:00,360,2024-05-04,landed,2024-05-04T03:30:00,2024-05-04T09:10:00,,,,,,,,
0,HAT145,BOS,ORD,03:00:00,09:00:00,360,2024-05-05,landed,2024-05-05T03:16:00,2024-05-05T09:54:00,,,,,,,,
0,HAT145,BOS,ORD,03:00:00,09:00:00,360,2024-05-06,landed,2024-05-06T03:36:00,2024-05-06T09:52:00,,,,,,,,
0,HAT145,BOS,ORD,03:00:00,09:00:00,360,2024-05-07,landed,2024-05-07T03:08:00,2024-05-07T09:09:00,,,,,,,,
0,HAT145,BOS,ORD,03:00:00,09:00:00,360,2024-05-08,landed,2024-05-08T02:56:00,2024-05-08T09:25:00,,,,,,,,
0,HAT145,BOS,ORD,03:00:00,09:00:00,360,2024-05-09,cancelled,,,,,,,,,,
0,HAT145,BOS,ORD,03:00:00,09:00:00,360,2024-05-10,landed,2024-05-10T02:46:00,2024-05-10T08:46:00,,,,,,,,
0,HAT145,BOS,ORD,03:00:00,09:00:00,360,2024-05-11,landed,2024-05-11T03:36:00,2024-05-11T08:49:00,,,,,,,,
0,HAT145,BOS,ORD,03:00:00,09:00:00,360,2024-05-12,landed,2024-05-12T02:44:00,2024-05-12T09:54:00,,,,,,,,
0,HAT145,BOS,ORD,03:00:00,09:00:00,360,2024-05-13,landed,2024-05-13T02:40:00,2024-05-13T09:38:00,,,,,,,,
0,HAT145,BOS,ORD,03:00:00,09:00:00,360,2024-05-14,landed,2024-05-14T02:40:00,2024-05-14T08:50:00,,,,,,,,
0,HAT145,BOS,ORD,03:00:00,09:00:00,360,2024-05-15,landed,2024-05-15T03:38:00,2024-05-15T08:38:00,,,,,,,,
0,HAT145,BOS,ORD,03:00:00,09:00:00,360,2024-05-16,available,,,,,8.0,2.0,20.0,72.0,193.0,373.0
0,HAT145,BOS,ORD,03:00:00,09:00:00,360,2024-05-17,available,,,,,20.0,0.0,2.0,89.0,198.0,272.0
0,HAT145,BOS,ORD,03:00:00,09:00:00,360,2024-05-18,available,,,,,16.0,2.0,12.0,50.0,112.0,396.0
0,HAT145,BOS,ORD,03:00:00,09:00:00,360,2024-05-19,available,,,,,10.0,11.0,19.0,65.0,174.0,253.0
0,HAT145,BOS,ORD,03:00:00,09:00:00,360,2024-05-20,available,,,,,5.0,13.0,0.0,80.0,193.0,328.0
0,HAT145,BOS,ORD,03:00:00,09:00:00,360,2024-05-21,available,,,,,19.0,1.0,20.0,67.0,158.0,337.0
0,HAT145,BOS,ORD,03:00:00,09:00:00,360,2024-05-22,available,,,,,16.0,7.0,20.0,52.0,193.0,299.0
0,HAT145,BOS,ORD,03:00:00,09:00:00,360,2024-05-23,available,,,,,3.0,10.0,0.0,93.0,105.0,373.0
0,HAT145,BOS,ORD,03:00:00,09:00:00,360,2024-05-24,available,,,,,9.0,14.0,3.0,56.0,109.0,347.0
0,HAT145,BOS,ORD,03:00:00,09:00:00,360,2024-05-25,available,,,,,20.0,16.0,20.0,75.0,149.0,434.0
0,HAT145,BOS,ORD,03:00:00,09:00:00,360,2024-05-26,available,,,,,12.0,13.0,11.0,99.0,157.0,296.0
0,HAT145,BOS,ORD,03:00:00,09:00:00,360,2024-05-27,available,,,,,4.0,4.0,4.0,55.0,173.0,305.0
0,HAT145,BOS,ORD,03:00:00,09:00:00,360,2024-05-28,available,,,,,18.0,1.0,16.0,94.0,106.0,388.0
0,HAT145,BOS,ORD,03:00:00,09:00:00,360,2024-05-29,available,,,,,16.0,16.0,10.0,79.0,155.0,250.0
0,HAT145,BOS,ORD,03:00:00,09:00:00,360,2024-05-30,available,,,,,8.0,20.0,20.0,70.0,171.0,391.0
0,HAT146,BOS,ORD,00:00:00,06:00:00,360,2024-05-01,landed,2024-05-01T00:39:00,2024-05-01T06:14:00,,,,,,,,
0,HAT146,BOS,ORD,00:00:00,06:00:00,360,2024-05-02,landed,2024-05-02T00:21:00,2024-05-02T06:38:00,,,,,,,,
0,HAT146,BOS,ORD,00:00:00,06:00:00,360,2024-05-03,landed,2024-05-03T00:00:00,2024-05-03T06:47:00,,,,,,,,
0,HAT146,BOS,ORD,00:00:00,06:00:00,360,2024-05-04,landed,2024-05-04T00:09:00,2024-05-04T05:54:00,,,,,,,,
0,HAT146,BOS,ORD,00:00:00,06:00:00,360,2024-05-05,landed,2024-05-05T00:00:00,2024-05-05T06:04:00,,,,,,,,
0,HAT146,BOS,ORD,00:00:00,06:00:00,360,2024-05-06,landed,2024-05-06T00:19:00,2024-05-06T06:32:00,,,,,,,,
0,HAT146,BOS,ORD,00:00:00,06:00:00,360,2024-05-07,landed,2024-05-07T00:02:00,2024-05-07T06:50:00,,,,,,,,
0,HAT146,BOS,ORD,00:00:00,06:00:00,360,2024-05-08,landed,2024-05-08T00:00:00,2024-05-08T05:36:00,,,,,,,,
0,HAT146,BOS,ORD,00:00:00,06:00:00,360,2024-05-09,landed,2024-05-09T00:00:00,2024-05-09T05:35:00,,,,,,,,
0,HAT146,BOS,ORD,00:00:00,06:00:00,360,2024-05-10,landed,2024-05-10T00:05:00,2024-05-10T05:44:00,,,,,,,,
0,HAT146,BOS,ORD,00:00:00,06:00:00,360,2024-05-11,cancelled,,,,,,,,,,
0,HAT146,BOS,ORD,00:00:00,06:00:00,360,2024-05-12,landed,2024-05-12T00:00:00,2024-05-12T06:24:00,,,,,,,,
0,HAT146,BOS,ORD,00:00:00,06:00:00,360,2024-05-13,landed,2024-05-13T00:00:00,2024-05-13T05:47:00,,,,,,,,
0,HAT146,BOS,ORD,00:00:00,06:00:00,360,2024-05-14,landed,2024-05-14T00:00:00,2024-05-14T06:55:00,,,,,,,,
0,HAT146,BOS,ORD,00:00:00,06:00:00,360,2024-05-15,landed,2024-05-15T00:00:00,2024-05-15T05:59:00,,,,,,,,
0,HAT146,BOS,ORD,00:00:00,06:00:00,360,2024-05-16,available,,,,,16.0,6.0,4.0,53.0,161.0,341.0
0,HAT146,BOS,ORD,00:00:00,06:00:00,360,2024-05-17,available,,,,,3.0,10.0,19.0,52.0,190.0,484.0
0,HAT146,BOS,ORD,00:00:00,06:00:00,360,2024-05-18,available,,,,,18.0,4.0,19.0,75.0,179.0,442.0
0,HAT146,BOS,ORD,00:00:00,06:00:00,360,2024-05-19,available,,,,,4.0,13.0,19.0,56.0,175.0,480.0
0,HAT146,BOS,ORD,00:00:00,06:00:00,360,2024-05-20,available,,,,,9.0,20.0,8.0,77.0,136.0,248.0
0,HAT146,BOS,ORD,00:00:00,06:00:00,360,2024-05-21,available,,,,,19.0,8.0,0.0,86.0,105.0,200.0
0,HAT146,BOS,ORD,00:00:00,06:00:00,360,2024-05-22,available,,,,,0.0,19.0,15.0,67.0,181.0,398.0
0,HAT146,BOS,ORD,00:00:00,06:00:00,360,2024-05-23,available,,,,,15.0,18.0,6.0,72.0,184.0,344.0
0,HAT146,BOS,ORD,00:00:00,06:00:00,360,2024-05-24,available,,,,,17.0,4.0,7.0,79.0,187.0,325.0
0,HAT146,BOS,ORD,00:00:00,06:00:00,360,2024-05-25,available,,,,,8.0,18.0,6.0,51.0,171.0,211.0
0,HAT146,BOS,ORD,00:00:00,06:00:00,360,2024-05-26,available,,,,,18.0,4.0,10.0,50.0,148.0,280.0
0,HAT146,BOS,ORD,00:00:00,06:00:00,360,2024-05-27,available,,,,,12.0,16.0,9.0,75.0,172.0,308.0
0,HAT146,BOS,ORD,00:00:00,06:00:00,360,2024-05-28,available,,,,,18.0,19.0,20.0,100.0,144.0,239.0
0,HAT146,BOS,ORD,00:00:00,06:00:00,360,2024-05-29,available,,,,,8.0,4.0,3.0,77.0,104.0,207.0
0,HAT146,BOS,ORD,00:00:00,06:00:00,360,2024-05-30,available,,,,,12.0,7.0,7.0,72.0,111.0,475.0
0,HAT147,JFK,SFO,04:00:00,07:00:00,180,2024-05-01,landed,2024-05-01T04:14:00,2024-05-01T06:58:00,,,,,,,,
0,HAT147,JFK,SFO,04:00:00,07:00:00,180,2024-05-02,landed,2024-05-02T04:23:00,2024-05-02T07:13:00,,,,,,,,
0,HAT147,JFK,SFO,04:00:00,07:00:00,180,2024-05-03,landed,2024-05-03T04:20:00,2024-05-03T07:08:00,,,,,,,,
0,HAT147,JFK,SFO,04:00:00,07:00:00,180,2024-05-04,landed,2024-05-04T04:28:00,2024-05-04T07:53:00,,,,,,,,
0,HAT147,JFK,SFO,04:00:00,07:00:00,180,2024-05-05,landed,2024-05-05T04:22:00,2024-05-05T07:14:00,,,,,,,,
0,HAT147,JFK,SFO,04:00:00,07:00:00,180,2024-05-06,landed,2024-05-06T03:57:00,2024-05-06T07:26:00,,,,,,,,
0,HAT147,JFK,SFO,04:00:00,07:00:00,180,2024-05-07,landed,2024-05-07T03:40:00,2024-05-07T07:15:00,,,,,,,,
0,HAT147,JFK,SFO,04:00:00,07:00:00,180,2024-05-08,cancelled,,,,,,,,,,
0,HAT147,JFK,SFO,04:00:00,07:00:00,180,2024-05-09,landed,2024-05-09T03:57:00,2024-05-09T06:56:00,,,,,,,,
0,HAT147,JFK,SFO,04:00:00,07:00:00,180,2024-05-10,landed,2024-05-10T04:25:00,2024-05-10T07:29:00,,,,,,,,
0,HAT147,JFK,SFO,04:00:00,07:00:00,180,2024-05-11,landed,2024-05-11T03:52:00,2024-05-11T06:57:00,,,,,,,,
0,HAT147,JFK,SFO,04:00:00,07:00:00,180,2024-05-12,cancelled,,,,,,,,,,
0,HAT147,JFK,SFO,04:00:00,07:00:00,180,2024-05-13,landed,2024-05-13T04:31:00,2024-05-13T07:05:00,,,,,,,,
0,HAT147,JFK,SFO,04:00:00,07:00:00,180,2024-05-14,landed,2024-05-14T04:26:00,2024-05-14T06:53:00,,,,,,,,
0,HAT147,JFK,SFO,04:00:00,07:00:00,180,2024-05-15,landed,2024-05-15T04:06:00,2024-05-15T06:47:00,,,,,,,,
0,HAT147,JFK,SFO,04:00:00,07:00:00,180,2024-05-16,available,,,,,12.0,5.0,11.0,71.0,193.0,490.0
0,HAT147,JFK,SFO,04:00:00,07:00:00,180,2024-05-17,available,,,,,5.0,5.0,9.0,81.0,180.0,348.0
0,HAT147,JFK,SFO,04:00:00,07:00:00,180,2024-05-18,available,,,,,7.0,16.0,8.0,68.0,127.0,306.0
0,HAT147,JFK,SFO,04:00:00,07:00:00,180,2024-05-19,available,,,,,20.0,6.0,15.0,57.0,165.0,322.0
0,HAT147,JFK,SFO,04:00:00,07:00:00,180,2024-05-20,available,,,,,18.0,0.0,18.0,96.0,191.0,248.0
0,HAT147,JFK,SFO,04:00:00,07:00:00,180,2024-05-21,available,,,,,12.0,14.0,0.0,82.0,163.0,433.0
0,HAT147,JFK,SFO,04:00:00,07:00:00,180,2024-05-22,available,,,,,14.0,9.0,17.0,87.0,133.0,301.0
0,HAT147,JFK,SFO,04:00:00,07:00:00,180,2024-05-23,available,,,,,12.0,8.0,0.0,90.0,189.0,360.0
0,HAT147,JFK,SFO,04:00:00,07:00:00,180,2024-05-24,available,,,,,2.0,5.0,19.0,64.0,193.0,269.0
0,HAT147,JFK,SFO,04:00:00,07:00:00,180,2024-05-25,available,,,,,16.0,5.0,19.0,55.0,172.0,301.0
0,HAT147,JFK,SFO,04:00:00,07:00:00,180,2024-05-26,available,,,,,2.0,20.0,20.0,57.0,123.0,284.0
0,HAT147,JFK,SFO,04:00:00,07:00:00,180,2024-05-27,available,,,,,12.0,5.0,8.0,73.0,128.0,365.0
0,HAT147,JFK,SFO,04:00:00,07:00:00,180,2024-05-28,available,,,,,20.0,14.0,10.0,88.0,134.0,362.0
0,HAT147,JFK,SFO,04:00:00,07:00:00,180,2024-05-29,available,,,,,4.0,8.0,18.0,94.0,101.0,335.0
0,HAT147,JFK,SFO,04:00:00,07:00:00,180,2024-05-30,available,,,,,9.0,8.0,19.0,98.0,179.0,331.0
0,HAT148,JFK,SFO,12:00:00,15:00:00,180,2024-05-01,landed,2024-05-01T12:05:00,2024-05-01T15:20:00,,,,,,,,
0,HAT148,JFK,SFO,12:00:00,15:00:00,180,2024-05-02,landed,2024-05-02T12:26:00,2024-05-02T15:44:00,,,,,,,,
0,HAT148,JFK,SFO,12:00:00,15:00:00,180,2024-05-03,landed,2024-05-03T11:46:00,2024-05-03T15:11:00,,,,,,,,
0,HAT148,JFK,SFO,12:00:00,15:00:00,180,2024-05-04,landed,2024-05-04T11:52:00,2024-05-04T15:28:00,,,,,,,,
0,HAT148,JFK,SFO,12:00:00,15:00:00,180,2024-05-05,landed,2024-05-05T11:50:00,2024-05-05T15:55:00,,,,,,,,
0,HAT148,JFK,SFO,12:00:00,15:00:00,180,2024-05-06,landed,2024-05-06T12:32:00,2024-05-06T15:15:00,,,,,,,,
0,HAT148,JFK,SFO,12:00:00,15:00:00,180,2024-05-07,landed,2024-05-07T12:12:00,2024-05-07T14:46:00,,,,,,,,
0,HAT148,JFK,SFO,12:00:00,15:00:00,180,2024-05-08,landed,2024-05-08T12:25:00,2024-05-08T15:28:00,,,,,,,,
0,HAT148,JFK,SFO,12:00:00,15:00:00,180,2024-05-09,landed,2024-05-09T12:00:00,2024-05-09T14:48:00,,,,,,,,
0,HAT148,JFK,SFO,12:00:00,15:00:00,180,2024-05-10,cancelled,,,,,,,,,,
0,HAT148,JFK,SFO,12:00:00,15:00:00,180,2024-05-11,landed,2024-05-11T12:27:00,2024-05-11T14:52:00,,,,,,,,
0,HAT148,JFK,SFO,12:00:00,15:00:00,180,2024-05-12,landed,2024-05-12T11:45:00,2024-05-12T14:59:00,,,,,,,,
0,HAT148,JFK,SFO,12:00:00,15:00:00,180,2024-05-13,landed,2024-05-13T12:17:00,2024-05-13T14:46:00,,,,,,,,
0,HAT148,JFK,SFO,12:00:00,15:00:00,180,2024-05-14,landed,2024-05-14T12:32:00,2024-05-14T15:52:00,,,,,,,,
0,HAT148,JFK,SFO,12:00:00,15:00:00,180,2024-05-15,landed,2024-05-15T12:13:00,2024-05-15T14:59:00,,,,,,,,
0,HAT148,JFK,SFO,12:00:00,15:00:00,180,2024-05-16,available,,,,,1.0,6.0,7.0,74.0,170.0,412.0
0,HAT148,JFK,SFO,12:00:00,15:00:00,180,2024-05-17,available,,,,,17.0,10.0,7.0,77.0,115.0,331.0
0,HAT148,JFK,SFO,12:00:00,15:00:00,180,2024-05-18,available,,,,,20.0,7.0,2.0,73.0,152.0,347.0
0,HAT148,JFK,SFO,12:00:00,15:00:00,180,2024-05-19,available,,,,,10.0,6.0,1.0,75.0,157.0,490.0
0,HAT148,JFK,SFO,12:00:00,15:00:00,180,2024-05-20,available,,,,,10.0,2.0,17.0,77.0,149.0,287.0
0,HAT148,JFK,SFO,12:00:00,15:00:00,180,2024-05-21,available,,,,,13.0,14.0,18.0,81.0,126.0,394.0
0,HAT148,JFK,SFO,12:00:00,15:00:00,180,2024-05-22,available,,,,,3.0,1.0,2.0,72.0,200.0,409.0
0,HAT148,JFK,SFO,12:00:00,15:00:00,180,2024-05-23,available,,,,,11.0,9.0,2.0,97.0,192.0,483.0
0,HAT148,JFK,SFO,12:00:00,15:00:00,180,2024-05-24,available,,,,,20.0,10.0,14.0,96.0,105.0,381.0
0,HAT148,JFK,SFO,12:00:00,15:00:00,180,2024-05-25,available,,,,,13.0,0.0,6.0,57.0,161.0,289.0
0,HAT148,JFK,SFO,12:00:00,15:00:00,180,2024-05-26,available,,,,,9.0,18.0,16.0,89.0,187.0,262.0
0,HAT148,JFK,SFO,12:00:00,15:00:00,180,2024-05-27,available,,,,,6.0,17.0,17.0,56.0,139.0,411.0
0,HAT148,JFK,SFO,12:00:00,15:00:00,180,2024-05-28,available,,,,,8.0,15.0,6.0,51.0,157.0,476.0
0,HAT148,JFK,SFO,12:00:00,15:00:00,180,2024-05-29,available,,,,,18.0,10.0,18.0,80.0,109.0,279.0
0,HAT148,JFK,SFO,12:00:00,15:00:00,180,2024-05-30,available,,,,,10.0,1.0,19.0,60.0,128.0,496.0
0,HAT149,JFK,SFO,12:00:00,15:00:00,180,2024-05-01,landed,2024-05-01T12:40:00,2024-05-01T15:06:00,,,,,,,,
0,HAT149,JFK,SFO,12:00:00,15:00:00,180,2024-05-02,landed,2024-05-02T12:10:00,2024-05-02T14:45:00,,,,,,,,
0,HAT149,JFK,SFO,12:00:00,15:00:00,180,2024-05-03,landed,2024-05-03T12:24:00,2024-05-03T15:15:00,,,,,,,,
0,HAT149,JFK,SFO,12:00:00,15:00:00,180,2024-05-04,landed,2024-05-04T12:37:00,2024-05-04T15:54:00,,,,,,,,
0,HAT149,JFK,SFO,12:00:00,15:00:00,180,2024-05-05,landed,2024-05-05T11:45:00,2024-05-05T14:52:00,,,,,,,,
0,HAT149,JFK,SFO,12:00:00,15:00:00,180,2024-05-06,landed,2024-05-06T11:58:00,2024-05-06T15:12:00,,,,,,,,
0,HAT149,JFK,SFO,12:00:00,15:00:00,180,2024-05-07,landed,2024-05-07T12:29:00,2024-05-07T14:48:00,,,,,,,,
0,HAT149,JFK,SFO,12:00:00,15:00:00,180,2024-05-08,landed,2024-05-08T12:23:00,2024-05-08T15:53:00,,,,,,,,
0,HAT149,JFK,SFO,12:00:00,15:00:00,180,2024-05-09,landed,2024-05-09T12:22:00,2024-05-09T14:36:00,,,,,,,,
0,HAT149,JFK,SFO,12:00:00,15:00:00,180,2024-05-10,landed,2024-05-10T12:24:00,2024-05-10T14:36:00,,,,,,,,
0,HAT149,JFK,SFO,12:00:00,15:00:00,180,2024-05-11,landed,2024-05-11T12:15:00,2024-05-11T15:04:00,,,,,,,,
0,HAT149,JFK,SFO,12:00:00,15:00:00,180,2024-05-12,landed,2024-05-12T11:59:00,2024-05-12T15:02:00,,,,,,,,
0,HAT149,JFK,SFO,12:00:00,15:00:00,180,2024-05-13,landed,2024-05-13T12:10:00,2024-05-13T14:58:00,,,,,,,,
0,HAT149,JFK,SFO,12:00:00,15:00:00,180,2024-05-14,landed,2024-05-14T12:26:00,2024-05-14T15:55:00,,,,,,,,
0,HAT149,JFK,SFO,12:00:00,15:00:00,180,2024-05-15,landed,2024-05-15T12:27:00,2024-05-15T14:57:00,,,,,,,,
0,HAT149,JFK,SFO,12:00:00,15:00:00,180,2024-05-16,available,,,,,4.0,20.0,2.0,50.0,103.0,337.0
0,HAT149,JFK,SFO,12:00:00,15:00:00,180,2024-05-17,available,,,,,15.0,10.0,8.0,70.0,123.0,385.0
0,HAT149,JFK,SFO,12:00:00,15:00:00,180,2024-05-18,available,,,,,5.0,16.0,19.0,95.0,128.0,490.0
0,HAT149,JFK,SFO,12:00:00,15:00:00,180,2024-05-19,available,,,,,13.0,6.0,10.0,65.0,103.0,472.0
0,HAT149,JFK,SFO,12:00:00,15:00:00,180,2024-05-20,available,,,,,2.0,20.0,0.0,58.0,114.0,332.0
0,HAT149,JFK,SFO,12:00:00,15:00:00,180,2024-05-21,available,,,,,10.0,14.0,12.0,61.0,110.0,481.0
0,HAT149,JFK,SFO,12:00:00,15:00:00,180,2024-05-22,available,,,,,5.0,13.0,16.0,71.0,136.0,325.0
0,HAT149,JFK,SFO,12:00:00,15:00:00,180,2024-05-23,available,,,,,7.0,15.0,14.0,74.0,136.0,445.0
0,HAT149,JFK,SFO,12:00:00,15:00:00,180,2024-05-24,available,,,,,1.0,14.0,20.0,88.0,188.0,239.0
0,HAT149,JFK,SFO,12:00:00,15:00:00,180,2024-05-25,available,,,,,18.0,7.0,19.0,52.0,121.0,449.0
0,HAT149,JFK,SFO,12:00:00,15:00:00,180,2024-05-26,available,,,,,3.0,17.0,17.0,52.0,162.0,383.0
0,HAT149,JFK,SFO,12:00:00,15:00:00,180,2024-05-27,available,,,,,20.0,6.0,20.0,83.0,126.0,464.0
0,HAT149,JFK,SFO,12:00:00,15:00:00,180,2024-05-28,available,,,,,16.0,3.0,6.0,87.0,161.0,408.0
0,HAT149,JFK,SFO,12:00:00,15:00:00,180,2024-05-29,available,,,,,20.0,5.0,15.0,60.0,136.0,375.0
0,HAT149,JFK,SFO,12:00:00,15:00:00,180,2024-05-30,available,,,,,5.0,5.0,6.0,58.0,183.0,205.0
0,HAT150,JFK,SFO,07:00:00,10:00:00,180,2024-05-01,landed,2024-05-01T07:08:00,2024-05-01T10:11:00,,,,,,,,
0,HAT150,JFK,SFO,07:00:00,10:00:00,180,2024-05-02,cancelled,,,,,,,,,,
0,HAT150,JFK,SFO,07:00:00,10:00:00,180,2024-05-03,landed,2024-05-03T06:49:00,2024-05-03T09:47:00,,,,,,,,
0,HAT150,JFK,SFO,07:00:00,10:00:00,180,2024-05-04,landed,2024-05-04T07:19:00,2024-05-04T09:57:00,,,,,,,,
0,HAT150,JFK,SFO,07:00:00,10:00:00,180,2024-05-05,landed,2024-05-05T06:52:00,2024-05-05T10:10:00,,,,,,,,
0,HAT150,JFK,SFO,07:00:00,10:00:00,180,2024-05-06,landed,2024-05-06T06:53:00,2024-05-06T10:25:00,,,,,,,,
0,HAT150,JFK,SFO,07:00:00,10:00:00,180,2024-05-07,landed,2024-05-07T06:53:00,2024-05-07T09:36:00,,,,,,,,
0,HAT150,JFK,SFO,07:00:00,10:00:00,180,2024-05-08,landed,2024-05-08T07:23:00,2024-05-08T09:54:00,,,,,,,,
0,HAT150,JFK,SFO,07:00:00,10:00:00,180,2024-05-09,landed,2024-05-09T07:03:00,2024-05-09T10:15:00,,,,,,,,
0,HAT150,JFK,SFO,07:00:00,10:00:00,180,2024-05-10,landed,2024-05-10T07:04:00,2024-05-10T09:56:00,,,,,,,,
0,HAT150,JFK,SFO,07:00:00,10:00:00,180,2024-05-11,landed,2024-05-11T07:05:00,2024-05-11T09:55:00,,,,,,,,
0,HAT150,JFK,SFO,07:00:00,10:00:00,180,2024-05-12,landed,2024-05-12T07:22:00,2024-05-12T10:44:00,,,,,,,,
0,HAT150,JFK,SFO,07:00:00,10:00:00,180,2024-05-13,landed,2024-05-13T07:34:00,2024-05-13T10:02:00,,,,,,,,
0,HAT150,JFK,SFO,07:00:00,10:00:00,180,2024-05-14,landed,2024-05-14T07:31:00,2024-05-14T10:26:00,,,,,,,,
0,HAT150,JFK,SFO,07:00:00,10:00:00,180,2024-05-15,landed,2024-05-15T06:55:00,2024-05-15T09:42:00,,,,,,,,
0,HAT150,JFK,SFO,07:00:00,10:00:00,180,2024-05-16,available,,,,,19.0,4.0,14.0,58.0,184.0,476.0
0,HAT150,JFK,SFO,07:00:00,10:00:00,180,2024-05-17,available,,,,,7.0,13.0,17.0,68.0,140.0,472.0
0,HAT150,JFK,SFO,07:00:00,10:00:00,180,2024-05-18,available,,,,,6.0,2.0,15.0,81.0,157.0,440.0
0,HAT150,JFK,SFO,07:00:00,10:00:00,180,2024-05-19,available,,,,,5.0,20.0,1.0,90.0,120.0,296.0
0,HAT150,JFK,SFO,07:00:00,10:00:00,180,2024-05-20,available,,,,,12.0,2.0,11.0,64.0,124.0,228.0
0,HAT150,JFK,SFO,07:00:00,10:00:00,180,2024-05-21,available,,,,,0.0,16.0,13.0,85.0,188.0,441.0
0,HAT150,JFK,SFO,07:00:00,10:00:00,180,2024-05-22,available,,,,,15.0,4.0,0.0,82.0,144.0,251.0
0,HAT150,JFK,SFO,07:00:00,10:00:00,180,2024-05-23,available,,,,,6.0,17.0,2.0,81.0,151.0,447.0
0,HAT150,JFK,SFO,07:00:00,10:00:00,180,2024-05-24,available,,,,,19.0,15.0,11.0,96.0,149.0,393.0
0,HAT150,JFK,SFO,07:00:00,10:00:00,180,2024-05-25,available,,,,,15.0,13.0,8.0,100.0,122.0,478.0
0,HAT150,JFK,SFO,07:00:00,10:00:00,180,2024-05-26,available,,,,,3.0,2.0,15.0,91.0,178.0,291.0
0,HAT150,JFK,SFO,07:00:00,10:00:00,180,2024-05-27,available,,,,,12.0,19.0,0.0,58.0,162.0,500.0
0,HAT150,JFK,SFO,07:00:00,10:00:00,180,2024-05-28,available,,,,,3.0,3.0,13.0,93.0,107.0,428.0
0,HAT150,JFK,SFO,07:00:00,10:00:00,180,2024-05-29,available,,,,,0.0,18.0,2.0,51.0,123.0,349.0
0,HAT150,JFK,SFO,07:00:00,10:00:00,180,2024-05-30,available,,,,,1.0,7.0,16.0,97.0,166.0,410.0
0,HAT151,JFK,SFO,03:00:00,06:00:00,180,2024-05-01,landed,2024-05-01T03:18:00,2024-05-01T06:32:00,,,,,,,,
0,HAT151,JFK,SFO,03:00:00,06:00:00,180,2024-05-02,landed,2024-05-02T02:56:00,2024-05-02T06:35:00,,,,,,,,
0,HAT151,JFK,SFO,03:00:00,06:00:00,180,2024-05-03,landed,2024-05-03T02:58:00,2024-05-03T05:47:00,,,,,,,,
0,HAT151,JFK,SFO,03:00:00,06:00:00,180,2024-05-04,landed,2024-05-04T03:29:00,2024-05-04T06:36:00,,,,,,,,
0,HAT151,JFK,SFO,03:00:00,06:00:00,180,2024-05-05,landed,2024-05-05T03:02:00,2024-05-05T06:01:00,,,,,,,,
0,HAT151,JFK,SFO,03:00:00,06:00:00,180,2024-05-06,landed,2024-05-06T02:56:00,2024-05-06T06:19:00,,,,,,,,
0,HAT151,JFK,SFO,03:00:00,06:00:00,180,2024-05-07,landed,2024-05-07T02:56:00,2024-05-07T06:18:00,,,,,,,,
0,HAT151,JFK,SFO,03:00:00,06:00:00,180,2024-05-08,landed,2024-05-08T03:12:00,2024-05-08T06:26:00,,,,,,,,
0,HAT151,JFK,SFO,03:00:00,06:00:00,180,2024-05-09,landed,2024-05-09T03:19:00,2024-05-09T06:11:00,,,,,,,,
0,HAT151,JFK,SFO,03:00:00,06:00:00,180,2024-05-10,cancelled,,,,,,,,,,
0,HAT151,JFK,SFO,03:00:00,06:00:00,180,2024-05-11,landed,2024-05-11T03:04:00,2024-05-11T05:48:00,,,,,,,,
0,HAT151,JFK,SFO,03:00:00,06:00:00,180,2024-05-12,landed,2024-05-12T02:42:00,2024-05-12T05:45:00,,,,,,,,
0,HAT151,JFK,SFO,03:00:00,06:00:00,180,2024-05-13,landed,2024-05-13T03:10:00,2024-05-13T06:07:00,,,,,,,,
0,HAT151,JFK,SFO,03:00:00,06:00:00,180,2024-05-14,cancelled,,,,,,,,,,
0,HAT151,JFK,SFO,03:00:00,06:00:00,180,2024-05-15,landed,2024-05-15T03:36:00,2024-05-15T06:50:00,,,,,,,,
0,HAT151,JFK,SFO,03:00:00,06:00:00,180,2024-05-16,available,,,,,8.0,10.0,4.0,74.0,162.0,261.0
0,HAT151,JFK,SFO,03:00:00,06:00:00,180,2024-05-17,available,,,,,11.0,11.0,6.0,94.0,131.0,210.0
0,HAT151,JFK,SFO,03:00:00,06:00:00,180,2024-05-18,available,,,,,3.0,16.0,19.0,66.0,178.0,300.0
0,HAT151,JFK,SFO,03:00:00,06:00:00,180,2024-05-19,available,,,,,12.0,17.0,19.0,95.0,162.0,475.0
0,HAT151,JFK,SFO,03:00:00,06:00:00,180,2024-05-20,available,,,,,17.0,7.0,11.0,71.0,103.0,386.0
0,HAT151,JFK,SFO,03:00:00,06:00:00,180,2024-05-21,available,,,,,14.0,2.0,9.0,89.0,100.0,493.0
0,HAT151,JFK,SFO,03:00:00,06:00:00,180,2024-05-22,available,,,,,17.0,10.0,20.0,62.0,173.0,480.0
0,HAT151,JFK,SFO,03:00:00,06:00:00,180,2024-05-23,available,,,,,2.0,10.0,18.0,84.0,122.0,340.0
0,HAT151,JFK,SFO,03:00:00,06:00:00,180,2024-05-24,available,,,,,11.0,12.0,9.0,75.0,122.0,247.0
0,HAT151,JFK,SFO,03:00:00,06:00:00,180,2024-05-25,available,,,,,10.0,13.0,0.0,84.0,181.0,397.0
0,HAT151,JFK,SFO,03:00:00,06:00:00,180,2024-05-26,available,,,,,18.0,18.0,11.0,67.0,118.0,334.0
0,HAT151,JFK,SFO,03:00:00,06:00:00,180,2024-05-27,available,,,,,10.0,18.0,12.0,66.0,137.0,252.0
0,HAT151,JFK,SFO,03:00:00,06:00:00,180,2024-05-28,available,,,,,5.0,18.0,3.0,63.0,191.0,375.0
0,HAT151,JFK,SFO,03:00:00,06:00:00,180,2024-05-29,available,,,,,8.0,19.0,15.0,61.0,172.0,451.0
0,HAT151,JFK,SFO,03:00:00,06:00:00,180,2024-05-30,available,,,,,13.0,0.0,6.0,69.0,129.0,334.0
0,HAT152,ORD,LAX,14:00:00,16:00:00,120,2024-05-01,landed,2024-05-01T14:32:00,2024-05-01T16:11:00,,,,,,,,
0,HAT152,ORD,LAX,14:00:00,16:00:00,120,2024-05-02,landed,2024-05-02T14:18:00,2024-05-02T16:53:00,,,,,,,,
0,HAT152,ORD,LAX,14:00:00,16:00:00,120,2024-05-03,landed,2024-05-03T14:10:00,2024-05-03T15:44:00,,,,,,,,
0,HAT152,ORD,LAX,14:00:00,16:00:00,120,2024-05-04,landed,2024-05-04T14:04:00,2024-05-04T16:52:00,,,,,,,,
0,HAT152,ORD,LAX,14:00:00,16:00:00,120,2024-05-05,landed,2024-05-05T14:29:00,2024-05-05T15:57:00,,,,,,,,
0,HAT152,ORD,LAX,14:00:00,16:00:00,120,2024-05-06,landed,2024-05-06T13:59:00,2024-05-06T16:09:00,,,,,,,,
0,HAT152,ORD,LAX,14:00:00,16:00:00,120,2024-05-07,landed,2024-05-07T14:23:00,2024-05-07T16:21:00,,,,,,,,
0,HAT152,ORD,LAX,14:00:00,16:00:00,120,2024-05-08,landed,2024-05-08T14:14:00,2024-05-08T16:00:00,,,,,,,,
0,HAT152,ORD,LAX,14:00:00,16:00:00,120,2024-05-09,landed,2024-05-09T13:56:00,2024-05-09T15:40:00,,,,,,,,
0,HAT152,ORD,LAX,14:00:00,16:00:00,120,2024-05-10,landed,2024-05-10T14:27:00,2024-05-10T16:31:00,,,,,,,,
0,HAT152,ORD,LAX,14:00:00,16:00:00,120,2024-05-11,landed,2024-05-11T13:56:00,2024-05-11T16:15:00,,,,,,,,
0,HAT152,ORD,LAX,14:00:00,16:00:00,120,2024-05-12,landed,2024-05-12T14:14:00,2024-05-12T16:28:00,,,,,,,,
0,HAT152,ORD,LAX,14:00:00,16:00:00,120,2024-05-13,landed,2024-05-13T13:46:00,2024-05-13T16:40:00,,,,,,,,
0,HAT152,ORD,LAX,14:00:00,16:00:00,120,2024-05-14,landed,2024-05-14T13:41:00,2024-05-14T16:24:00,,,,,,,,
0,HAT152,ORD,LAX,14:00:00,16:00:00,120,2024-05-15,flying,2024-05-15T14:19:00,,,2024-05-15T16:04:00,,,,,,
0,HAT152,ORD,LAX,14:00:00,16:00:00,120,2024-05-16,available,,,,,9.0,16.0,17.0,55.0,199.0,403.0
0,HAT152,ORD,LAX,14:00:00,16:00:00,120,2024-05-17,available,,,,,11.0,8.0,8.0,85.0,123.0,262.0
0,HAT152,ORD,LAX,14:00:00,16:00:00,120,2024-05-18,available,,,,,1.0,13.0,12.0,77.0,155.0,251.0
0,HAT152,ORD,LAX,14:00:00,16:00:00,120,2024-05-19,available,,,,,3.0,8.0,16.0,88.0,189.0,263.0
0,HAT152,ORD,LAX,14:00:00,16:00:00,120,2024-05-20,available,,,,,11.0,19.0,11.0,75.0,194.0,394.0
0,HAT152,ORD,LAX,14:00:00,16:00:00,120,2024-05-21,available,,,,,3.0,6.0,15.0,55.0,169.0,385.0
0,HAT152,ORD,LAX,14:00:00,16:00:00,120,2024-05-22,available,,,,,1.0,20.0,18.0,82.0,189.0,287.0
0,HAT152,ORD,LAX,14:00:00,16:00:00,120,2024-05-23,available,,,,,3.0,13.0,1.0,89.0,145.0,470.0
0,HAT152,ORD,LAX,14:00:00,16:00:00,120,2024-05-24,available,,,,,0.0,15.0,8.0,95.0,178.0,468.0
0,HAT152,ORD,LAX,14:00:00,16:00:00,120,2024-05-25,available,,,,,6.0,9.0,7.0,64.0,152.0,276.0
0,HAT152,ORD,LAX,14:00:00,16:00:00,120,2024-05-26,available,,,,,5.0,6.0,16.0,83.0,116.0,359.0
0,HAT152,ORD,LAX,14:00:00,16:00:00,120,2024-05-27,available,,,,,4.0,3.0,11.0,88.0,126.0,435.0
0,HAT152,ORD,LAX,14:00:00,16:00:00,120,2024-05-28,available,,,,,13.0,6.0,7.0,54.0,169.0,441.0
0,HAT152,ORD,LAX,14:00:00,16:00:00,120,2024-05-29,available,,,,,5.0,5.0,10.0,51.0,163.0,340.0
0,HAT152,ORD,LAX,14:00:00,16:00:00,120,2024-05-30,available,,,,,6.0,14.0,2.0,86.0,192.0,457.0
0,HAT153,ORD,LAX,08:00:00,10:00:00,120,2024-05-01,landed,2024-05-01T07:52:00,2024-05-01T10:09:00,,,,,,,,
0,HAT153,ORD,LAX,08:00:00,10:00:00,120,2024-05-02,landed,2024-05-02T08:19:00,2024-05-02T10:15:00,,,,,,,,
0,HAT153,ORD,LAX,08:00:00,10:00:00,120,2024-05-03,landed,2024-05-03T07:49:00,2024-05-03T10:19:00,,,,,,,,
0,HAT153,ORD,LAX,08:00:00,10:00:00,120,2024-05-04,landed,2024-05-04T08:00:00,2024-05-04T10:12:00,,,,,,,,
0,HAT153,ORD,LAX,08:00:00,10:00:00,120,2024-05-05,landed,2024-05-05T08:13:00,2024-05-05T10:42:00,,,,,,,,
0,HAT153,ORD,LAX,08:00:00,10:00:00,120,2024-05-06,landed,2024-05-06T08:13:00,2024-05-06T10:54:00,,,,,,,,
0,HAT153,ORD,LAX,08:00:00,10:00:00,120,2024-05-07,landed,2024-05-07T08:09:00,2024-05-07T10:55:00,,,,,,,,
0,HAT153,ORD,LAX,08:00:00,10:00:00,120,2024-05-08,landed,2024-05-08T07:49:00,2024-05-08T10:48:00,,,,,,,,
0,HAT153,ORD,LAX,08:00:00,10:00:00,120,2024-05-09,landed,2024-05-09T08:30:00,2024-05-09T10:25:00,,,,,,,,
0,HAT153,ORD,LAX,08:00:00,10:00:00,120,2024-05-10,landed,2024-05-10T08:11:00,2024-05-10T10:10:00,,,,,,,,
0,HAT153,ORD,LAX,08:00:00,10:00:00,120,2024-05-11,landed,2024-05-11T08:28:00,2024-05-11T10:12:00,,,,,,,,
0,HAT153,ORD,LAX,08:00:00,10:00:00,120,2024-05-12,landed,2024-05-12T08:06:00,2024-05-12T10:52:00,,,,,,,,
0,HAT153,ORD,LAX,08:00:00,10:00:00,120,2024-05-13,landed,2024-05-13T08:40:00,2024-05-13T09:39:00,,,,,,,,
0,HAT153,ORD,LAX,08:00:00,10:00:00,120,2024-05-14,landed,2024-05-14T08:17:00,2024-05-14T09:56:00,,,,,,,,
0,HAT153,ORD,LAX,08:00:00,10:00:00,120,2024-05-15,landed,2024-05-15T08:31:00,2024-05-15T10:06:00,,,,,,,,
0,HAT153,ORD,LAX,08:00:00,10:00:00,120,2024-05-16,available,,,,,14.0,0.0,6.0,56.0,116.0,286.0
0,HAT153,ORD,LAX,08:00:00,10:00:00,120,2024-05-17,available,,,,,1.0,18.0,13.0,83.0,162.0,278.0
0,HAT153,ORD,LAX,08:00:00,10:00:00,120,2024-05-18,available,,,,,9.0,12.0,17.0,60.0,183.0,211.0
0,HAT153,ORD,LAX,08:00:00,10:00:00,120,2024-05-19,available,,,,,13.0,6.0,15.0,98.0,152.0,256.0
0,HAT153,ORD,LAX,08:00:00,10:00:00,120,2024-05-20,available,,,,,12.0,0.0,0.0,95.0,130.0,477.0
0,HAT153,ORD,LAX,08:00:00,10:00:00,120,2024-05-21,available,,,,,7.0,17.0,17.0,89.0,155.0,343.0
0,HAT153,ORD,LAX,08:00:00,10:00:00,120,2024-05-22,available,,,,,15.0,20.0,14.0,88.0,153.0,208.0
0,HAT153,ORD,LAX,08:00:00,10:00:00,120,2024-05-23,available,,,,,16.0,9.0,14.0,69.0,198.0,322.0
0,HAT153,ORD,LAX,08:00:00,10:00:00,120,2024-05-24,available,,,,,17.0,4.0,10.0,90.0,160.0,358.0
0,HAT153,ORD,LAX,08:00:00,10:00:00,120,2024-05-25,available,,,,,18.0,5.0,20.0,96.0,145.0,435.0
0,HAT153,ORD,LAX,08:00:00,10:00:00,120,2024-05-26,available,,,,,10.0,15.0,3.0,87.0,113.0,234.0
0,HAT153,ORD,LAX,08:00:00,10:00:00,120,2024-05-27,available,,,,,16.0,13.0,16.0,93.0,135.0,237.0
0,HAT153,ORD,LAX,08:00:00,10:00:00,120,2024-05-28,available,,,,,4.0,20.0,19.0,89.0,143.0,435.0
0,HAT153,ORD,LAX,08:00:00,10:00:00,120,2024-05-29,available,,,,,20.0,4.0,13.0,65.0,103.0,212.0
0,HAT153,ORD,LAX,08:00:00,10:00:00,120,2024-05-30,available,,,,,20.0,8.0,14.0,87.0,174.0,482.0
0,HAT154,LAS,SEA,10:00:00,14:00:00,240,2024-05-01,landed,2024-05-01T10:32:00,2024-05-01T14:06:00,,,,,,,,
0,HAT154,LAS,SEA,10:00:00,14:00:00,240,2024-05-02,landed,2024-05-02T10:05:00,2024-05-02T14:53:00,,,,,,,,
0,HAT154,LAS,SEA,10:00:00,14:00:00,240,2024-05-03,landed,2024-05-03T09:49:00,2024-05-03T13:54:00,,,,,,,,
0,HAT154,LAS,SEA,10:00:00,14:00:00,240,2024-05-04,landed,2024-05-04T09:42:00,2024-05-04T13:45:00,,,,,,,,
0,HAT154,LAS,SEA,10:00:00,14:00:00,240,2024-05-05,landed,2024-05-05T10:39:00,2024-05-05T14:09:00,,,,,,,,
0,HAT154,LAS,SEA,10:00:00,14:00:00,240,2024-05-06,landed,2024-05-06T10:28:00,2024-05-06T13:45:00,,,,,,,,
0,HAT154,LAS,SEA,10:00:00,14:00:00,240,2024-05-07,landed,2024-05-07T10:39:00,2024-05-07T13:44:00,,,,,,,,
0,HAT154,LAS,SEA,10:00:00,14:00:00,240,2024-05-08,landed,2024-05-08T10:01:00,2024-05-08T13:53:00,,,,,,,,
0,HAT154,LAS,SEA,10:00:00,14:00:00,240,2024-05-09,cancelled,,,,,,,,,,
0,HAT154,LAS,SEA,10:00:00,14:00:00,240,2024-05-10,landed,2024-05-10T09:59:00,2024-05-10T13:59:00,,,,,,,,
0,HAT154,LAS,SEA,10:00:00,14:00:00,240,2024-05-11,landed,2024-05-11T09:47:00,2024-05-11T14:55:00,,,,,,,,
0,HAT154,LAS,SEA,10:00:00,14:00:00,240,2024-05-12,landed,2024-05-12T10:09:00,2024-05-12T13:46:00,,,,,,,,
0,HAT154,LAS,SEA,10:00:00,14:00:00,240,2024-05-13,landed,2024-05-13T10:01:00,2024-05-13T13:44:00,,,,,,,,
0,HAT154,LAS,SEA,10:00:00,14:00:00,240,2024-05-14,landed,2024-05-14T10:39:00,2024-05-14T13:58:00,,,,,,,,
0,HAT154,LAS,SEA,10:00:00,14:00:00,240,2024-05-15,landed,2024-05-15T10:23:00,2024-05-15T13:50:00,,,,,,,,
0,HAT154,LAS,SEA,10:00:00,14:00:00,240,2024-05-16,available,,,,,14.0,1.0,11.0,71.0,102.0,363.0
0,HAT154,LAS,SEA,10:00:00,14:00:00,240,2024-05-17,available,,,,,9.0,13.0,19.0,83.0,101.0,206.0
0,HAT154,LAS,SEA,10:00:00,14:00:00,240,2024-05-18,available,,,,,4.0,4.0,10.0,59.0,109.0,405.0
0,HAT154,LAS,SEA,10:00:00,14:00:00,240,2024-05-19,available,,,,,7.0,5.0,10.0,93.0,140.0,391.0
0,HAT154,LAS,SEA,10:00:00,14:00:00,240,2024-05-20,available,,,,,20.0,19.0,18.0,90.0,118.0,269.0
0,HAT154,LAS,SEA,10:00:00,14:00:00,240,2024-05-21,available,,,,,4.0,10.0,5.0,76.0,100.0,324.0
0,HAT154,LAS,SEA,10:00:00,14:00:00,240,2024-05-22,available,,,,,2.0,18.0,20.0,59.0,183.0,357.0
0,HAT154,LAS,SEA,10:00:00,14:00:00,240,2024-05-23,available,,,,,19.0,10.0,5.0,86.0,118.0,311.0
0,HAT154,LAS,SEA,10:00:00,14:00:00,240,2024-05-24,available,,,,,14.0,10.0,19.0,89.0,180.0,339.0
0,HAT154,LAS,SEA,10:00:00,14:00:00,240,2024-05-25,available,,,,,18.0,2.0,19.0,59.0,156.0,323.0
0,HAT154,LAS,SEA,10:00:00,14:00:00,240,2024-05-26,available,,,,,6.0,19.0,18.0,73.0,142.0,425.0
0,HAT154,LAS,SEA,10:00:00,14:00:00,240,2024-05-27,available,,,,,6.0,15.0,10.0,60.0,153.0,303.0
0,HAT154,LAS,SEA,10:00:00,14:00:00,240,2024-05-28,available,,,,,18.0,15.0,8.0,83.0,137.0,500.0
0,HAT154,LAS,SEA,10:00:00,14:00:00,240,2024-05-29,available,,,,,14.0,2.0,3.0,77.0,129.0,371.0
0,HAT154,LAS,SEA,10:00:00,14:00:00,240,2024-05-30,available,,,,,20.0,17.0,17.0,52.0,122.0,211.0
0,HAT155,LAS,SEA,22:00:00,02:00:00+1,240,2024-05-01,landed,2024-05-01T21:41:00,2024-05-02T02:07:00,,,,,,,,
0,HAT155,LAS,SEA,22:00:00,02:00:00+1,240,2024-05-02,landed,2024-05-02T22:06:00,2024-05-03T01:51:00,,,,,,,,
0,HAT155,LAS,SEA,22:00:00,02:00:00+1,240,2024-05-03,landed,2024-05-03T21:50:00,2024-05-04T02:04:00,,,,,,,,
0,HAT155,LAS,SEA,22:00:00,02:00:00+1,240,2024-05-04,landed,2024-05-04T22:06:00,2024-05-05T02:46:00,,,,,,,,
0,HAT155,LAS,SEA,22:00:00,02:00:00+1,240,2024-05-05,landed,2024-05-05T22:30:00,2024-05-06T02:50:00,,,,,,,,
0,HAT155,LAS,SEA,22:00:00,02:00:00+1,240,2024-05-06,landed,2024-05-06T22:37:00,2024-05-07T01:42:00,,,,,,,,
0,HAT155,LAS,SEA,22:00:00,02:00:00+1,240,2024-05-07,landed,2024-05-07T21:56:00,2024-05-08T02:54:00,,,,,,,,
0,HAT155,LAS,SEA,22:00:00,02:00:00+1,240,2024-05-08,landed,2024-05-08T21:47:00,2024-05-09T01:38:00,,,,,,,,
0,HAT155,LAS,SEA,22:00:00,02:00:00+1,240,2024-05-09,landed,2024-05-09T22:03:00,2024-05-10T02:07:00,,,,,,,,
0,HAT155,LAS,SEA,22:00:00,02:00:00+1,240,2024-05-10,landed,2024-05-10T21:56:00,2024-05-11T02:26:00,,,,,,,,
0,HAT155,LAS,SEA,22:00:00,02:00:00+1,240,2024-05-11,landed,2024-05-11T22:35:00,2024-05-12T01:45:00,,,,,,,,
0,HAT155,LAS,SEA,22:00:00,02:00:00+1,240,2024-05-12,landed,2024-05-12T22:28:00,2024-05-13T02:38:00,,,,,,,,
0,HAT155,LAS,SEA,22:00:00,02:00:00+1,240,2024-05-13,landed,2024-05-13T22:40:00,2024-05-14T02:14:00,,,,,,,,
0,HAT155,LAS,SEA,22:00:00,02:00:00+1,240,2024-05-14,landed,2024-05-14T22:02:00,2024-05-15T01:57:00,,,,,,,,
0,HAT155,LAS,SEA,22:00:00,02:00:00+1,240,2024-05-15,on time,,,2024-05-15T22:29:00,2024-05-16T02:29:00,,,,,,
0,HAT155,LAS,SEA,22:00:00,02:00:00+1,240,2024-05-16,available,,,,,3.0,12.0,6.0,73.0,110.0,338.0
0,HAT155,LAS,SEA,22:00:00,02:00:00+1,240,2024-05-17,available,,,,,8.0,19.0,1.0,99.0,187.0,423.0
0,HAT155,LAS,SEA,22:00:00,02:00:00+1,240,2024-05-18,available,,,,,5.0,15.0,18.0,76.0,187.0,420.0
0,HAT155,LAS,SEA,22:00:00,02:00:00+1,240,2024-05-19,available,,,,,2.0,9.0,5.0,58.0,105.0,331.0
0,HAT155,LAS,SEA,22:00:00,02:00:00+1,240,2024-05-20,available,,,,,3.0,15.0,8.0,55.0,173.0,224.0
0,HAT155,LAS,SEA,22:00:00,02:00:00+1,240,2024-05-21,available,,,,,10.0,0.0,13.0,56.0,102.0,247.0
0,HAT155,LAS,SEA,22:00:00,02:00:00+1,240,2024-05-22,available,,,,,15.0,0.0,8.0,75.0,197.0,432.0
0,HAT155,LAS,SEA,22:00:00,02:00:00+1,240,2024-05-23,available,,,,,1.0,1.0,9.0,82.0,166.0,484.0
0,HAT155,LAS,SEA,22:00:00,02:00:00+1,240,2024-05-24,available,,,,,5.0,9.0,17.0,94.0,133.0,276.0
0,HAT155,LAS,SEA,22:00:00,02:00:00+1,240,2024-05-25,available,,,,,2.0,1.0,2.0,100.0,155.0,496.0
0,HAT155,LAS,SEA,22:00:00,02:00:00+1,240,2024-05-26,available,,,,,20.0,10.0,7.0,54.0,152.0,287.0
0,HAT155,LAS,SEA,22:00:00,02:00:00+1,240,2024-05-27,available,,,,,12.0,12.0,2.0,61.0,177.0,244.0
0,HAT155,LAS,SEA,22:00:00,02:00:00+1,240,2024-05-28,available,,,,,8.0,20.0,12.0,53.0,200.0,252.0
0,HAT155,LAS,SEA,22:00:00,02:00:00+1,240,2024-05-29,available,,,,,16.0,16.0,12.0,73.0,137.0,350.0
0,HAT155,LAS,SEA,22:00:00,02:00:00+1,240,2024-05-30,available,,,,,17.0,12.0,8.0,63.0,180.0,246.0
0,HAT156,LAS,SEA,19:00:00,23:00:00,240,2024-05-01,landed,2024-05-01T19:07:00,2024-05-01T23:52:00,,,,,,,,
0,HAT156,LAS,SEA,19:00:00,23:00:00,240,2024-05-02,landed,2024-05-02T18:42:00,2024-05-02T23:16:00,,,,,,,,
0,HAT156,LAS,SEA,19:00:00,23:00:00,240,2024-05-03,cancelled,,,,,,,,,,
0,HAT156,LAS,SEA,19:00:00,23:00:00,240,2024-05-04,landed,2024-05-04T18:57:00,2024-05-04T23:07:00,,,,,,,,
0,HAT156,LAS,SEA,19:00:00,23:00:00,240,2024-05-05,landed,2024-05-05T19:37:00,2024-05-05T22:52:00,,,,,,,,
0,HAT156,LAS,SEA,19:00:00,23:00:00,240,2024-05-06,landed,2024-05-06T19:28:00,2024-05-06T23:10:00,,,,,,,,
0,HAT156,LAS,SEA,19:00:00,23:00:00,240,2024-05-07,landed,2024-05-07T19:02:00,2024-05-07T23:05:00,,,,,,,,
0,HAT156,LAS,SEA,19:00:00,23:00:00,240,2024-05-08,landed,2024-05-08T19:16:00,2024-05-08T23:43:00,,,,,,,,
0,HAT156,LAS,SEA,19:00:00,23:00:00,240,2024-05-09,landed,2024-05-09T19:05:00,2024-05-09T23:24:00,,,,,,,,
0,HAT156,LAS,SEA,19:00:00,23:00:00,240,2024-05-10,landed,2024-05-10T18:50:00,2024-05-10T23:01:00,,,,,,,,
0,HAT156,LAS,SEA,19:00:00,23:00:00,240,2024-05-11,landed,2024-05-11T19:19:00,2024-05-11T22:38:00,,,,,,,,
0,HAT156,LAS,SEA,19:00:00,23:00:00,240,2024-05-12,landed,2024-05-12T19:18:00,2024-05-12T23:01:00,,,,,,,,
0,HAT156,LAS,SEA,19:00:00,23:00:00,240,2024-05-13,landed,2024-05-13T18:51:00,2024-05-13T23:03:00,,,,,,,,
0,HAT156,LAS,SEA,19:00:00,23:00:00,240,2024-05-14,landed,2024-05-14T19:26:00,2024-05-14T22:37:00,,,,,,,,
0,HAT156,LAS,SEA,19:00:00,23:00:00,240,2024-05-15,delayed,,,2024-05-15T21:20:00,2024-05-16T02:34:00,,,,,,
0,HAT156,LAS,SEA,19:00:00,23:00:00,240,2024-05-16,available,,,,,6.0,16.0,9.0,96.0,147.0,260.0
0,HAT156,LAS,SEA,19:00:00,23:00:00,240,2024-05-17,available,,,,,6.0,1.0,6.0,70.0,190.0,483.0
0,HAT156,LAS,SEA,19:00:00,23:00:00,240,2024-05-18,available,,,,,15.0,18.0,9.0,51.0,122.0,340.0
0,HAT156,LAS,SEA,19:00:00,23:00:00,240,2024-05-19,available,,,,,14.0,18.0,6.0,68.0,165.0,241.0
0,HAT156,LAS,SEA,19:00:00,23:00:00,240,2024-05-20,available,,,,,3.0,2.0,5.0,94.0,172.0,303.0
0,HAT156,LAS,SEA,19:00:00,23:00:00,240,2024-05-21,available,,,,,4.0,14.0,15.0,72.0,102.0,445.0
0,HAT156,LAS,SEA,19:00:00,23:00:00,240,2024-05-22,available,,,,,11.0,16.0,3.0,60.0,143.0,352.0
0,HAT156,LAS,SEA,19:00:00,23:00:00,240,2024-05-23,available,,,,,3.0,13.0,20.0,59.0,102.0,252.0
0,HAT156,LAS,SEA,19:00:00,23:00:00,240,2024-05-24,available,,,,,7.0,6.0,14.0,57.0,113.0,330.0
0,HAT156,LAS,SEA,19:00:00,23:00:00,240,2024-05-25,available,,,,,10.0,16.0,15.0,64.0,120.0,245.0
0,HAT156,LAS,SEA,19:00:00,23:00:00,240,2024-05-26,available,,,,,15.0,11.0,0.0,66.0,121.0,283.0
0,HAT156,LAS,SEA,19:00:00,23:00:00,240,2024-05-27,available,,,,,8.0,7.0,19.0,66.0,112.0,281.0
0,HAT156,LAS,SEA,19:00:00,23:00:00,240,2024-05-28,available,,,,,6.0,2.0,9.0,54.0,197.0,368.0
0,HAT156,LAS,SEA,19:00:00,23:00:00,240,2024-05-29,available,,,,,2.0,15.0,10.0,51.0,147.0,340.0
0,HAT156,LAS,SEA,19:00:00,23:00:00,240,2024-05-30,available,,,,,9.0,16.0,6.0,50.0,158.0,328.0
0,HAT157,ATL,ORD,16:00:00,19:30:00,210,2024-05-01,landed,2024-05-01T16:35:00,2024-05-01T20:25:00,,,,,,,,
0,HAT157,ATL,ORD,16:00:00,19:30:00,210,2024-05-02,landed,2024-05-02T15:41:00,2024-05-02T19:20:00,,,,,,,,
0,HAT157,ATL,ORD,16:00:00,19:30:00,210,2024-05-03,landed,2024-05-03T15:45:00,2024-05-03T19:08:00,,,,,,,,
0,HAT157,ATL,ORD,16:00:00,19:30:00,210,2024-05-04,landed,2024-05-04T16:09:00,2024-05-04T19:11:00,,,,,,,,
0,HAT157,ATL,ORD,16:00:00,19:30:00,210,2024-05-05,landed,2024-05-05T16:09:00,2024-05-05T19:08:00,,,,,,,,
0,HAT157,ATL,ORD,16:00:00,19:30:00,210,2024-05-06,landed,2024-05-06T16:07:00,2024-05-06T19:45:00,,,,,,,,
0,HAT157,ATL,ORD,16:00:00,19:30:00,210,2024-05-07,landed,2024-05-07T16:13:00,2024-05-07T19:16:00,,,,,,,,
0,HAT157,ATL,ORD,16:00:00,19:30:00,210,2024-05-08,landed,2024-05-08T16:09:00,2024-05-08T19:45:00,,,,,,,,
0,HAT157,ATL,ORD,16:00:00,19:30:00,210,2024-05-09,landed,2024-05-09T15:49:00,2024-05-09T19:27:00,,,,,,,,
0,HAT157,ATL,ORD,16:00:00,19:30:00,210,2024-05-10,cancelled,,,,,,,,,,
0,HAT157,ATL,ORD,16:00:00,19:30:00,210,2024-05-11,landed,2024-05-11T16:28:00,2024-05-11T19:25:00,,,,,,,,
0,HAT157,ATL,ORD,16:00:00,19:30:00,210,2024-05-12,landed,2024-05-12T16:23:00,2024-05-12T19:11:00,,,,,,,,
0,HAT157,ATL,ORD,16:00:00,19:30:00,210,2024-05-13,landed,2024-05-13T16:18:00,2024-05-13T19:27:00,,,,,,,,
0,HAT157,ATL,ORD,16:00:00,19:30:00,210,2024-05-14,landed,2024-05-14T16:28:00,2024-05-14T20:17:00,,,,,,,,
0,HAT157,ATL,ORD,16:00:00,19:30:00,210,2024-05-15,on time,,,2024-05-15T16:02:00,2024-05-15T19:26:00,,,,,,
0,HAT157,ATL,ORD,16:00:00,19:30:00,210,2024-05-16,available,,,,,15.0,7.0,13.0,51.0,151.0,380.0
0,HAT157,ATL,ORD,16:00:00,19:30:00,210,2024-05-17,available,,,,,9.0,15.0,3.0,61.0,132.0,379.0
0,HAT157,ATL,ORD,16:00:00,19:30:00,210,2024-05-18,available,,,,,20.0,3.0,1.0,97.0,194.0,473.0
0,HAT157,ATL,ORD,16:00:00,19:30:00,210,2024-05-19,available,,,,,14.0,4.0,10.0,56.0,110.0,409.0
0,HAT157,ATL,ORD,16:00:00,19:30:00,210,2024-05-20,available,,,,,6.0,8.0,13.0,57.0,124.0,413.0
0,HAT157,ATL,ORD,16:00:00,19:30:00,210,2024-05-21,available,,,,,3.0,1.0,12.0,58.0,195.0,472.0
0,HAT157,ATL,ORD,16:00:00,19:30:00,210,2024-05-22,available,,,,,10.0,17.0,9.0,88.0,191.0,255.0
0,HAT157,ATL,ORD,16:00:00,19:30:00,210,2024-05-23,available,,,,,2.0,19.0,15.0,54.0,118.0,275.0
0,HAT157,ATL,ORD,16:00:00,19:30:00,210,2024-05-24,available,,,,,4.0,6.0,16.0,51.0,163.0,352.0
0,HAT157,ATL,ORD,16:00:00,19:30:00,210,2024-05-25,available,,,,,9.0,4.0,9.0,96.0,111.0,463.0
0,HAT157,ATL,ORD,16:00:00,19:30:00,210,2024-05-26,available,,,,,18.0,16.0,19.0,74.0,175.0,314.0
0,HAT157,ATL,ORD,16:00:00,19:30:00,210,2024-05-27,available,,,,,16.0,3.0,13.0,56.0,163.0,463.0
0,HAT157,ATL,ORD,16:00:00,19:30:00,210,2024-05-28,available,,,,,5.0,10.0,3.0,86.0,176.0,491.0
0,HAT157,ATL,ORD,16:00:00,19:30:00,210,2024-05-29,available,,,,,18.0,13.0,5.0,55.0,147.0,243.0
0,HAT157,ATL,ORD,16:00:00,19:30:00,210,2024-05-30,available,,,,,18.0,15.0,5.0,56.0,154.0,256.0
0,HAT158,ATL,ORD,09:00:00,12:30:00,210,2024-05-01,landed,2024-05-01T09:08:00,2024-05-01T12:15:00,,,,,,,,
0,HAT158,ATL,ORD,09:00:00,12:30:00,210,2024-05-02,landed,2024-05-02T09:02:00,2024-05-02T12:26:00,,,,,,,,
0,HAT158,ATL,ORD,09:00:00,12:30:00,210,2024-05-03,landed,2024-05-03T09:25:00,2024-05-03T12:17:00,,,,,,,,
0,HAT158,ATL,ORD,09:00:00,12:30:00,210,2024-05-04,landed,2024-05-04T08:40:00,2024-05-04T12:26:00,,,,,,,,
0,HAT158,ATL,ORD,09:00:00,12:30:00,210,2024-05-05,landed,2024-05-05T09:07:00,2024-05-05T13:16:00,,,,,,,,
0,HAT158,ATL,ORD,09:00:00,12:30:00,210,2024-05-06,landed,2024-05-06T09:14:00,2024-05-06T12:51:00,,,,,,,,
0,HAT158,ATL,ORD,09:00:00,12:30:00,210,2024-05-07,landed,2024-05-07T09:33:00,2024-05-07T13:14:00,,,,,,,,
0,HAT158,ATL,ORD,09:00:00,12:30:00,210,2024-05-08,landed,2024-05-08T09:31:00,2024-05-08T13:02:00,,,,,,,,
0,HAT158,ATL,ORD,09:00:00,12:30:00,210,2024-05-09,landed,2024-05-09T09:09:00,2024-05-09T13:25:00,,,,,,,,
0,HAT158,ATL,ORD,09:00:00,12:30:00,210,2024-05-10,landed,2024-05-10T08:44:00,2024-05-10T12:06:00,,,,,,,,
0,HAT158,ATL,ORD,09:00:00,12:30:00,210,2024-05-11,cancelled,,,,,,,,,,
0,HAT158,ATL,ORD,09:00:00,12:30:00,210,2024-05-12,landed,2024-05-12T09:10:00,2024-05-12T12:57:00,,,,,,,,
0,HAT158,ATL,ORD,09:00:00,12:30:00,210,2024-05-13,landed,2024-05-13T09:13:00,2024-05-13T12:10:00,,,,,,,,
0,HAT158,ATL,ORD,09:00:00,12:30:00,210,2024-05-14,landed,2024-05-14T09:31:00,2024-05-14T12:14:00,,,,,,,,
0,HAT158,ATL,ORD,09:00:00,12:30:00,210,2024-05-15,landed,2024-05-15T08:43:00,2024-05-15T12:58:00,,,,,,,,
0,HAT158,ATL,ORD,09:00:00,12:30:00,210,2024-05-16,available,,,,,11.0,8.0,12.0,69.0,132.0,229.0
0,HAT158,ATL,ORD,09:00:00,12:30:00,210,2024-05-17,available,,,,,13.0,5.0,16.0,85.0,169.0,457.0
0,HAT158,ATL,ORD,09:00:00,12:30:00,210,2024-05-18,available,,,,,20.0,20.0,12.0,90.0,200.0,480.0
0,HAT158,ATL,ORD,09:00:00,12:30:00,210,2024-05-19,available,,,,,16.0,18.0,10.0,86.0,108.0,468.0
0,HAT158,ATL,ORD,09:00:00,12:30:00,210,2024-05-20,available,,,,,19.0,4.0,19.0,67.0,185.0,411.0
0,HAT158,ATL,ORD,09:00:00,12:30:00,210,2024-05-21,available,,,,,0.0,6.0,10.0,88.0,156.0,289.0
0,HAT158,ATL,ORD,09:00:00,12:30:00,210,2024-05-22,available,,,,,18.0,12.0,4.0,78.0,178.0,402.0
0,HAT158,ATL,ORD,09:00:00,12:30:00,210,2024-05-23,available,,,,,15.0,20.0,10.0,80.0,178.0,458.0
0,HAT158,ATL,ORD,09:00:00,12:30:00,210,2024-05-24,available,,,,,18.0,16.0,3.0,51.0,157.0,336.0
0,HAT158,ATL,ORD,09:00:00,12:30:00,210,2024-05-25,available,,,,,6.0,4.0,19.0,50.0,173.0,464.0
0,HAT158,ATL,ORD,09:00:00,12:30:00,210,2024-05-26,available,,,,,1.0,18.0,14.0,84.0,196.0,397.0
0,HAT158,ATL,ORD,09:00:00,12:30:00,210,2024-05-27,available,,,,,12.0,19.0,5.0,81.0,117.0,495.0
0,HAT158,ATL,ORD,09:00:00,12:30:00,210,2024-05-28,available,,,,,3.0,11.0,1.0,63.0,119.0,369.0
0,HAT158,ATL,ORD,09:00:00,12:30:00,210,2024-05-29,available,,,,,2.0,12.0,17.0,99.0,161.0,262.0
0,HAT158,ATL,ORD,09:00:00,12:30:00,210,2024-05-30,available,,,,,14.0,20.0,18.0,52.0,117.0,479.0
0,HAT159,ATL,ORD,13:00:00,16:30:00,210,2024-05-01,landed,2024-05-01T12:41:00,2024-05-01T16:17:00,,,,,,,,
0,HAT159,ATL,ORD,13:00:00,16:30:00,210,2024-05-02,landed,2024-05-02T13:32:00,2024-05-02T16:27:00,,,,,,,,
0,HAT159,ATL,ORD,13:00:00,16:30:00,210,2024-05-03,landed,2024-05-03T13:29:00,2024-05-03T17:06:00,,,,,,,,
0,HAT159,ATL,ORD,13:00:00,16:30:00,210,2024-05-04,landed,2024-05-04T12:48:00,2024-05-04T16:20:00,,,,,,,,
0,HAT159,ATL,ORD,13:00:00,16:30:00,210,2024-05-05,landed,2024-05-05T13:21:00,2024-05-05T17:00:00,,,,,,,,
0,HAT159,ATL,ORD,13:00:00,16:30:00,210,2024-05-06,cancelled,,,,,,,,,,
0,HAT159,ATL,ORD,13:00:00,16:30:00,210,2024-05-07,cancelled,,,,,,,,,,
0,HAT159,ATL,ORD,13:00:00,16:30:00,210,2024-05-08,landed,2024-05-08T13:01:00,2024-05-08T16:08:00,,,,,,,,
0,HAT159,ATL,ORD,13:00:00,16:30:00,210,2024-05-09,landed,2024-05-09T12:40:00,2024-05-09T16:48:00,,,,,,,,
0,HAT159,ATL,ORD,13:00:00,16:30:00,210,2024-05-10,landed,2024-05-10T13:16:00,2024-05-10T17:16:00,,,,,,,,
0,HAT159,ATL,ORD,13:00:00,16:30:00,210,2024-05-11,cancelled,,,,,,,,,,
0,HAT159,ATL,ORD,13:00:00,16:30:00,210,2024-05-12,cancelled,,,,,,,,,,
0,HAT159,ATL,ORD,13:00:00,16:30:00,210,2024-05-13,landed,2024-05-13T13:12:00,2024-05-13T17:16:00,,,,,,,,
0,HAT159,ATL,ORD,13:00:00,16:30:00,210,2024-05-14,landed,2024-05-14T12:58:00,2024-05-14T17:14:00,,,,,,,,
0,HAT159,ATL,ORD,13:00:00,16:30:00,210,2024-05-15,flying,2024-05-15T12:47:00,,,2024-05-15T16:24:00,,,,,,
0,HAT159,ATL,ORD,13:00:00,16:30:00,210,2024-05-16,available,,,,,19.0,5.0,15.0,71.0,195.0,389.0
0,HAT159,ATL,ORD,13:00:00,16:30:00,210,2024-05-17,available,,,,,3.0,8.0,19.0,85.0,173.0,408.0
0,HAT159,ATL,ORD,13:00:00,16:30:00,210,2024-05-18,available,,,,,2.0,10.0,9.0,51.0,153.0,433.0
0,HAT159,ATL,ORD,13:00:00,16:30:00,210,2024-05-19,available,,,,,0.0,19.0,4.0,100.0,157.0,490.0
0,HAT159,ATL,ORD,13:00:00,16:30:00,210,2024-05-20,available,,,,,6.0,17.0,5.0,54.0,117.0,374.0
0,HAT159,ATL,ORD,13:00:00,16:30:00,210,2024-05-21,available,,,,,1.0,0.0,18.0,69.0,119.0,355.0
0,HAT159,ATL,ORD,13:00:00,16:30:00,210,2024-05-22,available,,,,,7.0,7.0,19.0,95.0,154.0,263.0
0,HAT159,ATL,ORD,13:00:00,16:30:00,210,2024-05-23,available,,,,,3.0,7.0,18.0,69.0,101.0,424.0
0,HAT159,ATL,ORD,13:00:00,16:30:00,210,2024-05-24,available,,,,,19.0,12.0,19.0,80.0,140.0,299.0
0,HAT159,ATL,ORD,13:00:00,16:30:00,210,2024-05-25,available,,,,,20.0,18.0,3.0,53.0,120.0,278.0
0,HAT159,ATL,ORD,13:00:00,16:30:00,210,2024-05-26,available,,,,,2.0,9.0,18.0,97.0,105.0,469.0
0,HAT159,ATL,ORD,13:00:00,16:30:00,210,2024-05-27,available,,,,,11.0,4.0,0.0,60.0,142.0,500.0
0,HAT159,ATL,ORD,13:00:00,16:30:00,210,2024-05-28,available,,,,,4.0,5.0,16.0,90.0,115.0,421.0
0,HAT159,ATL,ORD,13:00:00,16:30:00,210,2024-05-29,available,,,,,14.0,8.0,13.0,53.0,195.0,319.0
0,HAT159,ATL,ORD,13:00:00,16:30:00,210,2024-05-30,available,,,,,3.0,18.0,1.0,80.0,100.0,237.0
0,HAT160,ATL,ORD,01:00:00,04:30:00,210,2024-05-01,landed,2024-05-01T01:02:00,2024-05-01T04:32:00,,,,,,,,
0,HAT160,ATL,ORD,01:00:00,04:30:00,210,2024-05-02,landed,2024-05-02T01:12:00,2024-05-02T04:18:00,,,,,,,,
0,HAT160,ATL,ORD,01:00:00,04:30:00,210,2024-05-03,landed,2024-05-03T01:04:00,2024-05-03T04:25:00,,,,,,,,
0,HAT160,ATL,ORD,01:00:00,04:30:00,210,2024-05-04,landed,2024-05-04T00:49:00,2024-05-04T05:18:00,,,,,,,,
0,HAT160,ATL,ORD,01:00:00,04:30:00,210,2024-05-05,landed,2024-05-05T01:07:00,2024-05-05T04:30:00,,,,,,,,
0,HAT160,ATL,ORD,01:00:00,04:30:00,210,2024-05-06,landed,2024-05-06T01:00:00,2024-05-06T05:15:00,,,,,,,,
0,HAT160,ATL,ORD,01:00:00,04:30:00,210,2024-05-07,landed,2024-05-07T01:24:00,2024-05-07T04:12:00,,,,,,,,
0,HAT160,ATL,ORD,01:00:00,04:30:00,210,2024-05-08,landed,2024-05-08T01:02:00,2024-05-08T04:40:00,,,,,,,,
0,HAT160,ATL,ORD,01:00:00,04:30:00,210,2024-05-09,landed,2024-05-09T01:13:00,2024-05-09T04:25:00,,,,,,,,
0,HAT160,ATL,ORD,01:00:00,04:30:00,210,2024-05-10,landed,2024-05-10T01:02:00,2024-05-10T05:05:00,,,,,,,,
0,HAT160,ATL,ORD,01:00:00,04:30:00,210,2024-05-11,landed,2024-05-11T00:52:00,2024-05-11T04:31:00,,,,,,,,
0,HAT160,ATL,ORD,01:00:00,04:30:00,210,2024-05-12,landed,2024-05-12T01:39:00,2024-05-12T05:19:00,,,,,,,,
0,HAT160,ATL,ORD,01:00:00,04:30:00,210,2024-05-13,landed,2024-05-13T00:44:00,2024-05-13T04:41:00,,,,,,,,
0,HAT160,ATL,ORD,01:00:00,04:30:00,210,2024-05-14,landed,2024-05-14T00:53:00,2024-05-14T04:12:00,,,,,,,,
0,HAT160,ATL,ORD,01:00:00,04:30:00,210,2024-05-15,landed,2024-05-15T01:15:00,2024-05-15T04:12:00,,,,,,,,
0,HAT160,ATL,ORD,01:00:00,04:30:00,210,2024-05-16,available,,,,,13.0,10.0,17.0,52.0,129.0,320.0
0,HAT160,ATL,ORD,01:00:00,04:30:00,210,2024-05-17,available,,,,,20.0,3.0,4.0,86.0,168.0,444.0
0,HAT160,ATL,ORD,01:00:00,04:30:00,210,2024-05-18,available,,,,,15.0,17.0,0.0,89.0,131.0,239.0
0,HAT160,ATL,ORD,01:00:00,04:30:00,210,2024-05-19,available,,,,,15.0,14.0,6.0,81.0,173.0,429.0
0,HAT160,ATL,ORD,01:00:00,04:30:00,210,2024-05-20,available,,,,,13.0,13.0,6.0,96.0,179.0,376.0
0,HAT160,ATL,ORD,01:00:00,04:30:00,210,2024-05-21,available,,,,,10.0,20.0,4.0,52.0,139.0,409.0
0,HAT160,ATL,ORD,01:00:00,04:30:00,210,2024-05-22,available,,,,,1.0,6.0,14.0,63.0,132.0,499.0
0,HAT160,ATL,ORD,01:00:00,04:30:00,210,2024-05-23,available,,,,,14.0,6.0,9.0,98.0,124.0,202.0
0,HAT160,ATL,ORD,01:00:00,04:30:00,210,2024-05-24,available,,,,,10.0,4.0,3.0,98.0,123.0,353.0
0,HAT160,ATL,ORD,01:00:00,04:30:00,210,2024-05-25,available,,,,,14.0,5.0,12.0,62.0,195.0,447.0
0,HAT160,ATL,ORD,01:00:00,04:30:00,210,2024-05-26,available,,,,,12.0,5.0,13.0,61.0,167.0,359.0
0,HAT160,ATL,ORD,01:00:00,04:30:00,210,2024-05-27,available,,,,,16.0,13.0,0.0,74.0,101.0,422.0
0,HAT160,ATL,ORD,01:00:00,04:30:00,210,2024-05-28,available,,,,,2.0,13.0,16.0,53.0,107.0,413.0
0,HAT160,ATL,ORD,01:00:00,04:30:00,210,2024-05-29,available,,,,,3.0,19.0,0.0,85.0,162.0,478.0
0,HAT160,ATL,ORD,01:00:00,04:30:00,210,2024-05-30,available,,,,,20.0,13.0,10.0,74.0,144.0,327.0
0,HAT161,ATL,ORD,00:00:00,03:30:00,210,2024-05-01,cancelled,,,,,,,,,,
0,HAT161,ATL,ORD,00:00:00,03:30:00,210,2024-05-02,landed,2024-05-02T00:15:00,2024-05-02T03:33:00,,,,,,,,
0,HAT161,ATL,ORD,00:00:00,03:30:00,210,2024-05-03,cancelled,,,,,,,,,,
0,HAT161,ATL,ORD,00:00:00,03:30:00,210,2024-05-04,landed,2024-05-04T00:01:00,2024-05-04T03:58:00,,,,,,,,
0,HAT161,ATL,ORD,00:00:00,03:30:00,210,2024-05-05,landed,2024-05-05T00:00:00,2024-05-05T03:26:00,,,,,,,,
0,HAT161,ATL,ORD,00:00:00,03:30:00,210,2024-05-06,landed,2024-05-06T00:32:00,2024-05-06T03:38:00,,,,,,,,
0,HAT161,ATL,ORD,00:00:00,03:30:00,210,2024-05-07,landed,2024-05-07T00:30:00,2024-05-07T04:07:00,,,,,,,,
0,HAT161,ATL,ORD,00:00:00,03:30:00,210,2024-05-08,landed,2024-05-08T00:00:00,2024-05-08T04:17:00,,,,,,,,
0,HAT161,ATL,ORD,00:00:00,03:30:00,210,2024-05-09,landed,2024-05-09T00:20:00,2024-05-09T03:09:00,,,,,,,,
0,HAT161,ATL,ORD,00:00:00,03:30:00,210,2024-05-10,landed,2024-05-10T00:13:00,2024-05-10T03:36:00,,,,,,,,
0,HAT161,ATL,ORD,00:00:00,03:30:00,210,2024-05-11,landed,2024-05-11T00:21:00,2024-05-11T03:56:00,,,,,,,,
0,HAT161,ATL,ORD,00:00:00,03:30:00,210,2024-05-12,landed,2024-05-12T00:07:00,2024-05-12T04:03:00,,,,,,,,
0,HAT161,ATL,ORD,00:00:00,03:30:00,210,2024-05-13,landed,2024-05-13T00:00:00,2024-05-13T03:46:00,,,,,,,,
0,HAT161,ATL,ORD,00:00:00,03:30:00,210,2024-05-14,landed,2024-05-14T00:22:00,2024-05-14T03:07:00,,,,,,,,
0,HAT161,ATL,ORD,00:00:00,03:30:00,210,2024-05-15,landed,2024-05-15T00:00:00,2024-05-15T03:38:00,,,,,,,,
0,HAT161,ATL,ORD,00:00:00,03:30:00,210,2024-05-16,available,,,,,18.0,11.0,6.0,98.0,192.0,474.0
0,HAT161,ATL,ORD,00:00:00,03:30:00,210,2024-05-17,available,,,,,12.0,16.0,8.0,93.0,161.0,386.0
0,HAT161,ATL,ORD,00:00:00,03:30:00,210,2024-05-18,available,,,,,0.0,11.0,15.0,89.0,154.0,417.0
0,HAT161,ATL,ORD,00:00:00,03:30:00,210,2024-05-19,available,,,,,0.0,10.0,9.0,78.0,165.0,325.0
0,HAT161,ATL,ORD,00:00:00,03:30:00,210,2024-05-20,available,,,,,18.0,7.0,4.0,73.0,145.0,324.0
0,HAT161,ATL,ORD,00:00:00,03:30:00,210,2024-05-21,available,,,,,19.0,10.0,17.0,83.0,146.0,412.0
0,HAT161,ATL,ORD,00:00:00,03:30:00,210,2024-05-22,available,,,,,2.0,3.0,6.0,55.0,170.0,343.0
0,HAT161,ATL,ORD,00:00:00,03:30:00,210,2024-05-23,available,,,,,14.0,9.0,20.0,86.0,182.0,393.0
0,HAT161,ATL,ORD,00:00:00,03:30:00,210,2024-05-24,available,,,,,8.0,5.0,9.0,80.0,100.0,492.0
0,HAT161,ATL,ORD,00:00:00,03:30:00,210,2024-05-25,available,,,,,20.0,12.0,12.0,71.0,200.0,370.0
0,HAT161,ATL,ORD,00:00:00,03:30:00,210,2024-05-26,available,,,,,20.0,6.0,8.0,85.0,101.0,426.0
0,HAT161,ATL,ORD,00:00:00,03:30:00,210,2024-05-27,available,,,,,15.0,19.0,10.0,62.0,177.0,415.0
0,HAT161,ATL,ORD,00:00:00,03:30:00,210,2024-05-28,available,,,,,8.0,1.0,4.0,85.0,164.0,492.0
0,HAT161,ATL,ORD,00:00:00,03:30:00,210,2024-05-29,available,,,,,4.0,12.0,18.0,78.0,106.0,220.0
0,HAT161,ATL,ORD,00:00:00,03:30:00,210,2024-05-30,available,,,,,7.0,19.0,12.0,54.0,151.0,358.0
0,HAT162,DFW,ATL,10:00:00,12:00:00,120,2024-05-01,landed,2024-05-01T09:46:00,2024-05-01T12:16:00,,,,,,,,
0,HAT162,DFW,ATL,10:00:00,12:00:00,120,2024-05-02,landed,2024-05-02T09:58:00,2024-05-02T11:47:00,,,,,,,,
0,HAT162,DFW,ATL,10:00:00,12:00:00,120,2024-05-03,landed,2024-05-03T10:32:00,2024-05-03T12:33:00,,,,,,,,
0,HAT162,DFW,ATL,10:00:00,12:00:00,120,2024-05-04,landed,2024-05-04T09:55:00,2024-05-04T11:50:00,,,,,,,,
0,HAT162,DFW,ATL,10:00:00,12:00:00,120,2024-05-05,landed,2024-05-05T10:37:00,2024-05-05T12:09:00,,,,,,,,
0,HAT162,DFW,ATL,10:00:00,12:00:00,120,2024-05-06,landed,2024-05-06T10:06:00,2024-05-06T12:26:00,,,,,,,,
0,HAT162,DFW,ATL,10:00:00,12:00:00,120,2024-05-07,landed,2024-05-07T10:38:00,2024-05-07T12:54:00,,,,,,,,
0,HAT162,DFW,ATL,10:00:00,12:00:00,120,2024-05-08,cancelled,,,,,,,,,,
0,HAT162,DFW,ATL,10:00:00,12:00:00,120,2024-05-09,landed,2024-05-09T10:24:00,2024-05-09T12:24:00,,,,,,,,
0,HAT162,DFW,ATL,10:00:00,12:00:00,120,2024-05-10,landed,2024-05-10T10:26:00,2024-05-10T12:39:00,,,,,,,,
0,HAT162,DFW,ATL,10:00:00,12:00:00,120,2024-05-11,landed,2024-05-11T09:58:00,2024-05-11T12:19:00,,,,,,,,
0,HAT162,DFW,ATL,10:00:00,12:00:00,120,2024-05-12,landed,2024-05-12T10:17:00,2024-05-12T11:37:00,,,,,,,,
0,HAT162,DFW,ATL,10:00:00,12:00:00,120,2024-05-13,landed,2024-05-13T10:14:00,2024-05-13T12:24:00,,,,,,,,
0,HAT162,DFW,ATL,10:00:00,12:00:00,120,2024-05-14,landed,2024-05-14T09:51:00,2024-05-14T12:08:00,,,,,,,,
0,HAT162,DFW,ATL,10:00:00,12:00:00,120,2024-05-15,landed,2024-05-15T09:42:00,2024-05-15T12:21:00,,,,,,,,
0,HAT162,DFW,ATL,10:00:00,12:00:00,120,2024-05-16,available,,,,,4.0,3.0,3.0,73.0,135.0,252.0
0,HAT162,DFW,ATL,10:00:00,12:00:00,120,2024-05-17,available,,,,,19.0,18.0,14.0,52.0,136.0,465.0
0,HAT162,DFW,ATL,10:00:00,12:00:00,120,2024-05-18,available,,,,,7.0,11.0,17.0,80.0,158.0,446.0
0,HAT162,DFW,ATL,10:00:00,12:00:00,120,2024-05-19,available,,,,,8.0,18.0,1.0,57.0,135.0,356.0
0,HAT162,DFW,ATL,10:00:00,12:00:00,120,2024-05-20,available,,,,,16.0,17.0,2.0,96.0,198.0,461.0
0,HAT162,DFW,ATL,10:00:00,12:00:00,120,2024-05-21,available,,,,,10.0,13.0,5.0,99.0,177.0,317.0
0,HAT162,DFW,ATL,10:00:00,12:00:00,120,2024-05-22,available,,,,,10.0,17.0,10.0,100.0,118.0,434.0
0,HAT162,DFW,ATL,10:00:00,12:00:00,120,2024-05-23,available,,,,,17.0,15.0,10.0,97.0,155.0,252.0
0,HAT162,DFW,ATL,10:00:00,12:00:00,120,2024-05-24,available,,,,,8.0,7.0,16.0,94.0,143.0,486.0
0,HAT162,DFW,ATL,10:00:00,12:00:00,120,2024-05-25,available,,,,,5.0,16.0,15.0,54.0,108.0,368.0
0,HAT162,DFW,ATL,10:00:00,12:00:00,120,2024-05-26,available,,,,,4.0,20.0,5.0,56.0,188.0,369.0
0,HAT162,DFW,ATL,10:00:00,12:00:00,120,2024-05-27,available,,,,,8.0,6.0,4.0,64.0,126.0,285.0
0,HAT162,DFW,ATL,10:00:00,12:00:00,120,2024-05-28,available,,,,,6.0,6.0,2.0,54.0,110.0,210.0
0,HAT162,DFW,ATL,10:00:00,12:00:00,120,2024-05-29,available,,,,,15.0,1.0,9.0,69.0,194.0,293.0
0,HAT162,DFW,ATL,10:00:00,12:00:00,120,2024-05-30,available,,,,,6.0,17.0,3.0,98.0,113.0,464.0
0,HAT163,DFW,ATL,19:00:00,21:00:00,120,2024-05-01,landed,2024-05-01T19:19:00,2024-05-01T21:52:00,,,,,,,,
0,HAT163,DFW,ATL,19:00:00,21:00:00,120,2024-05-02,landed,2024-05-02T18:45:00,2024-05-02T21:21:00,,,,,,,,
0,HAT163,DFW,ATL,19:00:00,21:00:00,120,2024-05-03,landed,2024-05-03T19:14:00,2024-05-03T20:37:00,,,,,,,,
0,HAT163,DFW,ATL,19:00:00,21:00:00,120,2024-05-04,landed,2024-05-04T19:09:00,2024-05-04T21:27:00,,,,,,,,
0,HAT163,DFW,ATL,19:00:00,21:00:00,120,2024-05-05,landed,2024-05-05T19:19:00,2024-05-05T21:32:00,,,,,,,,
0,HAT163,DFW,ATL,19:00:00,21:00:00,120,2024-05-06,landed,2024-05-06T19:31:00,2024-05-06T21:41:00,,,,,,,,
0,HAT163,DFW,ATL,19:00:00,21:00:00,120,2024-05-07,landed,2024-05-07T19:36:00,2024-05-07T21:39:00,,,,,,,,
0,HAT163,DFW,ATL,19:00:00,21:00:00,120,2024-05-08,landed,2024-05-08T19:30:00,2024-05-08T21:03:00,,,,,,,,
0,HAT163,DFW,ATL,19:00:00,21:00:00,120,2024-05-09,landed,2024-05-09T19:04:00,2024-05-09T21:33:00,,,,,,,,
0,HAT163,DFW,ATL,19:00:00,21:00:00,120,2024-05-10,landed,2024-05-10T18:56:00,2024-05-10T21:02:00,,,,,,,,
0,HAT163,DFW,ATL,19:00:00,21:00:00,120,2024-05-11,cancelled,,,,,,,,,,
0,HAT163,DFW,ATL,19:00:00,21:00:00,120,2024-05-12,landed,2024-05-12T19:01:00,2024-05-12T21:15:00,,,,,,,,
0,HAT163,DFW,ATL,19:00:00,21:00:00,120,2024-05-13,landed,2024-05-13T19:22:00,2024-05-13T21:09:00,,,,,,,,
0,HAT163,DFW,ATL,19:00:00,21:00:00,120,2024-05-14,landed,2024-05-14T19:19:00,2024-05-14T21:19:00,,,,,,,,
0,HAT163,DFW,ATL,19:00:00,21:00:00,120,2024-05-15,on time,,,2024-05-15T19:07:00,2024-05-15T21:19:00,,,,,,
0,HAT163,DFW,ATL,19:00:00,21:00:00,120,2024-05-16,available,,,,,14.0,6.0,5.0,72.0,131.0,202.0
0,HAT163,DFW,ATL,19:00:00,21:00:00,120,2024-05-17,available,,,,,4.0,5.0,10.0,75.0,128.0,426.0
0,HAT163,DFW,ATL,19:00:00,21:00:00,120,2024-05-18,available,,,,,12.0,14.0,16.0,58.0,139.0,350.0
0,HAT163,DFW,ATL,19:00:00,21:00:00,120,2024-05-19,available,,,,,17.0,1.0,19.0,82.0,136.0,381.0
0,HAT163,DFW,ATL,19:00:00,21:00:00,120,2024-05-20,available,,,,,15.0,11.0,20.0,91.0,137.0,361.0
0,HAT163,DFW,ATL,19:00:00,21:00:00,120,2024-05-21,available,,,,,2.0,0.0,5.0,87.0,165.0,452.0
0,HAT163,DFW,ATL,19:00:00,21:00:00,120,2024-05-22,available,,,,,17.0,5.0,1.0,63.0,177.0,370.0
0,HAT163,DFW,ATL,19:00:00,21:00:00,120,2024-05-23,available,,,,,11.0,13.0,7.0,90.0,126.0,383.0
0,HAT163,DFW,ATL,19:00:00,21:00:00,120,2024-05-24,available,,,,,8.0,3.0,2.0,76.0,186.0,203.0
0,HAT163,DFW,ATL,19:00:00,21:00:00,120,2024-05-25,available,,,,,8.0,4.0,15.0,97.0,190.0,447.0
0,HAT163,DFW,ATL,19:00:00,21:00:00,120,2024-05-26,available,,,,,11.0,11.0,1.0,97.0,113.0,225.0
0,HAT163,DFW,ATL,19:00:00,21:00:00,120,2024-05-27,available,,,,,8.0,15.0,16.0,76.0,160.0,235.0
0,HAT163,DFW,ATL,19:00:00,21:00:00,120,2024-05-28,available,,,,,10.0,10.0,5.0,89.0,184.0,241.0
0,HAT163,DFW,ATL,19:00:00,21:00:00,120,2024-05-29,available,,,,,14.0,20.0,2.0,80.0,166.0,393.0
0,HAT163,DFW,ATL,19:00:00,21:00:00,120,2024-05-30,available,,,,,9.0,19.0,10.0,54.0,131.0,318.0
0,HAT164,DFW,ATL,22:00:00,00:00:00+1,120,2024-05-01,landed,2024-05-01T21:43:00,2024-05-02T00:45:00,,,,,,,,
0,HAT164,DFW,ATL,22:00:00,00:00:00+1,120,2024-05-02,landed,2024-05-02T22:29:00,2024-05-02T23:37:00,,,,,,,,
0,HAT164,DFW,ATL,22:00:00,00:00:00+1,120,2024-05-03,landed,2024-05-03T22:18:00,2024-05-03T23:54:00,,,,,,,,
0,HAT164,DFW,ATL,22:00:00,00:00:00+1,120,2024-05-04,landed,2024-05-04T22:02:00,2024-05-05T00:37:00,,,,,,,,
0,HAT164,DFW,ATL,22:00:00,00:00:00+1,120,2024-05-05,landed,2024-05-05T22:04:00,2024-05-06T00:21:00,,,,,,,,
0,HAT164,DFW,ATL,22:00:00,00:00:00+1,120,2024-05-06,landed,2024-05-06T21:41:00,2024-05-07T00:24:00,,,,,,,,
0,HAT164,DFW,ATL,22:00:00,00:00:00+1,120,2024-05-07,landed,2024-05-07T22:02:00,2024-05-08T00:44:00,,,,,,,,
0,HAT164,DFW,ATL,22:00:00,00:00:00+1,120,2024-05-08,landed,2024-05-08T22:11:00,2024-05-09T00:04:00,,,,,,,,
0,HAT164,DFW,ATL,22:00:00,00:00:00+1,120,2024-05-09,landed,2024-05-09T21:43:00,2024-05-09T23:35:00,,,,,,,,
0,HAT164,DFW,ATL,22:00:00,00:00:00+1,120,2024-05-10,landed,2024-05-10T22:36:00,2024-05-10T23:42:00,,,,,,,,
0,HAT164,DFW,ATL,22:00:00,00:00:00+1,120,2024-05-11,landed,2024-05-11T22:31:00,2024-05-12T00:26:00,,,,,,,,
0,HAT164,DFW,ATL,22:00:00,00:00:00+1,120,2024-05-12,landed,2024-05-12T22:30:00,2024-05-12T23:55:00,,,,,,,,
0,HAT164,DFW,ATL,22:00:00,00:00:00+1,120,2024-05-13,landed,2024-05-13T21:56:00,2024-05-14T00:08:00,,,,,,,,
0,HAT164,DFW,ATL,22:00:00,00:00:00+1,120,2024-05-14,landed,2024-05-14T22:14:00,2024-05-15T00:12:00,,,,,,,,
0,HAT164,DFW,ATL,22:00:00,00:00:00+1,120,2024-05-15,delayed,,,2024-05-15T23:48:00,2024-05-16T02:22:00,,,,,,
0,HAT164,DFW,ATL,22:00:00,00:00:00+1,120,2024-05-16,available,,,,,8.0,17.0,0.0,69.0,167.0,219.0
0,HAT164,DFW,ATL,22:00:00,00:00:00+1,120,2024-05-17,available,,,,,8.0,4.0,20.0,52.0,111.0,250.0
0,HAT164,DFW,ATL,22:00:00,00:00:00+1,120,2024-05-18,available,,,,,2.0,11.0,17.0,60.0,197.0,236.0
0,HAT164,DFW,ATL,22:00:00,00:00:00+1,120,2024-05-19,available,,,,,3.0,13.0,19.0,83.0,192.0,384.0
0,HAT164,DFW,ATL,22:00:00,00:00:00+1,120,2024-05-20,available,,,,,4.0,11.0,15.0,60.0,153.0,338.0
0,HAT164,DFW,ATL,22:00:00,00:00:00+1,120,2024-05-21,available,,,,,3.0,8.0,9.0,68.0,119.0,358.0
0,HAT164,DFW,ATL,22:00:00,00:00:00+1,120,2024-05-22,available,,,,,10.0,6.0,15.0,81.0,192.0,484.0
0,HAT164,DFW,ATL,22:00:00,00:00:00+1,120,2024-05-23,available,,,,,20.0,2.0,10.0,63.0,159.0,398.0
0,HAT164,DFW,ATL,22:00:00,00:00:00+1,120,2024-05-24,available,,,,,12.0,14.0,13.0,84.0,155.0,477.0
0,HAT164,DFW,ATL,22:00:00,00:00:00+1,120,2024-05-25,available,,,,,3.0,18.0,14.0,51.0,163.0,392.0
0,HAT164,DFW,ATL,22:00:00,00:00:00+1,120,2024-05-26,available,,,,,17.0,11.0,20.0,63.0,109.0,225.0
0,HAT164,DFW,ATL,22:00:00,00:00:00+1,120,2024-05-27,available,,,,,19.0,20.0,1.0,55.0,106.0,462.0
0,HAT164,DFW,ATL,22:00:00,00:00:00+1,120,2024-05-28,available,,,,,15.0,13.0,10.0,72.0,167.0,381.0
0,HAT164,DFW,ATL,22:00:00,00:00:00+1,120,2024-05-29,available,,,,,7.0,3.0,19.0,59.0,175.0,274.0
0,HAT164,DFW,ATL,22:00:00,00:00:00+1,120,2024-05-30,available,,,,,7.0,17.0,4.0,94.0,117.0,302.0
0,HAT165,DFW,ATL,12:00:00,14:00:00,120,2024-05-01,landed,2024-05-01T12:06:00,2024-05-01T14:29:00,,,,,,,,
0,HAT165,DFW,ATL,12:00:00,14:00:00,120,2024-05-02,landed,2024-05-02T12:33:00,2024-05-02T14:49:00,,,,,,,,
0,HAT165,DFW,ATL,12:00:00,14:00:00,120,2024-05-03,landed,2024-05-03T12:38:00,2024-05-03T13:49:00,,,,,,,,
0,HAT165,DFW,ATL,12:00:00,14:00:00,120,2024-05-04,landed,2024-05-04T12:23:00,2024-05-04T13:44:00,,,,,,,,
0,HAT165,DFW,ATL,12:00:00,14:00:00,120,2024-05-05,landed,2024-05-05T11:59:00,2024-05-05T14:42:00,,,,,,,,
0,HAT165,DFW,ATL,12:00:00,14:00:00,120,2024-05-06,landed,2024-05-06T11:58:00,2024-05-06T14:09:00,,,,,,,,
0,HAT165,DFW,ATL,12:00:00,14:00:00,120,2024-05-07,landed,2024-05-07T12:00:00,2024-05-07T14:50:00,,,,,,,,
0,HAT165,DFW,ATL,12:00:00,14:00:00,120,2024-05-08,landed,2024-05-08T11:45:00,2024-05-08T14:47:00,,,,,,,,
0,HAT165,DFW,ATL,12:00:00,14:00:00,120,2024-05-09,landed,2024-05-09T12:19:00,2024-05-09T14:39:00,,,,,,,,
0,HAT165,DFW,ATL,12:00:00,14:00:00,120,2024-05-10,landed,2024-05-10T12:21:00,2024-05-10T14:42:00,,,,,,,,
0,HAT165,DFW,ATL,12:00:00,14:00:00,120,2024-05-11,landed,2024-05-11T12:17:00,2024-05-11T13:45:00,,,,,,,,
0,HAT165,DFW,ATL,12:00:00,14:00:00,120,2024-05-12,landed,2024-05-12T11:50:00,2024-05-12T13:49:00,,,,,,,,
0,HAT165,DFW,ATL,12:00:00,14:00:00,120,2024-05-13,landed,2024-05-13T12:00:00,2024-05-13T13:51:00,,,,,,,,
0,HAT165,DFW,ATL,12:00:00,14:00:00,120,2024-05-14,landed,2024-05-14T11:46:00,2024-05-14T14:44:00,,,,,,,,
0,HAT165,DFW,ATL,12:00:00,14:00:00,120,2024-05-15,landed,2024-05-15T12:25:00,2024-05-15T14:41:00,,,,,,,,
0,HAT165,DFW,ATL,12:00:00,14:00:00,120,2024-05-16,available,,,,,19.0,3.0,2.0,99.0,164.0,494.0
0,HAT165,DFW,ATL,12:00:00,14:00:00,120,2024-05-17,available,,,,,13.0,12.0,8.0,55.0,133.0,403.0
0,HAT165,DFW,ATL,12:00:00,14:00:00,120,2024-05-18,available,,,,,2.0,8.0,12.0,94.0,164.0,279.0
0,HAT165,DFW,ATL,12:00:00,14:00:00,120,2024-05-19,available,,,,,20.0,18.0,16.0,55.0,167.0,443.0
0,HAT165,DFW,ATL,12:00:00,14:00:00,120,2024-05-20,available,,,,,9.0,20.0,15.0,100.0,166.0,426.0
0,HAT165,DFW,ATL,12:00:00,14:00:00,120,2024-05-21,available,,,,,12.0,13.0,6.0,55.0,134.0,247.0
0,HAT165,DFW,ATL,12:00:00,14:00:00,120,2024-05-22,available,,,,,20.0,18.0,5.0,51.0,171.0,465.0
0,HAT165,DFW,ATL,12:00:00,14:00:00,120,2024-05-23,available,,,,,9.0,18.0,17.0,69.0,128.0,374.0
0,HAT165,DFW,ATL,12:00:00,14:00:00,120,2024-05-24,available,,,,,6.0,9.0,15.0,99.0,118.0,371.0
0,HAT165,DFW,ATL,12:00:00,14:00:00,120,2024-05-25,available,,,,,5.0,20.0,14.0,53.0,184.0,248.0
0,HAT165,DFW,ATL,12:00:00,14:00:00,120,2024-05-26,available,,,,,15.0,11.0,3.0,96.0,117.0,439.0
0,HAT165,DFW,ATL,12:00:00,14:00:00,120,2024-05-27,available,,,,,0.0,12.0,4.0,99.0,177.0,279.0
0,HAT165,DFW,ATL,12:00:00,14:00:00,120,2024-05-28,available,,,,,3.0,18.0,18.0,61.0,125.0,441.0
0,HAT165,DFW,ATL,12:00:00,14:00:00,120,2024-05-29,available,,,,,17.0,6.0,14.0,60.0,134.0,307.0
0,HAT165,DFW,ATL,12:00:00,14:00:00,120,2024-05-30,available,,,,,4.0,18.0,10.0,99.0,135.0,330.0
0,HAT166,DFW,ATL,10:00:00,12:00:00,120,2024-05-01,landed,2024-05-01T10:10:00,2024-05-01T12:29:00,,,,,,,,
0,HAT166,DFW,ATL,10:00:00,12:00:00,120,2024-05-02,landed,2024-05-02T10:21:00,2024-05-02T11:52:00,,,,,,,,
0,HAT166,DFW,ATL,10:00:00,12:00:00,120,2024-05-03,landed,2024-05-03T10:20:00,2024-05-03T12:26:00,,,,,,,,
0,HAT166,DFW,ATL,10:00:00,12:00:00,120,2024-05-04,landed,2024-05-04T10:15:00,2024-05-04T11:46:00,,,,,,,,
0,HAT166,DFW,ATL,10:00:00,12:00:00,120,2024-05-05,landed,2024-05-05T09:57:00,2024-05-05T11:44:00,,,,,,,,
0,HAT166,DFW,ATL,10:00:00,12:00:00,120,2024-05-06,landed,2024-05-06T10:29:00,2024-05-06T11:42:00,,,,,,,,
0,HAT166,DFW,ATL,10:00:00,12:00:00,120,2024-05-07,landed,2024-05-07T10:37:00,2024-05-07T11:48:00,,,,,,,,
0,HAT166,DFW,ATL,10:00:00,12:00:00,120,2024-05-08,landed,2024-05-08T10:21:00,2024-05-08T12:38:00,,,,,,,,
0,HAT166,DFW,ATL,10:00:00,12:00:00,120,2024-05-09,landed,2024-05-09T10:13:00,2024-05-09T12:37:00,,,,,,,,
0,HAT166,DFW,ATL,10:00:00,12:00:00,120,2024-05-10,landed,2024-05-10T10:19:00,2024-05-10T12:09:00,,,,,,,,
0,HAT166,DFW,ATL,10:00:00,12:00:00,120,2024-05-11,landed,2024-05-11T10:05:00,2024-05-11T12:01:00,,,,,,,,
0,HAT166,DFW,ATL,10:00:00,12:00:00,120,2024-05-12,landed,2024-05-12T10:02:00,2024-05-12T12:35:00,,,,,,,,
0,HAT166,DFW,ATL,10:00:00,12:00:00,120,2024-05-13,landed,2024-05-13T10:35:00,2024-05-13T12:52:00,,,,,,,,
0,HAT166,DFW,ATL,10:00:00,12:00:00,120,2024-05-14,landed,2024-05-14T10:04:00,2024-05-14T11:38:00,,,,,,,,
0,HAT166,DFW,ATL,10:00:00,12:00:00,120,2024-05-15,landed,2024-05-15T09:54:00,2024-05-15T12:45:00,,,,,,,,
0,HAT166,DFW,ATL,10:00:00,12:00:00,120,2024-05-16,available,,,,,1.0,19.0,1.0,90.0,181.0,395.0
0,HAT166,DFW,ATL,10:00:00,12:00:00,120,2024-05-17,available,,,,,11.0,17.0,13.0,50.0,179.0,385.0
0,HAT166,DFW,ATL,10:00:00,12:00:00,120,2024-05-18,available,,,,,1.0,2.0,0.0,52.0,144.0,420.0
0,HAT166,DFW,ATL,10:00:00,12:00:00,120,2024-05-19,available,,,,,2.0,10.0,0.0,62.0,181.0,443.0
0,HAT166,DFW,ATL,10:00:00,12:00:00,120,2024-05-20,available,,,,,15.0,18.0,4.0,78.0,150.0,207.0
0,HAT166,DFW,ATL,10:00:00,12:00:00,120,2024-05-21,available,,,,,10.0,13.0,13.0,85.0,142.0,271.0
0,HAT166,DFW,ATL,10:00:00,12:00:00,120,2024-05-22,available,,,,,4.0,17.0,10.0,71.0,175.0,442.0
0,HAT166,DFW,ATL,10:00:00,12:00:00,120,2024-05-23,available,,,,,1.0,5.0,3.0,95.0,126.0,396.0
0,HAT166,DFW,ATL,10:00:00,12:00:00,120,2024-05-24,available,,,,,15.0,0.0,16.0,71.0,180.0,355.0
0,HAT166,DFW,ATL,10:00:00,12:00:00,120,2024-05-25,available,,,,,12.0,3.0,11.0,95.0,161.0,425.0
0,HAT166,DFW,ATL,10:00:00,12:00:00,120,2024-05-26,available,,,,,0.0,5.0,19.0,84.0,171.0,237.0
0,HAT166,DFW,ATL,10:00:00,12:00:00,120,2024-05-27,available,,,,,15.0,8.0,15.0,57.0,103.0,346.0
0,HAT166,DFW,ATL,10:00:00,12:00:00,120,2024-05-28,available,,,,,10.0,16.0,14.0,71.0,172.0,463.0
0,HAT166,DFW,ATL,10:00:00,12:00:00,120,2024-05-29,available,,,,,0.0,4.0,18.0,79.0,167.0,483.0
0,HAT166,DFW,ATL,10:00:00,12:00:00,120,2024-05-30,available,,,,,8.0,17.0,12.0,66.0,101.0,215.0
0,HAT167,DFW,ATL,03:00:00,05:00:00,120,2024-05-01,landed,2024-05-01T02:43:00,2024-05-01T04:52:00,,,,,,,,
0,HAT167,DFW,ATL,03:00:00,05:00:00,120,2024-05-02,landed,2024-05-02T02:42:00,2024-05-02T04:43:00,,,,,,,,
0,HAT167,DFW,ATL,03:00:00,05:00:00,120,2024-05-03,landed,2024-05-03T02:43:00,2024-05-03T05:09:00,,,,,,,,
0,HAT167,DFW,ATL,03:00:00,05:00:00,120,2024-05-04,landed,2024-05-04T03:35:00,2024-05-04T04:51:00,,,,,,,,
0,HAT167,DFW,ATL,03:00:00,05:00:00,120,2024-05-05,landed,2024-05-05T03:27:00,2024-05-05T04:49:00,,,,,,,,
0,HAT167,DFW,ATL,03:00:00,05:00:00,120,2024-05-06,landed,2024-05-06T03:28:00,2024-05-06T05:52:00,,,,,,,,
0,HAT167,DFW,ATL,03:00:00,05:00:00,120,2024-05-07,landed,2024-05-07T02:48:00,2024-05-07T05:24:00,,,,,,,,
0,HAT167,DFW,ATL,03:00:00,05:00:00,120,2024-05-08,landed,2024-05-08T03:34:00,2024-05-08T05:45:00,,,,,,,,
0,HAT167,DFW,ATL,03:00:00,05:00:00,120,2024-05-09,landed,2024-05-09T02:50:00,2024-05-09T05:11:00,,,,,,,,
0,HAT167,DFW,ATL,03:00:00,05:00:00,120,2024-05-10,landed,2024-05-10T02:54:00,2024-05-10T04:43:00,,,,,,,,
0,HAT167,DFW,ATL,03:00:00,05:00:00,120,2024-05-11,landed,2024-05-11T03:03:00,2024-05-11T05:34:00,,,,,,,,
0,HAT167,DFW,ATL,03:00:00,05:00:00,120,2024-05-12,landed,2024-05-12T03:09:00,2024-05-12T04:50:00,,,,,,,,
0,HAT167,DFW,ATL,03:00:00,05:00:00,120,2024-05-13,landed,2024-05-13T02:41:00,2024-05-13T05:06:00,,,,,,,,
0,HAT167,DFW,ATL,03:00:00,05:00:00,120,2024-05-14,landed,2024-05-14T03:19:00,2024-05-14T04:51:00,,,,,,,,
0,HAT167,DFW,ATL,03:00:00,05:00:00,120,2024-05-15,landed,2024-05-15T02:54:00,2024-05-15T05:39:00,,,,,,,,
0,HAT167,DFW,ATL,03:00:00,05:00:00,120,2024-05-16,available,,,,,1.0,11.0,2.0,64.0,137.0,314.0
0,HAT167,DFW,ATL,03:00:00,05:00:00,120,2024-05-17,available,,,,,19.0,8.0,1.0,95.0,111.0,352.0
0,HAT167,DFW,ATL,03:00:00,05:00:00,120,2024-05-18,available,,,,,6.0,20.0,11.0,82.0,200.0,413.0
0,HAT167,DFW,ATL,03:00:00,05:00:00,120,2024-05-19,available,,,,,10.0,9.0,17.0,77.0,109.0,411.0
0,HAT167,DFW,ATL,03:00:00,05:00:00,120,2024-05-20,available,,,,,2.0,1.0,13.0,60.0,118.0,318.0
0,HAT167,DFW,ATL,03:00:00,05:00:00,120,2024-05-21,available,,,,,20.0,12.0,6.0,90.0,115.0,341.0
0,HAT167,DFW,ATL,03:00:00,05:00:00,120,2024-05-22,available,,,,,4.0,6.0,8.0,64.0,136.0,325.0
0,HAT167,DFW,ATL,03:00:00,05:00:00,120,2024-05-23,available,,,,,2.0,17.0,10.0,92.0,180.0,207.0
0,HAT167,DFW,ATL,03:00:00,05:00:00,120,2024-05-24,available,,,,,9.0,7.0,9.0,100.0,116.0,256.0
0,HAT167,DFW,ATL,03:00:00,05:00:00,120,2024-05-25,available,,,,,11.0,11.0,10.0,58.0,157.0,395.0
0,HAT167,DFW,ATL,03:00:00,05:00:00,120,2024-05-26,available,,,,,8.0,3.0,2.0,98.0,135.0,403.0
0,HAT167,DFW,ATL,03:00:00,05:00:00,120,2024-05-27,available,,,,,16.0,4.0,10.0,63.0,126.0,470.0
0,HAT167,DFW,ATL,03:00:00,05:00:00,120,2024-05-28,available,,,,,11.0,0.0,17.0,75.0,129.0,468.0
0,HAT167,DFW,ATL,03:00:00,05:00:00,120,2024-05-29,available,,,,,10.0,0.0,4.0,71.0,152.0,427.0
0,HAT167,DFW,ATL,03:00:00,05:00:00,120,2024-05-30,available,,,,,8.0,14.0,0.0,62.0,174.0,339.0
0,HAT168,LAX,PHX,03:00:00,06:00:00,180,2024-05-01,landed,2024-05-01T03:36:00,2024-05-01T05:52:00,,,,,,,,
0,HAT168,LAX,PHX,03:00:00,06:00:00,180,2024-05-02,cancelled,,,,,,,,,,
0,HAT168,LAX,PHX,03:00:00,06:00:00,180,2024-05-03,landed,2024-05-03T02:42:00,2024-05-03T06:41:00,,,,,,,,
0,HAT168,LAX,PHX,03:00:00,06:00:00,180,2024-05-04,landed,2024-05-04T02:58:00,2024-05-04T06:40:00,,,,,,,,
0,HAT168,LAX,PHX,03:00:00,06:00:00,180,2024-05-05,landed,2024-05-05T02:40:00,2024-05-05T06:19:00,,,,,,,,
0,HAT168,LAX,PHX,03:00:00,06:00:00,180,2024-05-06,landed,2024-05-06T03:03:00,2024-05-06T06:20:00,,,,,,,,
0,HAT168,LAX,PHX,03:00:00,06:00:00,180,2024-05-07,landed,2024-05-07T02:59:00,2024-05-07T05:47:00,,,,,,,,
0,HAT168,LAX,PHX,03:00:00,06:00:00,180,2024-05-08,landed,2024-05-08T03:36:00,2024-05-08T05:35:00,,,,,,,,
0,HAT168,LAX,PHX,03:00:00,06:00:00,180,2024-05-09,landed,2024-05-09T03:02:00,2024-05-09T06:23:00,,,,,,,,
0,HAT168,LAX,PHX,03:00:00,06:00:00,180,2024-05-10,landed,2024-05-10T02:56:00,2024-05-10T05:38:00,,,,,,,,
0,HAT168,LAX,PHX,03:00:00,06:00:00,180,2024-05-11,landed,2024-05-11T03:06:00,2024-05-11T05:50:00,,,,,,,,
0,HAT168,LAX,PHX,03:00:00,06:00:00,180,2024-05-12,landed,2024-05-12T02:49:00,2024-05-12T05:36:00,,,,,,,,
0,HAT168,LAX,PHX,03:00:00,06:00:00,180,2024-05-13,landed,2024-05-13T03:31:00,2024-05-13T06:53:00,,,,,,,,
0,HAT168,LAX,PHX,03:00:00,06:00:00,180,2024-05-14,landed,2024-05-14T02:40:00,2024-05-14T05:40:00,,,,,,,,
0,HAT168,LAX,PHX,03:00:00,06:00:00,180,2024-05-15,landed,2024-05-15T02:58:00,2024-05-15T06:40:00,,,,,,,,
0,HAT168,LAX,PHX,03:00:00,06:00:00,180,2024-05-16,available,,,,,12.0,2.0,0.0,72.0,168.0,302.0
0,HAT168,LAX,PHX,03:00:00,06:00:00,180,2024-05-17,available,,,,,15.0,11.0,16.0,55.0,167.0,396.0
0,HAT168,LAX,PHX,03:00:00,06:00:00,180,2024-05-18,available,,,,,7.0,13.0,20.0,94.0,150.0,411.0
0,HAT168,LAX,PHX,03:00:00,06:00:00,180,2024-05-19,available,,,,,14.0,20.0,6.0,78.0,147.0,435.0
0,HAT168,LAX,PHX,03:00:00,06:00:00,180,2024-05-20,available,,,,,13.0,0.0,9.0,83.0,144.0,438.0
0,HAT168,LAX,PHX,03:00:00,06:00:00,180,2024-05-21,available,,,,,18.0,20.0,13.0,77.0,189.0,402.0
0,HAT168,LAX,PHX,03:00:00,06:00:00,180,2024-05-22,available,,,,,18.0,13.0,2.0,99.0,185.0,456.0
0,HAT168,LAX,PHX,03:00:00,06:00:00,180,2024-05-23,available,,,,,19.0,14.0,1.0,84.0,112.0,444.0
0,HAT168,LAX,PHX,03:00:00,06:00:00,180,2024-05-24,available,,,,,9.0,9.0,0.0,77.0,138.0,339.0
0,HAT168,LAX,PHX,03:00:00,06:00:00,180,2024-05-25,available,,,,,8.0,11.0,0.0,58.0,143.0,297.0
0,HAT168,LAX,PHX,03:00:00,06:00:00,180,2024-05-26,available,,,,,4.0,10.0,16.0,60.0,149.0,307.0
0,HAT168,LAX,PHX,03:00:00,06:00:00,180,2024-05-27,available,,,,,13.0,19.0,13.0,60.0,181.0,325.0
0,HAT168,LAX,PHX,03:00:00,06:00:00,180,2024-05-28,available,,,,,19.0,4.0,0.0,50.0,193.0,212.0
0,HAT168,LAX,PHX,03:00:00,06:00:00,180,2024-05-29,available,,,,,18.0,15.0,18.0,62.0,178.0,430.0
0,HAT168,LAX,PHX,03:00:00,06:00:00,180,2024-05-30,available,,,,,11.0,17.0,13.0,65.0,184.0,348.0
0,HAT169,LAX,PHX,23:00:00,02:00:00+1,180,2024-05-01,landed,2024-05-01T23:13:00,2024-05-02T01:35:00,,,,,,,,
0,HAT169,LAX,PHX,23:00:00,02:00:00+1,180,2024-05-02,landed,2024-05-02T22:44:00,2024-05-03T02:52:00,,,,,,,,
0,HAT169,LAX,PHX,23:00:00,02:00:00+1,180,2024-05-03,landed,2024-05-03T23:21:00,2024-05-04T02:22:00,,,,,,,,
0,HAT169,LAX,PHX,23:00:00,02:00:00+1,180,2024-05-04,landed,2024-05-04T22:59:00,2024-05-05T02:31:00,,,,,,,,
0,HAT169,LAX,PHX,23:00:00,02:00:00+1,180,2024-05-05,cancelled,,,,,,,,,,
0,HAT169,LAX,PHX,23:00:00,02:00:00+1,180,2024-05-06,landed,2024-05-06T23:23:00,2024-05-07T02:05:00,,,,,,,,
0,HAT169,LAX,PHX,23:00:00,02:00:00+1,180,2024-05-07,landed,2024-05-07T23:11:00,2024-05-08T02:07:00,,,,,,,,
0,HAT169,LAX,PHX,23:00:00,02:00:00+1,180,2024-05-08,landed,2024-05-08T23:32:00,2024-05-09T01:53:00,,,,,,,,
0,HAT169,LAX,PHX,23:00:00,02:00:00+1,180,2024-05-09,landed,2024-05-09T22:42:00,2024-05-10T02:53:00,,,,,,,,
0,HAT169,LAX,PHX,23:00:00,02:00:00+1,180,2024-05-10,landed,2024-05-10T23:21:00,2024-05-11T01:55:00,,,,,,,,
0,HAT169,LAX,PHX,23:00:00,02:00:00+1,180,2024-05-11,landed,2024-05-11T23:33:00,2024-05-12T02:46:00,,,,,,,,
0,HAT169,LAX,PHX,23:00:00,02:00:00+1,180,2024-05-12,cancelled,,,,,,,,,,
0,HAT169,LAX,PHX,23:00:00,02:00:00+1,180,2024-05-13,landed,2024-05-13T23:34:00,2024-05-14T01:58:00,,,,,,,,
0,HAT169,LAX,PHX,23:00:00,02:00:00+1,180,2024-05-14,landed,2024-05-14T23:32:00,2024-05-15T01:36:00,,,,,,,,
0,HAT169,LAX,PHX,23:00:00,02:00:00+1,180,2024-05-15,delayed,,,2024-05-15T23:38:00,2024-05-16T03:56:00,,,,,,
0,HAT169,LAX,PHX,23:00:00,02:00:00+1,180,2024-05-16,available,,,,,15.0,6.0,18.0,72.0,116.0,390.0
0,HAT169,LAX,PHX,23:00:00,02:00:00+1,180,2024-05-17,available,,,,,7.0,17.0,9.0,72.0,185.0,308.0
0,HAT169,LAX,PHX,23:00:00,02:00:00+1,180,2024-05-18,available,,,,,1.0,13.0,15.0,81.0,182.0,428.0
0,HAT169,LAX,PHX,23:00:00,02:00:00+1,180,2024-05-19,available,,,,,10.0,8.0,2.0,69.0,177.0,416.0
0,HAT169,LAX,PHX,23:00:00,02:00:00+1,180,2024-05-20,available,,,,,2.0,5.0,11.0,60.0,141.0,353.0
0,HAT169,LAX,PHX,23:00:00,02:00:00+1,180,2024-05-21,available,,,,,14.0,8.0,9.0,61.0,105.0,485.0
0,HAT169,LAX,PHX,23:00:00,02:00:00+1,180,2024-05-22,available,,,,,9.0,5.0,17.0,74.0,134.0,274.0
0,HAT169,LAX,PHX,23:00:00,02:00:00+1,180,2024-05-23,available,,,,,7.0,5.0,8.0,68.0,105.0,305.0
0,HAT169,LAX,PHX,23:00:00,02:00:00+1,180,2024-05-24,available,,,,,11.0,11.0,16.0,86.0,139.0,466.0
0,HAT169,LAX,PHX,23:00:00,02:00:00+1,180,2024-05-25,available,,,,,20.0,18.0,11.0,92.0,166.0,263.0
0,HAT169,LAX,PHX,23:00:00,02:00:00+1,180,2024-05-26,available,,,,,7.0,1.0,6.0,81.0,104.0,476.0
0,HAT169,LAX,PHX,23:00:00,02:00:00+1,180,2024-05-27,available,,,,,14.0,9.0,3.0,63.0,167.0,485.0
0,HAT169,LAX,PHX,23:00:00,02:00:00+1,180,2024-05-28,available,,,,,15.0,0.0,13.0,97.0,172.0,368.0
0,HAT169,LAX,PHX,23:00:00,02:00:00+1,180,2024-05-29,available,,,,,2.0,9.0,13.0,62.0,191.0,235.0
0,HAT169,LAX,PHX,23:00:00,02:00:00+1,180,2024-05-30,available,,,,,13.0,14.0,0.0,77.0,103.0,378.0
0,HAT170,LAX,PHX,12:00:00,15:00:00,180,2024-05-01,cancelled,,,,,,,,,,
0,HAT170,LAX,PHX,12:00:00,15:00:00,180,2024-05-02,landed,2024-05-02T12:25:00,2024-05-02T15:15:00,,,,,,,,
0,HAT170,LAX,PHX,12:00:00,15:00:00,180,2024-05-03,landed,2024-05-03T11:50:00,2024-05-03T15:10:00,,,,,,,,
0,HAT170,LAX,PHX,12:00:00,15:00:00,180,2024-05-04,landed,2024-05-04T11:51:00,2024-05-04T15:12:00,,,,,,,,
0,HAT170,LAX,PHX,12:00:00,15:00:00,180,2024-05-05,landed,2024-05-05T12:13:00,2024-05-05T15:22:00,,,,,,,,
0,HAT170,LAX,PHX,12:00:00,15:00:00,180,2024-05-06,landed,2024-05-06T12:19:00,2024-05-06T15:47:00,,,,,,,,
0,HAT170,LAX,PHX,12:00:00,15:00:00,180,2024-05-07,landed,2024-05-07T12:39:00,2024-05-07T15:47:00,,,,,,,,
0,HAT170,LAX,PHX,12:00:00,15:00:00,180,2024-05-08,landed,2024-05-08T11:51:00,2024-05-08T15:36:00,,,,,,,,
0,HAT170,LAX,PHX,12:00:00,15:00:00,180,2024-05-09,landed,2024-05-09T12:04:00,2024-05-09T15:29:00,,,,,,,,
0,HAT170,LAX,PHX,12:00:00,15:00:00,180,2024-05-10,landed,2024-05-10T11:57:00,2024-05-10T14:58:00,,,,,,,,
0,HAT170,LAX,PHX,12:00:00,15:00:00,180,2024-05-11,landed,2024-05-11T12:24:00,2024-05-11T15:14:00,,,,,,,,
0,HAT170,LAX,PHX,12:00:00,15:00:00,180,2024-05-12,landed,2024-05-12T12:40:00,2024-05-12T14:55:00,,,,,,,,
0,HAT170,LAX,PHX,12:00:00,15:00:00,180,2024-05-13,landed,2024-05-13T12:14:00,2024-05-13T15:36:00,,,,,,,,
0,HAT170,LAX,PHX,12:00:00,15:00:00,180,2024-05-14,landed,2024-05-14T12:33:00,2024-05-14T15:42:00,,,,,,,,
0,HAT170,LAX,PHX,12:00:00,15:00:00,180,2024-05-15,landed,2024-05-15T12:01:00,2024-05-15T14:36:00,,,,,,,,
0,HAT170,LAX,PHX,12:00:00,15:00:00,180,2024-05-16,available,,,,,2.0,11.0,16.0,82.0,159.0,217.0
0,HAT170,LAX,PHX,12:00:00,15:00:00,180,2024-05-17,available,,,,,1.0,2.0,7.0,62.0,117.0,221.0
0,HAT170,LAX,PHX,12:00:00,15:00:00,180,2024-05-18,available,,,,,20.0,1.0,6.0,58.0,163.0,490.0
0,HAT170,LAX,PHX,12:00:00,15:00:00,180,2024-05-19,available,,,,,14.0,1.0,0.0,80.0,172.0,222.0
0,HAT170,LAX,PHX,12:00:00,15:00:00,180,2024-05-20,available,,,,,14.0,4.0,6.0,77.0,192.0,417.0
0,HAT170,LAX,PHX,12:00:00,15:00:00,180,2024-05-21,available,,,,,20.0,12.0,15.0,58.0,167.0,294.0
0,HAT170,LAX,PHX,12:00:00,15:00:00,180,2024-05-22,available,,,,,17.0,16.0,15.0,96.0,165.0,419.0
0,HAT170,LAX,PHX,12:00:00,15:00:00,180,2024-05-23,available,,,,,6.0,19.0,13.0,96.0,105.0,313.0
0,HAT170,LAX,PHX,12:00:00,15:00:00,180,2024-05-24,available,,,,,1.0,16.0,0.0,61.0,118.0,314.0
0,HAT170,LAX,PHX,12:00:00,15:00:00,180,2024-05-25,available,,,,,5.0,0.0,4.0,71.0,166.0,231.0
0,HAT170,LAX,PHX,12:00:00,15:00:00,180,2024-05-26,available,,,,,5.0,1.0,9.0,96.0,122.0,464.0
0,HAT170,LAX,PHX,12:00:00,15:00:00,180,2024-05-27,available,,,,,10.0,5.0,7.0,62.0,180.0,242.0
0,HAT170,LAX,PHX,12:00:00,15:00:00,180,2024-05-28,available,,,,,0.0,2.0,12.0,84.0,182.0,209.0
0,HAT170,LAX,PHX,12:00:00,15:00:00,180,2024-05-29,available,,,,,20.0,18.0,17.0,80.0,158.0,386.0
0,HAT170,LAX,PHX,12:00:00,15:00:00,180,2024-05-30,available,,,,,9.0,4.0,9.0,90.0,184.0,372.0
0,HAT171,LAX,PHX,09:00:00,12:00:00,180,2024-05-01,landed,2024-05-01T08:44:00,2024-05-01T11:46:00,,,,,,,,
0,HAT171,LAX,PHX,09:00:00,12:00:00,180,2024-05-02,landed,2024-05-02T09:10:00,2024-05-02T12:47:00,,,,,,,,
0,HAT171,LAX,PHX,09:00:00,12:00:00,180,2024-05-03,landed,2024-05-03T09:25:00,2024-05-03T11:45:00,,,,,,,,
0,HAT171,LAX,PHX,09:00:00,12:00:00,180,2024-05-04,landed,2024-05-04T09:40:00,2024-05-04T12:37:00,,,,,,,,
0,HAT171,LAX,PHX,09:00:00,12:00:00,180,2024-05-05,landed,2024-05-05T09:12:00,2024-05-05T11:42:00,,,,,,,,
0,HAT171,LAX,PHX,09:00:00,12:00:00,180,2024-05-06,landed,2024-05-06T09:28:00,2024-05-06T12:09:00,,,,,,,,
0,HAT171,LAX,PHX,09:00:00,12:00:00,180,2024-05-07,landed,2024-05-07T09:05:00,2024-05-07T12:37:00,,,,,,,,
0,HAT171,LAX,PHX,09:00:00,12:00:00,180,2024-05-08,landed,2024-05-08T09:14:00,2024-05-08T12:05:00,,,,,,,,
0,HAT171,LAX,PHX,09:00:00,12:00:00,180,2024-05-09,landed,2024-05-09T09:15:00,2024-05-09T12:29:00,,,,,,,,
0,HAT171,LAX,PHX,09:00:00,12:00:00,180,2024-05-10,landed,2024-05-10T08:54:00,2024-05-10T11:58:00,,,,,,,,
0,HAT171,LAX,PHX,09:00:00,12:00:00,180,2024-05-11,landed,2024-05-11T09:17:00,2024-05-11T11:36:00,,,,,,,,
0,HAT171,LAX,PHX,09:00:00,12:00:00,180,2024-05-12,landed,2024-05-12T08:45:00,2024-05-12T11:41:00,,,,,,,,
0,HAT171,LAX,PHX,09:00:00,12:00:00,180,2024-05-13,landed,2024-05-13T08:51:00,2024-05-13T11:58:00,,,,,,,,
0,HAT171,LAX,PHX,09:00:00,12:00:00,180,2024-05-14,landed,2024-05-14T09:19:00,2024-05-14T12:00:00,,,,,,,,
0,HAT171,LAX,PHX,09:00:00,12:00:00,180,2024-05-15,landed,2024-05-15T09:14:00,2024-05-15T11:45:00,,,,,,,,
0,HAT171,LAX,PHX,09:00:00,12:00:00,180,2024-05-16,available,,,,,7.0,8.0,20.0,89.0,152.0,477.0
0,HAT171,LAX,PHX,09:00:00,12:00:00,180,2024-05-17,available,,,,,2.0,8.0,10.0,81.0,116.0,423.0
0,HAT171,LAX,PHX,09:00:00,12:00:00,180,2024-05-18,available,,,,,2.0,12.0,14.0,77.0,135.0,261.0
0,HAT171,LAX,PHX,09:00:00,12:00:00,180,2024-05-19,available,,,,,19.0,18.0,3.0,95.0,129.0,286.0
0,HAT171,LAX,PHX,09:00:00,12:00:00,180,2024-05-20,available,,,,,5.0,10.0,6.0,95.0,196.0,269.0
0,HAT171,LAX,PHX,09:00:00,12:00:00,180,2024-05-21,available,,,,,16.0,17.0,2.0,63.0,133.0,449.0
0,HAT171,LAX,PHX,09:00:00,12:00:00,180,2024-05-22,available,,,,,0.0,5.0,4.0,71.0,132.0,231.0
0,HAT171,LAX,PHX,09:00:00,12:00:00,180,2024-05-23,available,,,,,15.0,0.0,13.0,52.0,108.0,482.0
0,HAT171,LAX,PHX,09:00:00,12:00:00,180,2024-05-24,available,,,,,19.0,0.0,8.0,56.0,136.0,318.0
0,HAT171,LAX,PHX,09:00:00,12:00:00,180,2024-05-25,available,,,,,17.0,10.0,4.0,97.0,163.0,417.0
0,HAT171,LAX,PHX,09:00:00,12:00:00,180,2024-05-26,available,,,,,20.0,9.0,19.0,55.0,146.0,245.0
0,HAT171,LAX,PHX,09:00:00,12:00:00,180,2024-05-27,available,,,,,20.0,11.0,9.0,71.0,173.0,253.0
0,HAT171,LAX,PHX,09:00:00,12:00:00,180,2024-05-28,available,,,,,5.0,13.0,13.0,55.0,188.0,473.0
0,HAT171,LAX,PHX,09:00:00,12:00:00,180,2024-05-29,available,,,,,1.0,17.0,12.0,64.0,157.0,479.0
0,HAT171,LAX,PHX,09:00:00,12:00:00,180,2024-05-30,available,,,,,8.0,4.0,4.0,90.0,197.0,296.0
0,HAT172,LAS,BOS,17:00:00,21:00:00,240,2024-05-01,landed,2024-05-01T17:30:00,2024-05-01T21:47:00,,,,,,,,
0,HAT172,LAS,BOS,17:00:00,21:00:00,240,2024-05-02,landed,2024-05-02T17:37:00,2024-05-02T20:55:00,,,,,,,,
0,HAT172,LAS,BOS,17:00:00,21:00:00,240,2024-05-03,landed,2024-05-03T16:59:00,2024-05-03T20:35:00,,,,,,,,
0,HAT172,LAS,BOS,17:00:00,21:00:00,240,2024-05-04,landed,2024-05-04T17:05:00,2024-05-04T21:55:00,,,,,,,,
0,HAT172,LAS,BOS,17:00:00,21:00:00,240,2024-05-05,landed,2024-05-05T17:18:00,2024-05-05T21:06:00,,,,,,,,
0,HAT172,LAS,BOS,17:00:00,21:00:00,240,2024-05-06,landed,2024-05-06T17:18:00,2024-05-06T21:02:00,,,,,,,,
0,HAT172,LAS,BOS,17:00:00,21:00:00,240,2024-05-07,landed,2024-05-07T17:16:00,2024-05-07T20:53:00,,,,,,,,
0,HAT172,LAS,BOS,17:00:00,21:00:00,240,2024-05-08,landed,2024-05-08T17:09:00,2024-05-08T21:27:00,,,,,,,,
0,HAT172,LAS,BOS,17:00:00,21:00:00,240,2024-05-09,landed,2024-05-09T16:56:00,2024-05-09T21:46:00,,,,,,,,
0,HAT172,LAS,BOS,17:00:00,21:00:00,240,2024-05-10,landed,2024-05-10T17:39:00,2024-05-10T21:09:00,,,,,,,,
0,HAT172,LAS,BOS,17:00:00,21:00:00,240,2024-05-11,landed,2024-05-11T17:29:00,2024-05-11T20:55:00,,,,,,,,
0,HAT172,LAS,BOS,17:00:00,21:00:00,240,2024-05-12,landed,2024-05-12T17:22:00,2024-05-12T20:51:00,,,,,,,,
0,HAT172,LAS,BOS,17:00:00,21:00:00,240,2024-05-13,landed,2024-05-13T17:08:00,2024-05-13T20:45:00,,,,,,,,
0,HAT172,LAS,BOS,17:00:00,21:00:00,240,2024-05-14,landed,2024-05-14T17:23:00,2024-05-14T21:33:00,,,,,,,,
0,HAT172,LAS,BOS,17:00:00,21:00:00,240,2024-05-15,on time,,,2024-05-15T16:57:00,2024-05-15T20:54:00,,,,,,
0,HAT172,LAS,BOS,17:00:00,21:00:00,240,2024-05-16,available,,,,,2.0,14.0,4.0,100.0,179.0,427.0
0,HAT172,LAS,BOS,17:00:00,21:00:00,240,2024-05-17,available,,,,,20.0,6.0,13.0,91.0,151.0,357.0
0,HAT172,LAS,BOS,17:00:00,21:00:00,240,2024-05-18,available,,,,,9.0,20.0,4.0,92.0,173.0,239.0
0,HAT172,LAS,BOS,17:00:00,21:00:00,240,2024-05-19,available,,,,,16.0,14.0,5.0,52.0,120.0,270.0
0,HAT172,LAS,BOS,17:00:00,21:00:00,240,2024-05-20,available,,,,,1.0,20.0,7.0,68.0,115.0,401.0
0,HAT172,LAS,BOS,17:00:00,21:00:00,240,2024-05-21,available,,,,,0.0,0.0,6.0,83.0,199.0,413.0
0,HAT172,LAS,BOS,17:00:00,21:00:00,240,2024-05-22,available,,,,,10.0,1.0,13.0,85.0,134.0,327.0
0,HAT172,LAS,BOS,17:00:00,21:00:00,240,2024-05-23,available,,,,,17.0,5.0,10.0,50.0,200.0,474.0
0,HAT172,LAS,BOS,17:00:00,21:00:00,240,2024-05-24,available,,,,,11.0,5.0,3.0,99.0,144.0,453.0
0,HAT172,LAS,BOS,17:00:00,21:00:00,240,2024-05-25,available,,,,,15.0,5.0,19.0,64.0,154.0,499.0
0,HAT172,LAS,BOS,17:00:00,21:00:00,240,2024-05-26,available,,,,,11.0,4.0,4.0,81.0,137.0,463.0
0,HAT172,LAS,BOS,17:00:00,21:00:00,240,2024-05-27,available,,,,,10.0,1.0,16.0,74.0,138.0,355.0
0,HAT172,LAS,BOS,17:00:00,21:00:00,240,2024-05-28,available,,,,,15.0,18.0,5.0,63.0,188.0,300.0
0,HAT172,LAS,BOS,17:00:00,21:00:00,240,2024-05-29,available,,,,,11.0,7.0,10.0,78.0,114.0,295.0
0,HAT172,LAS,BOS,17:00:00,21:00:00,240,2024-05-30,available,,,,,17.0,3.0,8.0,60.0,132.0,256.0
0,HAT173,LAS,BOS,04:00:00,08:00:00,240,2024-05-01,landed,2024-05-01T04:04:00,2024-05-01T08:47:00,,,,,,,,
0,HAT173,LAS,BOS,04:00:00,08:00:00,240,2024-05-02,cancelled,,,,,,,,,,
0,HAT173,LAS,BOS,04:00:00,08:00:00,240,2024-05-03,landed,2024-05-03T04:28:00,2024-05-03T07:44:00,,,,,,,,
0,HAT173,LAS,BOS,04:00:00,08:00:00,240,2024-05-04,landed,2024-05-04T04:32:00,2024-05-04T07:55:00,,,,,,,,
0,HAT173,LAS,BOS,04:00:00,08:00:00,240,2024-05-05,cancelled,,,,,,,,,,
0,HAT173,LAS,BOS,04:00:00,08:00:00,240,2024-05-06,landed,2024-05-06T03:41:00,2024-05-06T08:54:00,,,,,,,,
0,HAT173,LAS,BOS,04:00:00,08:00:00,240,2024-05-07,landed,2024-05-07T04:21:00,2024-05-07T08:07:00,,,,,,,,
0,HAT173,LAS,BOS,04:00:00,08:00:00,240,2024-05-08,landed,2024-05-08T04:04:00,2024-05-08T08:41:00,,,,,,,,
0,HAT173,LAS,BOS,04:00:00,08:00:00,240,2024-05-09,landed,2024-05-09T04:23:00,2024-05-09T08:02:00,,,,,,,,
0,HAT173,LAS,BOS,04:00:00,08:00:00,240,2024-05-10,landed,2024-05-10T04:12:00,2024-05-10T08:35:00,,,,,,,,
0,HAT173,LAS,BOS,04:00:00,08:00:00,240,2024-05-11,landed,2024-05-11T04:36:00,2024-05-11T08:53:00,,,,,,,,
0,HAT173,LAS,BOS,04:00:00,08:00:00,240,2024-05-12,landed,2024-05-12T04:08:00,2024-05-12T07:42:00,,,,,,,,
0,HAT173,LAS,BOS,04:00:00,08:00:00,240,2024-05-13,landed,2024-05-13T04:26:00,2024-05-13T08:50:00,,,,,,,,
0,HAT173,LAS,BOS,04:00:00,08:00:00,240,2024-05-14,landed,2024-05-14T03:42:00,2024-05-14T08:07:00,,,,,,,,
0,HAT173,LAS,BOS,04:00:00,08:00:00,240,2024-05-15,landed,2024-05-15T04:20:00,2024-05-15T08:48:00,,,,,,,,
0,HAT173,LAS,BOS,04:00:00,08:00:00,240,2024-05-16,available,,,,,0.0,4.0,16.0,71.0,173.0,299.0
0,HAT173,LAS,BOS,04:00:00,08:00:00,240,2024-05-17,available,,,,,10.0,0.0,16.0,100.0,146.0,281.0
0,HAT173,LAS,BOS,04:00:00,08:00:00,240,2024-05-18,available,,,,,18.0,2.0,10.0,84.0,193.0,460.0
0,HAT173,LAS,BOS,04:00:00,08:00:00,240,2024-05-19,available,,,,,17.0,18.0,11.0,79.0,121.0,219.0
0,HAT173,LAS,BOS,04:00:00,08:00:00,240,2024-05-20,available,,,,,1.0,6.0,14.0,76.0,129.0,276.0
0,HAT173,LAS,BOS,04:00:00,08:00:00,240,2024-05-21,available,,,,,19.0,19.0,8.0,52.0,179.0,237.0
0,HAT173,LAS,BOS,04:00:00,08:00:00,240,2024-05-22,available,,,,,15.0,4.0,0.0,75.0,109.0,279.0
0,HAT173,LAS,BOS,04:00:00,08:00:00,240,2024-05-23,available,,,,,16.0,10.0,12.0,61.0,172.0,220.0
0,HAT173,LAS,BOS,04:00:00,08:00:00,240,2024-05-24,available,,,,,8.0,18.0,2.0,58.0,192.0,239.0
0,HAT173,LAS,BOS,04:00:00,08:00:00,240,2024-05-25,available,,,,,7.0,17.0,4.0,55.0,109.0,355.0
0,HAT173,LAS,BOS,04:00:00,08:00:00,240,2024-05-26,available,,,,,17.0,0.0,0.0,71.0,140.0,477.0
0,HAT173,LAS,BOS,04:00:00,08:00:00,240,2024-05-27,available,,,,,14.0,5.0,8.0,87.0,136.0,305.0
0,HAT173,LAS,BOS,04:00:00,08:00:00,240,2024-05-28,available,,,,,2.0,8.0,9.0,78.0,137.0,328.0
0,HAT173,LAS,BOS,04:00:00,08:00:00,240,2024-05-29,available,,,,,7.0,0.0,18.0,100.0,150.0,459.0
0,HAT173,LAS,BOS,04:00:00,08:00:00,240,2024-05-30,available,,,,,20.0,8.0,10.0,90.0,123.0,459.0
0,HAT174,JFK,DFW,12:00:00,14:00:00,120,2024-05-01,landed,2024-05-01T12:31:00,2024-05-01T14:54:00,,,,,,,,
0,HAT174,JFK,DFW,12:00:00,14:00:00,120,2024-05-02,landed,2024-05-02T12:18:00,2024-05-02T14:19:00,,,,,,,,
0,HAT174,JFK,DFW,12:00:00,14:00:00,120,2024-05-03,landed,2024-05-03T12:39:00,2024-05-03T14:47:00,,,,,,,,
0,HAT174,JFK,DFW,12:00:00,14:00:00,120,2024-05-04,landed,2024-05-04T12:19:00,2024-05-04T14:48:00,,,,,,,,
0,HAT174,JFK,DFW,12:00:00,14:00:00,120,2024-05-05,landed,2024-05-05T12:02:00,2024-05-05T14:47:00,,,,,,,,
0,HAT174,JFK,DFW,12:00:00,14:00:00,120,2024-05-06,cancelled,,,,,,,,,,
0,HAT174,JFK,DFW,12:00:00,14:00:00,120,2024-05-07,landed,2024-05-07T11:45:00,2024-05-07T14:17:00,,,,,,,,
0,HAT174,JFK,DFW,12:00:00,14:00:00,120,2024-05-08,landed,2024-05-08T11:50:00,2024-05-08T14:24:00,,,,,,,,
0,HAT174,JFK,DFW,12:00:00,14:00:00,120,2024-05-09,landed,2024-05-09T12:39:00,2024-05-09T14:40:00,,,,,,,,
0,HAT174,JFK,DFW,12:00:00,14:00:00,120,2024-05-10,landed,2024-05-10T11:53:00,2024-05-10T13:35:00,,,,,,,,
0,HAT174,JFK,DFW,12:00:00,14:00:00,120,2024-05-11,cancelled,,,,,,,,,,
0,HAT174,JFK,DFW,12:00:00,14:00:00,120,2024-05-12,landed,2024-05-12T11:49:00,2024-05-12T13:59:00,,,,,,,,
0,HAT174,JFK,DFW,12:00:00,14:00:00,120,2024-05-13,landed,2024-05-13T12:32:00,2024-05-13T14:42:00,,,,,,,,
0,HAT174,JFK,DFW,12:00:00,14:00:00,120,2024-05-14,landed,2024-05-14T12:15:00,2024-05-14T14:47:00,,,,,,,,
0,HAT174,JFK,DFW,12:00:00,14:00:00,120,2024-05-15,landed,2024-05-15T12:32:00,2024-05-15T13:53:00,,,,,,,,
0,HAT174,JFK,DFW,12:00:00,14:00:00,120,2024-05-16,available,,,,,12.0,2.0,1.0,52.0,111.0,347.0
0,HAT174,JFK,DFW,12:00:00,14:00:00,120,2024-05-17,available,,,,,19.0,13.0,7.0,51.0,100.0,357.0
0,HAT174,JFK,DFW,12:00:00,14:00:00,120,2024-05-18,available,,,,,6.0,11.0,6.0,63.0,196.0,269.0
0,HAT174,JFK,DFW,12:00:00,14:00:00,120,2024-05-19,available,,,,,19.0,11.0,19.0,73.0,101.0,323.0
0,HAT174,JFK,DFW,12:00:00,14:00:00,120,2024-05-20,available,,,,,7.0,18.0,19.0,84.0,164.0,321.0
0,HAT174,JFK,DFW,12:00:00,14:00:00,120,2024-05-21,available,,,,,17.0,4.0,5.0,51.0,105.0,337.0
0,HAT174,JFK,DFW,12:00:00,14:00:00,120,2024-05-22,available,,,,,18.0,17.0,8.0,85.0,132.0,304.0
0,HAT174,JFK,DFW,12:00:00,14:00:00,120,2024-05-23,available,,,,,1.0,7.0,13.0,83.0,136.0,369.0
0,HAT174,JFK,DFW,12:00:00,14:00:00,120,2024-05-24,available,,,,,11.0,13.0,5.0,63.0,141.0,214.0
0,HAT174,JFK,DFW,12:00:00,14:00:00,120,2024-05-25,available,,,,,17.0,18.0,10.0,97.0,173.0,373.0
0,HAT174,JFK,DFW,12:00:00,14:00:00,120,2024-05-26,available,,,,,6.0,12.0,12.0,75.0,133.0,222.0
0,HAT174,JFK,DFW,12:00:00,14:00:00,120,2024-05-27,available,,,,,11.0,20.0,2.0,70.0,163.0,298.0
0,HAT174,JFK,DFW,12:00:00,14:00:00,120,2024-05-28,available,,,,,17.0,18.0,0.0,52.0,144.0,326.0
0,HAT174,JFK,DFW,12:00:00,14:00:00,120,2024-05-29,available,,,,,11.0,17.0,1.0,56.0,157.0,431.0
0,HAT174,JFK,DFW,12:00:00,14:00:00,120,2024-05-30,available,,,,,20.0,13.0,8.0,56.0,165.0,246.0
0,HAT175,JFK,DFW,23:00:00,01:00:00+1,120,2024-05-01,landed,2024-05-01T23:05:00,2024-05-02T01:01:00,,,,,,,,
0,HAT175,JFK,DFW,23:00:00,01:00:00+1,120,2024-05-02,landed,2024-05-02T23:02:00,2024-05-03T00:56:00,,,,,,,,
0,HAT175,JFK,DFW,23:00:00,01:00:00+1,120,2024-05-03,landed,2024-05-03T23:17:00,2024-05-04T01:52:00,,,,,,,,
0,HAT175,JFK,DFW,23:00:00,01:00:00+1,120,2024-05-04,cancelled,,,,,,,,,,
0,HAT175,JFK,DFW,23:00:00,01:00:00+1,120,2024-05-05,landed,2024-05-05T22:40:00,2024-05-06T01:34:00,,,,,,,,
0,HAT175,JFK,DFW,23:00:00,01:00:00+1,120,2024-05-06,landed,2024-05-06T22:49:00,2024-05-07T01:30:00,,,,,,,,
0,HAT175,JFK,DFW,23:00:00,01:00:00+1,120,2024-05-07,landed,2024-05-07T23:12:00,2024-05-08T01:38:00,,,,,,,,
0,HAT175,JFK,DFW,23:00:00,01:00:00+1,120,2024-05-08,landed,2024-05-08T22:59:00,2024-05-09T01:18:00,,,,,,,,
0,HAT175,JFK,DFW,23:00:00,01:00:00+1,120,2024-05-09,cancelled,,,,,,,,,,
0,HAT175,JFK,DFW,23:00:00,01:00:00+1,120,2024-05-10,cancelled,,,,,,,,,,
0,HAT175,JFK,DFW,23:00:00,01:00:00+1,120,2024-05-11,landed,2024-05-11T23:22:00,2024-05-12T01:51:00,,,,,,,,
0,HAT175,JFK,DFW,23:00:00,01:00:00+1,120,2024-05-12,landed,2024-05-12T22:50:00,2024-05-13T01:04:00,,,,,,,,
0,HAT175,JFK,DFW,23:00:00,01:00:00+1,120,2024-05-13,landed,2024-05-13T22:58:00,2024-05-14T00:38:00,,,,,,,,
0,HAT175,JFK,DFW,23:00:00,01:00:00+1,120,2024-05-14,landed,2024-05-14T23:37:00,2024-05-15T00:37:00,,,,,,,,
0,HAT175,JFK,DFW,23:00:00,01:00:00+1,120,2024-05-15,on time,,,2024-05-15T22:52:00,2024-05-16T00:37:00,,,,,,
0,HAT175,JFK,DFW,23:00:00,01:00:00+1,120,2024-05-16,available,,,,,5.0,20.0,0.0,96.0,122.0,450.0
0,HAT175,JFK,DFW,23:00:00,01:00:00+1,120,2024-05-17,available,,,,,8.0,3.0,0.0,96.0,185.0,308.0
0,HAT175,JFK,DFW,23:00:00,01:00:00+1,120,2024-05-18,available,,,,,17.0,5.0,3.0,97.0,166.0,337.0
0,HAT175,JFK,DFW,23:00:00,01:00:00+1,120,2024-05-19,available,,,,,15.0,14.0,19.0,68.0,145.0,478.0
0,HAT175,JFK,DFW,23:00:00,01:00:00+1,120,2024-05-20,available,,,,,18.0,0.0,8.0,97.0,183.0,319.0
0,HAT175,JFK,DFW,23:00:00,01:00:00+1,120,2024-05-21,available,,,,,20.0,19.0,10.0,76.0,191.0,368.0
0,HAT175,JFK,DFW,23:00:00,01:00:00+1,120,2024-05-22,available,,,,,3.0,8.0,13.0,55.0,132.0,317.0
0,HAT175,JFK,DFW,23:00:00,01:00:00+1,120,2024-05-23,available,,,,,12.0,13.0,5.0,75.0,108.0,451.0
0,HAT175,JFK,DFW,23:00:00,01:00:00+1,120,2024-05-24,available,,,,,15.0,7.0,3.0,78.0,150.0,463.0
0,HAT175,JFK,DFW,23:00:00,01:00:00+1,120,2024-05-25,available,,,,,19.0,3.0,9.0,64.0,152.0,354.0
0,HAT175,JFK,DFW,23:00:00,01:00:00+1,120,2024-05-26,available,,,,,7.0,15.0,11.0,66.0,175.0,331.0
0,HAT175,JFK,DFW,23:00:00,01:00:00+1,120,2024-05-27,available,,,,,14.0,7.0,14.0,94.0,162.0,321.0
0,HAT175,JFK,DFW,23:00:00,01:00:00+1,120,2024-05-28,available,,,,,2.0,16.0,12.0,99.0,168.0,499.0
0,HAT175,JFK,DFW,23:00:00,01:00:00+1,120,2024-05-29,available,,,,,2.0,17.0,8.0,76.0,159.0,333.0
0,HAT175,JFK,DFW,23:00:00,01:00:00+1,120,2024-05-30,available,,,,,9.0,0.0,12.0,69.0,112.0,344.0
0,HAT176,JFK,DFW,17:00:00,19:00:00,120,2024-05-01,landed,2024-05-01T17:16:00,2024-05-01T19:19:00,,,,,,,,
0,HAT176,JFK,DFW,17:00:00,19:00:00,120,2024-05-02,landed,2024-05-02T17:07:00,2024-05-02T18:39:00,,,,,,,,
0,HAT176,JFK,DFW,17:00:00,19:00:00,120,2024-05-03,landed,2024-05-03T17:40:00,2024-05-03T19:09:00,,,,,,,,
0,HAT176,JFK,DFW,17:00:00,19:00:00,120,2024-05-04,landed,2024-05-04T17:29:00,2024-05-04T19:19:00,,,,,,,,
0,HAT176,JFK,DFW,17:00:00,19:00:00,120,2024-05-05,landed,2024-05-05T17:04:00,2024-05-05T19:02:00,,,,,,,,
0,HAT176,JFK,DFW,17:00:00,19:00:00,120,2024-05-06,landed,2024-05-06T17:16:00,2024-05-06T18:41:00,,,,,,,,
0,HAT176,JFK,DFW,17:00:00,19:00:00,120,2024-05-07,landed,2024-05-07T17:01:00,2024-05-07T19:42:00,,,,,,,,
0,HAT176,JFK,DFW,17:00:00,19:00:00,120,2024-05-08,landed,2024-05-08T16:50:00,2024-05-08T19:42:00,,,,,,,,
0,HAT176,JFK,DFW,17:00:00,19:00:00,120,2024-05-09,landed,2024-05-09T17:06:00,2024-05-09T19:19:00,,,,,,,,
0,HAT176,JFK,DFW,17:00:00,19:00:00,120,2024-05-10,cancelled,,,,,,,,,,
0,HAT176,JFK,DFW,17:00:00,19:00:00,120,2024-05-11,landed,2024-05-11T17:26:00,2024-05-11T19:26:00,,,,,,,,
0,HAT176,JFK,DFW,17:00:00,19:00:00,120,2024-05-12,landed,2024-05-12T17:15:00,2024-05-12T19:39:00,,,,,,,,
0,HAT176,JFK,DFW,17:00:00,19:00:00,120,2024-05-13,landed,2024-05-13T17:04:00,2024-05-13T19:15:00,,,,,,,,
0,HAT176,JFK,DFW,17:00:00,19:00:00,120,2024-05-14,landed,2024-05-14T17:14:00,2024-05-14T19:23:00,,,,,,,,
0,HAT176,JFK,DFW,17:00:00,19:00:00,120,2024-05-15,delayed,,,2024-05-15T17:45:00,2024-05-15T20:48:00,,,,,,
0,HAT176,JFK,DFW,17:00:00,19:00:00,120,2024-05-16,available,,,,,4.0,4.0,10.0,68.0,194.0,383.0
0,HAT176,JFK,DFW,17:00:00,19:00:00,120,2024-05-17,available,,,,,0.0,17.0,18.0,97.0,185.0,328.0
0,HAT176,JFK,DFW,17:00:00,19:00:00,120,2024-05-18,available,,,,,11.0,15.0,18.0,89.0,162.0,252.0
0,HAT176,JFK,DFW,17:00:00,19:00:00,120,2024-05-19,available,,,,,8.0,14.0,7.0,57.0,100.0,207.0
0,HAT176,JFK,DFW,17:00:00,19:00:00,120,2024-05-20,available,,,,,17.0,10.0,8.0,56.0,113.0,499.0
0,HAT176,JFK,DFW,17:00:00,19:00:00,120,2024-05-21,available,,,,,14.0,9.0,0.0,82.0,149.0,452.0
0,HAT176,JFK,DFW,17:00:00,19:00:00,120,2024-05-22,available,,,,,17.0,0.0,4.0,74.0,153.0,498.0
0,HAT176,JFK,DFW,17:00:00,19:00:00,120,2024-05-23,available,,,,,8.0,3.0,11.0,91.0,150.0,215.0
0,HAT176,JFK,DFW,17:00:00,19:00:00,120,2024-05-24,available,,,,,10.0,5.0,6.0,80.0,120.0,324.0
0,HAT176,JFK,DFW,17:00:00,19:00:00,120,2024-05-25,available,,,,,6.0,14.0,3.0,94.0,135.0,470.0
0,HAT176,JFK,DFW,17:00:00,19:00:00,120,2024-05-26,available,,,,,20.0,14.0,20.0,66.0,163.0,486.0
0,HAT176,JFK,DFW,17:00:00,19:00:00,120,2024-05-27,available,,,,,5.0,0.0,11.0,55.0,147.0,286.0
0,HAT176,JFK,DFW,17:00:00,19:00:00,120,2024-05-28,available,,,,,4.0,12.0,19.0,91.0,136.0,204.0
0,HAT176,JFK,DFW,17:00:00,19:00:00,120,2024-05-29,available,,,,,16.0,3.0,9.0,63.0,120.0,330.0
0,HAT176,JFK,DFW,17:00:00,19:00:00,120,2024-05-30,available,,,,,13.0,13.0,12.0,90.0,138.0,448.0
0,HAT177,JFK,DFW,04:00:00,06:00:00,120,2024-05-01,landed,2024-05-01T03:59:00,2024-05-01T05:37:00,,,,,,,,
0,HAT177,JFK,DFW,04:00:00,06:00:00,120,2024-05-02,landed,2024-05-02T04:20:00,2024-05-02T06:41:00,,,,,,,,
0,HAT177,JFK,DFW,04:00:00,06:00:00,120,2024-05-03,landed,2024-05-03T04:05:00,2024-05-03T05:39:00,,,,,,,,
0,HAT177,JFK,DFW,04:00:00,06:00:00,120,2024-05-04,landed,2024-05-04T04:12:00,2024-05-04T05:43:00,,,,,,,,
0,HAT177,JFK,DFW,04:00:00,06:00:00,120,2024-05-05,landed,2024-05-05T03:42:00,2024-05-05T06:33:00,,,,,,,,
0,HAT177,JFK,DFW,04:00:00,06:00:00,120,2024-05-06,landed,2024-05-06T04:34:00,2024-05-06T06:14:00,,,,,,,,
0,HAT177,JFK,DFW,04:00:00,06:00:00,120,2024-05-07,landed,2024-05-07T03:49:00,2024-05-07T05:51:00,,,,,,,,
0,HAT177,JFK,DFW,04:00:00,06:00:00,120,2024-05-08,landed,2024-05-08T04:04:00,2024-05-08T05:50:00,,,,,,,,
0,HAT177,JFK,DFW,04:00:00,06:00:00,120,2024-05-09,landed,2024-05-09T04:14:00,2024-05-09T06:50:00,,,,,,,,
0,HAT177,JFK,DFW,04:00:00,06:00:00,120,2024-05-10,landed,2024-05-10T04:14:00,2024-05-10T06:18:00,,,,,,,,
0,HAT177,JFK,DFW,04:00:00,06:00:00,120,2024-05-11,landed,2024-05-11T04:04:00,2024-05-11T05:57:00,,,,,,,,
0,HAT177,JFK,DFW,04:00:00,06:00:00,120,2024-05-12,landed,2024-05-12T04:28:00,2024-05-12T06:45:00,,,,,,,,
0,HAT177,JFK,DFW,04:00:00,06:00:00,120,2024-05-13,landed,2024-05-13T04:32:00,2024-05-13T05:45:00,,,,,,,,
0,HAT177,JFK,DFW,04:00:00,06:00:00,120,2024-05-14,landed,2024-05-14T04:00:00,2024-05-14T06:52:00,,,,,,,,
0,HAT177,JFK,DFW,04:00:00,06:00:00,120,2024-05-15,landed,2024-05-15T04:28:00,2024-05-15T06:14:00,,,,,,,,
0,HAT177,JFK,DFW,04:00:00,06:00:00,120,2024-05-16,available,,,,,1.0,7.0,13.0,52.0,105.0,283.0
0,HAT177,JFK,DFW,04:00:00,06:00:00,120,2024-05-17,available,,,,,9.0,17.0,1.0,86.0,119.0,302.0
0,HAT177,JFK,DFW,04:00:00,06:00:00,120,2024-05-18,available,,,,,9.0,20.0,0.0,71.0,128.0,424.0
0,HAT177,JFK,DFW,04:00:00,06:00:00,120,2024-05-19,available,,,,,5.0,5.0,19.0,74.0,150.0,236.0
0,HAT177,JFK,DFW,04:00:00,06:00:00,120,2024-05-20,available,,,,,8.0,9.0,4.0,63.0,178.0,359.0
0,HAT177,JFK,DFW,04:00:00,06:00:00,120,2024-05-21,available,,,,,19.0,20.0,10.0,92.0,107.0,413.0
0,HAT177,JFK,DFW,04:00:00,06:00:00,120,2024-05-22,available,,,,,18.0,1.0,2.0,54.0,195.0,381.0
0,HAT177,JFK,DFW,04:00:00,06:00:00,120,2024-05-23,available,,,,,12.0,10.0,13.0,55.0,170.0,221.0
0,HAT177,JFK,DFW,04:00:00,06:00:00,120,2024-05-24,available,,,,,19.0,3.0,9.0,75.0,137.0,417.0
0,HAT177,JFK,DFW,04:00:00,06:00:00,120,2024-05-25,available,,,,,5.0,6.0,11.0,52.0,166.0,359.0
0,HAT177,JFK,DFW,04:00:00,06:00:00,120,2024-05-26,available,,,,,14.0,6.0,0.0,78.0,154.0,441.0
0,HAT177,JFK,DFW,04:00:00,06:00:00,120,2024-05-27,available,,,,,1.0,10.0,4.0,87.0,116.0,464.0
0,HAT177,JFK,DFW,04:00:00,06:00:00,120,2024-05-28,available,,,,,7.0,4.0,11.0,68.0,138.0,472.0
0,HAT177,JFK,DFW,04:00:00,06:00:00,120,2024-05-29,available,,,,,1.0,15.0,19.0,74.0,102.0,319.0
0,HAT177,JFK,DFW,04:00:00,06:00:00,120,2024-05-30,available,,,,,17.0,20.0,18.0,80.0,104.0,268.0
0,HAT178,MCO,LAS,22:00:00,04:00:00+1,360,2024-05-01,landed,2024-05-01T21:59:00,2024-05-02T03:57:00,,,,,,,,
0,HAT178,MCO,LAS,22:00:00,04:00:00+1,360,2024-05-02,cancelled,,,,,,,,,,
0,HAT178,MCO,LAS,22:00:00,04:00:00+1,360,2024-05-03,landed,2024-05-03T22:18:00,2024-05-04T03:41:00,,,,,,,,
0,HAT178,MCO,LAS,22:00:00,04:00:00+1,360,2024-05-04,landed,2024-05-04T21:43:00,2024-05-05T04:17:00,,,,,,,,
0,HAT178,MCO,LAS,22:00:00,04:00:00+1,360,2024-05-05,landed,2024-05-05T21:57:00,2024-05-06T03:58:00,,,,,,,,
0,HAT178,MCO,LAS,22:00:00,04:00:00+1,360,2024-05-06,landed,2024-05-06T22:19:00,2024-05-07T04:34:00,,,,,,,,
0,HAT178,MCO,LAS,22:00:00,04:00:00+1,360,2024-05-07,landed,2024-05-07T21:49:00,2024-05-08T04:47:00,,,,,,,,
0,HAT178,MCO,LAS,22:00:00,04:00:00+1,360,2024-05-08,landed,2024-05-08T21:44:00,2024-05-09T03:49:00,,,,,,,,
0,HAT178,MCO,LAS,22:00:00,04:00:00+1,360,2024-05-09,landed,2024-05-09T22:36:00,2024-05-10T04:40:00,,,,,,,,
0,HAT178,MCO,LAS,22:00:00,04:00:00+1,360,2024-05-10,landed,2024-05-10T22:07:00,2024-05-11T03:59:00,,,,,,,,
0,HAT178,MCO,LAS,22:00:00,04:00:00+1,360,2024-05-11,landed,2024-05-11T21:44:00,2024-05-12T03:43:00,,,,,,,,
0,HAT178,MCO,LAS,22:00:00,04:00:00+1,360,2024-05-12,landed,2024-05-12T22:22:00,2024-05-13T03:43:00,,,,,,,,
0,HAT178,MCO,LAS,22:00:00,04:00:00+1,360,2024-05-13,landed,2024-05-13T22:40:00,2024-05-14T03:55:00,,,,,,,,
0,HAT178,MCO,LAS,22:00:00,04:00:00+1,360,2024-05-14,landed,2024-05-14T21:43:00,2024-05-15T04:07:00,,,,,,,,
0,HAT178,MCO,LAS,22:00:00,04:00:00+1,360,2024-05-15,on time,,,2024-05-15T22:21:00,2024-05-16T04:16:00,,,,,,
0,HAT178,MCO,LAS,22:00:00,04:00:00+1,360,2024-05-16,available,,,,,20.0,17.0,12.0,79.0,130.0,230.0
0,HAT178,MCO,LAS,22:00:00,04:00:00+1,360,2024-05-17,available,,,,,18.0,1.0,18.0,98.0,197.0,355.0
0,HAT178,MCO,LAS,22:00:00,04:00:00+1,360,2024-05-18,available,,,,,17.0,13.0,8.0,80.0,167.0,318.0
0,HAT178,MCO,LAS,22:00:00,04:00:00+1,360,2024-05-19,available,,,,,18.0,17.0,2.0,58.0,185.0,453.0
0,HAT178,MCO,LAS,22:00:00,04:00:00+1,360,2024-05-20,available,,,,,14.0,2.0,18.0,89.0,135.0,263.0
0,HAT178,MCO,LAS,22:00:00,04:00:00+1,360,2024-05-21,available,,,,,15.0,16.0,6.0,92.0,183.0,469.0
0,HAT178,MCO,LAS,22:00:00,04:00:00+1,360,2024-05-22,available,,,,,6.0,15.0,14.0,51.0,131.0,435.0
0,HAT178,MCO,LAS,22:00:00,04:00:00+1,360,2024-05-23,available,,,,,18.0,7.0,5.0,77.0,114.0,314.0
0,HAT178,MCO,LAS,22:00:00,04:00:00+1,360,2024-05-24,available,,,,,20.0,0.0,6.0,57.0,102.0,400.0
0,HAT178,MCO,LAS,22:00:00,04:00:00+1,360,2024-05-25,available,,,,,11.0,14.0,4.0,50.0,161.0,340.0
0,HAT178,MCO,LAS,22:00:00,04:00:00+1,360,2024-05-26,available,,,,,18.0,0.0,19.0,62.0,136.0,391.0
0,HAT178,MCO,LAS,22:00:00,04:00:00+1,360,2024-05-27,available,,,,,20.0,5.0,16.0,56.0,103.0,210.0
0,HAT178,MCO,LAS,22:00:00,04:00:00+1,360,2024-05-28,available,,,,,13.0,18.0,6.0,73.0,146.0,308.0
0,HAT178,MCO,LAS,22:00:00,04:00:00+1,360,2024-05-29,available,,,,,9.0,14.0,17.0,73.0,105.0,407.0
0,HAT178,MCO,LAS,22:00:00,04:00:00+1,360,2024-05-30,available,,,,,14.0,11.0,13.0,77.0,105.0,487.0
0,HAT179,ORD,SFO,23:00:00,03:00:00+1,240,2024-05-01,landed,2024-05-01T23:33:00,2024-05-02T03:36:00,,,,,,,,
0,HAT179,ORD,SFO,23:00:00,03:00:00+1,240,2024-05-02,landed,2024-05-02T23:08:00,2024-05-03T03:41:00,,,,,,,,
0,HAT179,ORD,SFO,23:00:00,03:00:00+1,240,2024-05-03,landed,2024-05-03T23:34:00,2024-05-04T03:17:00,,,,,,,,
0,HAT179,ORD,SFO,23:00:00,03:00:00+1,240,2024-05-04,landed,2024-05-04T22:58:00,2024-05-05T03:29:00,,,,,,,,
0,HAT179,ORD,SFO,23:00:00,03:00:00+1,240,2024-05-05,landed,2024-05-05T23:27:00,2024-05-06T02:52:00,,,,,,,,
0,HAT179,ORD,SFO,23:00:00,03:00:00+1,240,2024-05-06,landed,2024-05-06T22:43:00,2024-05-07T03:32:00,,,,,,,,
0,HAT179,ORD,SFO,23:00:00,03:00:00+1,240,2024-05-07,landed,2024-05-07T23:05:00,2024-05-08T03:27:00,,,,,,,,
0,HAT179,ORD,SFO,23:00:00,03:00:00+1,240,2024-05-08,landed,2024-05-08T22:42:00,2024-05-09T02:46:00,,,,,,,,
0,HAT179,ORD,SFO,23:00:00,03:00:00+1,240,2024-05-09,landed,2024-05-09T23:27:00,2024-05-10T02:41:00,,,,,,,,
0,HAT179,ORD,SFO,23:00:00,03:00:00+1,240,2024-05-10,cancelled,,,,,,,,,,
0,HAT179,ORD,SFO,23:00:00,03:00:00+1,240,2024-05-11,landed,2024-05-11T22:56:00,2024-05-12T03:00:00,,,,,,,,
0,HAT179,ORD,SFO,23:00:00,03:00:00+1,240,2024-05-12,landed,2024-05-12T23:17:00,2024-05-13T02:36:00,,,,,,,,
0,HAT179,ORD,SFO,23:00:00,03:00:00+1,240,2024-05-13,landed,2024-05-13T23:14:00,2024-05-14T03:13:00,,,,,,,,
0,HAT179,ORD,SFO,23:00:00,03:00:00+1,240,2024-05-14,landed,2024-05-14T22:55:00,2024-05-15T02:52:00,,,,,,,,
0,HAT179,ORD,SFO,23:00:00,03:00:00+1,240,2024-05-15,delayed,,,2024-05-16T01:23:00,2024-05-16T05:59:00,,,,,,
0,HAT179,ORD,SFO,23:00:00,03:00:00+1,240,2024-05-16,available,,,,,7.0,12.0,20.0,89.0,109.0,413.0
0,HAT179,ORD,SFO,23:00:00,03:00:00+1,240,2024-05-17,available,,,,,10.0,3.0,10.0,81.0,104.0,435.0
0,HAT179,ORD,SFO,23:00:00,03:00:00+1,240,2024-05-18,available,,,,,19.0,17.0,7.0,77.0,145.0,292.0
0,HAT179,ORD,SFO,23:00:00,03:00:00+1,240,2024-05-19,available,,,,,0.0,19.0,13.0,82.0,132.0,413.0
0,HAT179,ORD,SFO,23:00:00,03:00:00+1,240,2024-05-20,available,,,,,7.0,1.0,7.0,67.0,194.0,261.0
0,HAT179,ORD,SFO,23:00:00,03:00:00+1,240,2024-05-21,available,,,,,18.0,2.0,20.0,53.0,162.0,463.0
0,HAT179,ORD,SFO,23:00:00,03:00:00+1,240,2024-05-22,available,,,,,11.0,19.0,8.0,79.0,163.0,396.0
0,HAT179,ORD,SFO,23:00:00,03:00:00+1,240,2024-05-23,available,,,,,19.0,20.0,14.0,89.0,128.0,255.0
0,HAT179,ORD,SFO,23:00:00,03:00:00+1,240,2024-05-24,available,,,,,4.0,3.0,3.0,91.0,185.0,424.0
0,HAT179,ORD,SFO,23:00:00,03:00:00+1,240,2024-05-25,available,,,,,17.0,8.0,6.0,59.0,126.0,375.0
0,HAT179,ORD,SFO,23:00:00,03:00:00+1,240,2024-05-26,available,,,,,17.0,9.0,3.0,53.0,110.0,394.0
0,HAT179,ORD,SFO,23:00:00,03:00:00+1,240,2024-05-27,available,,,,,5.0,6.0,17.0,51.0,116.0,308.0
0,HAT179,ORD,SFO,23:00:00,03:00:00+1,240,2024-05-28,available,,,,,8.0,1.0,6.0,79.0,186.0,324.0
0,HAT179,ORD,SFO,23:00:00,03:00:00+1,240,2024-05-29,available,,,,,8.0,7.0,6.0,91.0,119.0,241.0
0,HAT179,ORD,SFO,23:00:00,03:00:00+1,240,2024-05-30,available,,,,,15.0,16.0,16.0,99.0,166.0,418.0
0,HAT180,ORD,SFO,10:00:00,14:00:00,240,2024-05-01,landed,2024-05-01T09:56:00,2024-05-01T14:50:00,,,,,,,,
0,HAT180,ORD,SFO,10:00:00,14:00:00,240,2024-05-02,landed,2024-05-02T09:53:00,2024-05-02T14:53:00,,,,,,,,
0,HAT180,ORD,SFO,10:00:00,14:00:00,240,2024-05-03,cancelled,,,,,,,,,,
0,HAT180,ORD,SFO,10:00:00,14:00:00,240,2024-05-04,landed,2024-05-04T10:08:00,2024-05-04T14:55:00,,,,,,,,
0,HAT180,ORD,SFO,10:00:00,14:00:00,240,2024-05-05,landed,2024-05-05T10:21:00,2024-05-05T13:55:00,,,,,,,,
0,HAT180,ORD,SFO,10:00:00,14:00:00,240,2024-05-06,landed,2024-05-06T09:42:00,2024-05-06T14:45:00,,,,,,,,
0,HAT180,ORD,SFO,10:00:00,14:00:00,240,2024-05-07,landed,2024-05-07T10:02:00,2024-05-07T14:53:00,,,,,,,,
0,HAT180,ORD,SFO,10:00:00,14:00:00,240,2024-05-08,landed,2024-05-08T09:53:00,2024-05-08T14:52:00,,,,,,,,
0,HAT180,ORD,SFO,10:00:00,14:00:00,240,2024-05-09,landed,2024-05-09T09:55:00,2024-05-09T14:30:00,,,,,,,,
0,HAT180,ORD,SFO,10:00:00,14:00:00,240,2024-05-10,landed,2024-05-10T10:19:00,2024-05-10T14:13:00,,,,,,,,
0,HAT180,ORD,SFO,10:00:00,14:00:00,240,2024-05-11,landed,2024-05-11T10:13:00,2024-05-11T14:25:00,,,,,,,,
0,HAT180,ORD,SFO,10:00:00,14:00:00,240,2024-05-12,landed,2024-05-12T10:03:00,2024-05-12T14:46:00,,,,,,,,
0,HAT180,ORD,SFO,10:00:00,14:00:00,240,2024-05-13,landed,2024-05-13T10:02:00,2024-05-13T14:07:00,,,,,,,,
0,HAT180,ORD,SFO,10:00:00,14:00:00,240,2024-05-14,landed,2024-05-14T10:38:00,2024-05-14T13:55:00,,,,,,,,
0,HAT180,ORD,SFO,10:00:00,14:00:00,240,2024-05-15,landed,2024-05-15T09:54:00,2024-05-15T13:55:00,,,,,,,,
0,HAT180,ORD,SFO,10:00:00,14:00:00,240,2024-05-16,available,,,,,13.0,5.0,4.0,58.0,161.0,309.0
0,HAT180,ORD,SFO,10:00:00,14:00:00,240,2024-05-17,available,,,,,4.0,14.0,6.0,90.0,165.0,319.0
0,HAT180,ORD,SFO,10:00:00,14:00:00,240,2024-05-18,available,,,,,2.0,10.0,20.0,72.0,165.0,279.0
0,HAT180,ORD,SFO,10:00:00,14:00:00,240,2024-05-19,available,,,,,7.0,12.0,19.0,59.0,122.0,264.0
0,HAT180,ORD,SFO,10:00:00,14:00:00,240,2024-05-20,available,,,,,20.0,20.0,8.0,81.0,192.0,468.0
0,HAT180,ORD,SFO,10:00:00,14:00:00,240,2024-05-21,available,,,,,0.0,15.0,7.0,80.0,136.0,417.0
0,HAT180,ORD,SFO,10:00:00,14:00:00,240,2024-05-22,available,,,,,11.0,19.0,20.0,93.0,117.0,483.0
0,HAT180,ORD,SFO,10:00:00,14:00:00,240,2024-05-23,available,,,,,12.0,14.0,15.0,89.0,145.0,346.0
0,HAT180,ORD,SFO,10:00:00,14:00:00,240,2024-05-24,available,,,,,0.0,15.0,3.0,61.0,118.0,342.0
0,HAT180,ORD,SFO,10:00:00,14:00:00,240,2024-05-25,available,,,,,13.0,18.0,9.0,78.0,124.0,334.0
0,HAT180,ORD,SFO,10:00:00,14:00:00,240,2024-05-26,available,,,,,5.0,16.0,6.0,93.0,132.0,355.0
0,HAT180,ORD,SFO,10:00:00,14:00:00,240,2024-05-27,available,,,,,5.0,8.0,20.0,79.0,111.0,437.0
0,HAT180,ORD,SFO,10:00:00,14:00:00,240,2024-05-28,available,,,,,6.0,1.0,0.0,91.0,150.0,409.0
0,HAT180,ORD,SFO,10:00:00,14:00:00,240,2024-05-29,available,,,,,5.0,1.0,13.0,98.0,191.0,492.0
0,HAT180,ORD,SFO,10:00:00,14:00:00,240,2024-05-30,available,,,,,12.0,20.0,11.0,93.0,190.0,457.0
0,HAT181,PHL,JFK,05:00:00,09:00:00,240,2024-05-01,landed,2024-05-01T04:58:00,2024-05-01T09:23:00,,,,,,,,
0,HAT181,PHL,JFK,05:00:00,09:00:00,240,2024-05-02,landed,2024-05-02T04:56:00,2024-05-02T08:50:00,,,,,,,,
0,HAT181,PHL,JFK,05:00:00,09:00:00,240,2024-05-03,landed,2024-05-03T05:40:00,2024-05-03T09:47:00,,,,,,,,
0,HAT181,PHL,JFK,05:00:00,09:00:00,240,2024-05-04,landed,2024-05-04T05:34:00,2024-05-04T09:43:00,,,,,,,,
0,HAT181,PHL,JFK,05:00:00,09:00:00,240,2024-05-05,landed,2024-05-05T05:29:00,2024-05-05T08:53:00,,,,,,,,
0,HAT181,PHL,JFK,05:00:00,09:00:00,240,2024-05-06,landed,2024-05-06T05:21:00,2024-05-06T09:26:00,,,,,,,,
0,HAT181,PHL,JFK,05:00:00,09:00:00,240,2024-05-07,landed,2024-05-07T05:06:00,2024-05-07T09:28:00,,,,,,,,
0,HAT181,PHL,JFK,05:00:00,09:00:00,240,2024-05-08,landed,2024-05-08T04:45:00,2024-05-08T09:46:00,,,,,,,,
0,HAT181,PHL,JFK,05:00:00,09:00:00,240,2024-05-09,landed,2024-05-09T05:31:00,2024-05-09T09:14:00,,,,,,,,
0,HAT181,PHL,JFK,05:00:00,09:00:00,240,2024-05-10,landed,2024-05-10T05:09:00,2024-05-10T09:12:00,,,,,,,,
0,HAT181,PHL,JFK,05:00:00,09:00:00,240,2024-05-11,landed,2024-05-11T05:23:00,2024-05-11T08:44:00,,,,,,,,
0,HAT181,PHL,JFK,05:00:00,09:00:00,240,2024-05-12,landed,2024-05-12T04:45:00,2024-05-12T09:52:00,,,,,,,,
0,HAT181,PHL,JFK,05:00:00,09:00:00,240,2024-05-13,cancelled,,,,,,,,,,
0,HAT181,PHL,JFK,05:00:00,09:00:00,240,2024-05-14,landed,2024-05-14T05:32:00,2024-05-14T08:54:00,,,,,,,,
0,HAT181,PHL,JFK,05:00:00,09:00:00,240,2024-05-15,landed,2024-05-15T05:23:00,2024-05-15T08:43:00,,,,,,,,
0,HAT181,PHL,JFK,05:00:00,09:00:00,240,2024-05-16,available,,,,,17.0,10.0,10.0,64.0,192.0,440.0
0,HAT181,PHL,JFK,05:00:00,09:00:00,240,2024-05-17,available,,,,,19.0,1.0,17.0,81.0,158.0,437.0
0,HAT181,PHL,JFK,05:00:00,09:00:00,240,2024-05-18,available,,,,,2.0,6.0,15.0,59.0,103.0,441.0
0,HAT181,PHL,JFK,05:00:00,09:00:00,240,2024-05-19,available,,,,,1.0,19.0,4.0,60.0,116.0,363.0
0,HAT181,PHL,JFK,05:00:00,09:00:00,240,2024-05-20,available,,,,,12.0,18.0,14.0,67.0,196.0,269.0
0,HAT181,PHL,JFK,05:00:00,09:00:00,240,2024-05-21,available,,,,,18.0,16.0,3.0,69.0,159.0,443.0
0,HAT181,PHL,JFK,05:00:00,09:00:00,240,2024-05-22,available,,,,,4.0,2.0,19.0,76.0,113.0,260.0
0,HAT181,PHL,JFK,05:00:00,09:00:00,240,2024-05-23,available,,,,,11.0,0.0,5.0,54.0,135.0,367.0
0,HAT181,PHL,JFK,05:00:00,09:00:00,240,2024-05-24,available,,,,,7.0,10.0,6.0,50.0,119.0,449.0
0,HAT181,PHL,JFK,05:00:00,09:00:00,240,2024-05-25,available,,,,,12.0,7.0,6.0,52.0,180.0,430.0
0,HAT181,PHL,JFK,05:00:00,09:00:00,240,2024-05-26,available,,,,,5.0,20.0,2.0,77.0,184.0,362.0
0,HAT181,PHL,JFK,05:00:00,09:00:00,240,2024-05-27,available,,,,,2.0,4.0,6.0,66.0,192.0,340.0
0,HAT181,PHL,JFK,05:00:00,09:00:00,240,2024-05-28,available,,,,,0.0,12.0,16.0,91.0,130.0,499.0
0,HAT181,PHL,JFK,05:00:00,09:00:00,240,2024-05-29,available,,,,,11.0,9.0,17.0,73.0,144.0,261.0
0,HAT181,PHL,JFK,05:00:00,09:00:00,240,2024-05-30,available,,,,,17.0,1.0,11.0,64.0,171.0,302.0
0,HAT182,PHL,JFK,22:00:00,02:00:00+1,240,2024-05-01,landed,2024-05-01T22:32:00,2024-05-02T02:08:00,,,,,,,,
0,HAT182,PHL,JFK,22:00:00,02:00:00+1,240,2024-05-02,landed,2024-05-02T21:40:00,2024-05-03T01:44:00,,,,,,,,
0,HAT182,PHL,JFK,22:00:00,02:00:00+1,240,2024-05-03,cancelled,,,,,,,,,,
0,HAT182,PHL,JFK,22:00:00,02:00:00+1,240,2024-05-04,landed,2024-05-04T21:42:00,2024-05-05T02:45:00,,,,,,,,
0,HAT182,PHL,JFK,22:00:00,02:00:00+1,240,2024-05-05,landed,2024-05-05T21:42:00,2024-05-06T01:36:00,,,,,,,,
0,HAT182,PHL,JFK,22:00:00,02:00:00+1,240,2024-05-06,landed,2024-05-06T22:06:00,2024-05-07T01:43:00,,,,,,,,
0,HAT182,PHL,JFK,22:00:00,02:00:00+1,240,2024-05-07,landed,2024-05-07T22:12:00,2024-05-08T02:31:00,,,,,,,,
0,HAT182,PHL,JFK,22:00:00,02:00:00+1,240,2024-05-08,landed,2024-05-08T22:12:00,2024-05-09T02:43:00,,,,,,,,
0,HAT182,PHL,JFK,22:00:00,02:00:00+1,240,2024-05-09,landed,2024-05-09T22:07:00,2024-05-10T02:51:00,,,,,,,,
0,HAT182,PHL,JFK,22:00:00,02:00:00+1,240,2024-05-10,landed,2024-05-10T21:58:00,2024-05-11T02:38:00,,,,,,,,
0,HAT182,PHL,JFK,22:00:00,02:00:00+1,240,2024-05-11,cancelled,,,,,,,,,,
0,HAT182,PHL,JFK,22:00:00,02:00:00+1,240,2024-05-12,landed,2024-05-12T22:12:00,2024-05-13T02:12:00,,,,,,,,
0,HAT182,PHL,JFK,22:00:00,02:00:00+1,240,2024-05-13,landed,2024-05-13T22:09:00,2024-05-14T02:39:00,,,,,,,,
0,HAT182,PHL,JFK,22:00:00,02:00:00+1,240,2024-05-14,landed,2024-05-14T22:04:00,2024-05-15T01:54:00,,,,,,,,
0,HAT182,PHL,JFK,22:00:00,02:00:00+1,240,2024-05-15,delayed,,,2024-05-15T22:30:00,2024-05-16T03:42:00,,,,,,
0,HAT182,PHL,JFK,22:00:00,02:00:00+1,240,2024-05-16,available,,,,,1.0,20.0,11.0,100.0,144.0,428.0
0,HAT182,PHL,JFK,22:00:00,02:00:00+1,240,2024-05-17,available,,,,,19.0,3.0,6.0,77.0,178.0,432.0
0,HAT182,PHL,JFK,22:00:00,02:00:00+1,240,2024-05-18,available,,,,,16.0,19.0,10.0,69.0,128.0,312.0
0,HAT182,PHL,JFK,22:00:00,02:00:00+1,240,2024-05-19,available,,,,,20.0,7.0,16.0,90.0,186.0,357.0
0,HAT182,PHL,JFK,22:00:00,02:00:00+1,240,2024-05-20,available,,,,,2.0,15.0,18.0,68.0,153.0,308.0
0,HAT182,PHL,JFK,22:00:00,02:00:00+1,240,2024-05-21,available,,,,,16.0,16.0,7.0,95.0,148.0,224.0
0,HAT182,PHL,JFK,22:00:00,02:00:00+1,240,2024-05-22,available,,,,,2.0,17.0,14.0,99.0,134.0,244.0
0,HAT182,PHL,JFK,22:00:00,02:00:00+1,240,2024-05-23,available,,,,,3.0,7.0,19.0,80.0,129.0,342.0
0,HAT182,PHL,JFK,22:00:00,02:00:00+1,240,2024-05-24,available,,,,,11.0,0.0,8.0,70.0,153.0,461.0
0,HAT182,PHL,JFK,22:00:00,02:00:00+1,240,2024-05-25,available,,,,,18.0,18.0,3.0,98.0,101.0,289.0
0,HAT182,PHL,JFK,22:00:00,02:00:00+1,240,2024-05-26,available,,,,,10.0,15.0,18.0,86.0,152.0,421.0
0,HAT182,PHL,JFK,22:00:00,02:00:00+1,240,2024-05-27,available,,,,,17.0,19.0,3.0,82.0,131.0,478.0
0,HAT182,PHL,JFK,22:00:00,02:00:00+1,240,2024-05-28,available,,,,,11.0,9.0,10.0,90.0,126.0,469.0
0,HAT182,PHL,JFK,22:00:00,02:00:00+1,240,2024-05-29,available,,,,,2.0,9.0,11.0,53.0,169.0,331.0
0,HAT182,PHL,JFK,22:00:00,02:00:00+1,240,2024-05-30,available,,,,,2.0,7.0,0.0,50.0,109.0,499.0
0,HAT183,PHL,JFK,11:00:00,15:00:00,240,2024-05-01,cancelled,,,,,,,,,,
0,HAT183,PHL,JFK,11:00:00,15:00:00,240,2024-05-02,landed,2024-05-02T10:47:00,2024-05-02T14:46:00,,,,,,,,
0,HAT183,PHL,JFK,11:00:00,15:00:00,240,2024-05-03,landed,2024-05-03T10:40:00,2024-05-03T15:48:00,,,,,,,,
0,HAT183,PHL,JFK,11:00:00,15:00:00,240,2024-05-04,landed,2024-05-04T11:25:00,2024-05-04T15:28:00,,,,,,,,
0,HAT183,PHL,JFK,11:00:00,15:00:00,240,2024-05-05,landed,2024-05-05T11:03:00,2024-05-05T15:22:00,,,,,,,,
0,HAT183,PHL,JFK,11:00:00,15:00:00,240,2024-05-06,landed,2024-05-06T11:04:00,2024-05-06T15:31:00,,,,,,,,
0,HAT183,PHL,JFK,11:00:00,15:00:00,240,2024-05-07,landed,2024-05-07T10:49:00,2024-05-07T15:16:00,,,,,,,,
0,HAT183,PHL,JFK,11:00:00,15:00:00,240,2024-05-08,cancelled,,,,,,,,,,
0,HAT183,PHL,JFK,11:00:00,15:00:00,240,2024-05-09,landed,2024-05-09T10:55:00,2024-05-09T15:17:00,,,,,,,,
0,HAT183,PHL,JFK,11:00:00,15:00:00,240,2024-05-10,landed,2024-05-10T11:07:00,2024-05-10T15:32:00,,,,,,,,
0,HAT183,PHL,JFK,11:00:00,15:00:00,240,2024-05-11,landed,2024-05-11T11:32:00,2024-05-11T14:36:00,,,,,,,,
0,HAT183,PHL,JFK,11:00:00,15:00:00,240,2024-05-12,landed,2024-05-12T11:21:00,2024-05-12T14:50:00,,,,,,,,
0,HAT183,PHL,JFK,11:00:00,15:00:00,240,2024-05-13,landed,2024-05-13T10:52:00,2024-05-13T14:47:00,,,,,,,,
0,HAT183,PHL,JFK,11:00:00,15:00:00,240,2024-05-14,landed,2024-05-14T11:17:00,2024-05-14T15:00:00,,,,,,,,
0,HAT183,PHL,JFK,11:00:00,15:00:00,240,2024-05-15,landed,2024-05-15T11:35:00,2024-05-15T14:51:00,,,,,,,,
0,HAT183,PHL,JFK,11:00:00,15:00:00,240,2024-05-16,available,,,,,15.0,10.0,15.0,77.0,178.0,327.0
0,HAT183,PHL,JFK,11:00:00,15:00:00,240,2024-05-17,available,,,,,6.0,0.0,18.0,50.0,130.0,374.0
0,HAT183,PHL,JFK,11:00:00,15:00:00,240,2024-05-18,available,,,,,18.0,2.0,0.0,59.0,137.0,355.0
0,HAT183,PHL,JFK,11:00:00,15:00:00,240,2024-05-19,available,,,,,13.0,8.0,8.0,52.0,145.0,233.0
0,HAT183,PHL,JFK,11:00:00,15:00:00,240,2024-05-20,available,,,,,0.0,1.0,4.0,51.0,107.0,227.0
0,HAT183,PHL,JFK,11:00:00,15:00:00,240,2024-05-21,available,,,,,4.0,16.0,17.0,93.0,127.0,277.0
0,HAT183,PHL,JFK,11:00:00,15:00:00,240,2024-05-22,available,,,,,12.0,7.0,16.0,80.0,145.0,383.0
0,HAT183,PHL,JFK,11:00:00,15:00:00,240,2024-05-23,available,,,,,4.0,3.0,2.0,73.0,169.0,475.0
0,HAT183,PHL,JFK,11:00:00,15:00:00,240,2024-05-24,available,,,,,5.0,14.0,20.0,78.0,123.0,312.0
0,HAT183,PHL,JFK,11:00:00,15:00:00,240,2024-05-25,available,,,,,1.0,16.0,19.0,65.0,128.0,498.0
0,HAT183,PHL,JFK,11:00:00,15:00:00,240,2024-05-26,available,,,,,17.0,9.0,11.0,79.0,186.0,488.0
0,HAT183,PHL,JFK,11:00:00,15:00:00,240,2024-05-27,available,,,,,9.0,6.0,3.0,96.0,145.0,231.0
0,HAT183,PHL,JFK,11:00:00,15:00:00,240,2024-05-28,available,,,,,8.0,12.0,6.0,74.0,104.0,478.0
0,HAT183,PHL,JFK,11:00:00,15:00:00,240,2024-05-29,available,,,,,8.0,8.0,15.0,65.0,122.0,428.0
0,HAT183,PHL,JFK,11:00:00,15:00:00,240,2024-05-30,available,,,,,17.0,17.0,9.0,80.0,188.0,487.0
0,HAT184,ATL,LGA,23:00:00,01:00:00+1,120,2024-05-01,landed,2024-05-01T23:34:00,2024-05-02T01:32:00,,,,,,,,
0,HAT184,ATL,LGA,23:00:00,01:00:00+1,120,2024-05-02,landed,2024-05-02T23:30:00,2024-05-03T01:10:00,,,,,,,,
0,HAT184,ATL,LGA,23:00:00,01:00:00+1,120,2024-05-03,landed,2024-05-03T23:30:00,2024-05-04T00:36:00,,,,,,,,
0,HAT184,ATL,LGA,23:00:00,01:00:00+1,120,2024-05-04,landed,2024-05-04T22:50:00,2024-05-05T01:15:00,,,,,,,,
0,HAT184,ATL,LGA,23:00:00,01:00:00+1,120,2024-05-05,landed,2024-05-05T23:37:00,2024-05-06T00:58:00,,,,,,,,
0,HAT184,ATL,LGA,23:00:00,01:00:00+1,120,2024-05-06,cancelled,,,,,,,,,,
0,HAT184,ATL,LGA,23:00:00,01:00:00+1,120,2024-05-07,landed,2024-05-07T23:00:00,2024-05-08T00:49:00,,,,,,,,
0,HAT184,ATL,LGA,23:00:00,01:00:00+1,120,2024-05-08,landed,2024-05-08T22:47:00,2024-05-09T01:52:00,,,,,,,,
0,HAT184,ATL,LGA,23:00:00,01:00:00+1,120,2024-05-09,landed,2024-05-09T23:23:00,2024-05-10T01:37:00,,,,,,,,
0,HAT184,ATL,LGA,23:00:00,01:00:00+1,120,2024-05-10,landed,2024-05-10T23:25:00,2024-05-11T01:44:00,,,,,,,,
0,HAT184,ATL,LGA,23:00:00,01:00:00+1,120,2024-05-11,landed,2024-05-11T22:57:00,2024-05-12T00:45:00,,,,,,,,
0,HAT184,ATL,LGA,23:00:00,01:00:00+1,120,2024-05-12,landed,2024-05-12T23:07:00,2024-05-13T01:26:00,,,,,,,,
0,HAT184,ATL,LGA,23:00:00,01:00:00+1,120,2024-05-13,landed,2024-05-13T23:13:00,2024-05-14T00:47:00,,,,,,,,
0,HAT184,ATL,LGA,23:00:00,01:00:00+1,120,2024-05-14,landed,2024-05-14T23:23:00,2024-05-15T01:46:00,,,,,,,,
0,HAT184,ATL,LGA,23:00:00,01:00:00+1,120,2024-05-15,delayed,,,2024-05-16T00:37:00,2024-05-16T04:01:00,,,,,,
0,HAT184,ATL,LGA,23:00:00,01:00:00+1,120,2024-05-16,available,,,,,3.0,8.0,17.0,93.0,150.0,300.0
0,HAT184,ATL,LGA,23:00:00,01:00:00+1,120,2024-05-17,available,,,,,14.0,10.0,5.0,60.0,114.0,465.0
0,HAT184,ATL,LGA,23:00:00,01:00:00+1,120,2024-05-18,available,,,,,6.0,0.0,10.0,66.0,141.0,371.0
0,HAT184,ATL,LGA,23:00:00,01:00:00+1,120,2024-05-19,available,,,,,19.0,1.0,13.0,66.0,132.0,252.0
0,HAT184,ATL,LGA,23:00:00,01:00:00+1,120,2024-05-20,available,,,,,5.0,10.0,14.0,54.0,176.0,283.0
0,HAT184,ATL,LGA,23:00:00,01:00:00+1,120,2024-05-21,available,,,,,13.0,16.0,20.0,58.0,145.0,200.0
0,HAT184,ATL,LGA,23:00:00,01:00:00+1,120,2024-05-22,available,,,,,2.0,12.0,0.0,76.0,168.0,399.0
0,HAT184,ATL,LGA,23:00:00,01:00:00+1,120,2024-05-23,available,,,,,13.0,9.0,12.0,85.0,140.0,429.0
0,HAT184,ATL,LGA,23:00:00,01:00:00+1,120,2024-05-24,available,,,,,7.0,5.0,7.0,72.0,101.0,489.0
0,HAT184,ATL,LGA,23:00:00,01:00:00+1,120,2024-05-25,available,,,,,2.0,7.0,1.0,85.0,126.0,318.0
0,HAT184,ATL,LGA,23:00:00,01:00:00+1,120,2024-05-26,available,,,,,0.0,5.0,7.0,57.0,191.0,299.0
0,HAT184,ATL,LGA,23:00:00,01:00:00+1,120,2024-05-27,available,,,,,1.0,8.0,20.0,100.0,120.0,258.0
0,HAT184,ATL,LGA,23:00:00,01:00:00+1,120,2024-05-28,available,,,,,4.0,16.0,11.0,83.0,103.0,268.0
0,HAT184,ATL,LGA,23:00:00,01:00:00+1,120,2024-05-29,available,,,,,12.0,13.0,7.0,76.0,119.0,338.0
0,HAT184,ATL,LGA,23:00:00,01:00:00+1,120,2024-05-30,available,,,,,19.0,13.0,13.0,55.0,176.0,470.0
0,HAT185,ATL,LGA,11:00:00,13:00:00,120,2024-05-01,landed,2024-05-01T11:15:00,2024-05-01T13:49:00,,,,,,,,
0,HAT185,ATL,LGA,11:00:00,13:00:00,120,2024-05-02,landed,2024-05-02T10:47:00,2024-05-02T12:59:00,,,,,,,,
0,HAT185,ATL,LGA,11:00:00,13:00:00,120,2024-05-03,landed,2024-05-03T11:16:00,2024-05-03T13:49:00,,,,,,,,
0,HAT185,ATL,LGA,11:00:00,13:00:00,120,2024-05-04,landed,2024-05-04T10:49:00,2024-05-04T13:55:00,,,,,,,,
0,HAT185,ATL,LGA,11:00:00,13:00:00,120,2024-05-05,landed,2024-05-05T11:05:00,2024-05-05T12:55:00,,,,,,,,
0,HAT185,ATL,LGA,11:00:00,13:00:00,120,2024-05-06,landed,2024-05-06T11:08:00,2024-05-06T13:48:00,,,,,,,,
0,HAT185,ATL,LGA,11:00:00,13:00:00,120,2024-05-07,landed,2024-05-07T10:53:00,2024-05-07T13:30:00,,,,,,,,
0,HAT185,ATL,LGA,11:00:00,13:00:00,120,2024-05-08,landed,2024-05-08T11:34:00,2024-05-08T12:43:00,,,,,,,,
0,HAT185,ATL,LGA,11:00:00,13:00:00,120,2024-05-09,landed,2024-05-09T11:11:00,2024-05-09T13:48:00,,,,,,,,
0,HAT185,ATL,LGA,11:00:00,13:00:00,120,2024-05-10,landed,2024-05-10T11:22:00,2024-05-10T12:41:00,,,,,,,,
0,HAT185,ATL,LGA,11:00:00,13:00:00,120,2024-05-11,landed,2024-05-11T10:55:00,2024-05-11T13:12:00,,,,,,,,
0,HAT185,ATL,LGA,11:00:00,13:00:00,120,2024-05-12,landed,2024-05-12T11:07:00,2024-05-12T13:10:00,,,,,,,,
0,HAT185,ATL,LGA,11:00:00,13:00:00,120,2024-05-13,landed,2024-05-13T11:02:00,2024-05-13T13:16:00,,,,,,,,
0,HAT185,ATL,LGA,11:00:00,13:00:00,120,2024-05-14,landed,2024-05-14T11:03:00,2024-05-14T12:41:00,,,,,,,,
0,HAT185,ATL,LGA,11:00:00,13:00:00,120,2024-05-15,landed,2024-05-15T11:27:00,2024-05-15T12:55:00,,,,,,,,
0,HAT185,ATL,LGA,11:00:00,13:00:00,120,2024-05-16,available,,,,,1.0,2.0,3.0,75.0,148.0,274.0
0,HAT185,ATL,LGA,11:00:00,13:00:00,120,2024-05-17,available,,,,,7.0,20.0,8.0,65.0,119.0,483.0
0,HAT185,ATL,LGA,11:00:00,13:00:00,120,2024-05-18,available,,,,,2.0,15.0,16.0,62.0,162.0,493.0
0,HAT185,ATL,LGA,11:00:00,13:00:00,120,2024-05-19,available,,,,,18.0,1.0,14.0,65.0,171.0,248.0
0,HAT185,ATL,LGA,11:00:00,13:00:00,120,2024-05-20,available,,,,,10.0,17.0,9.0,67.0,159.0,361.0
0,HAT185,ATL,LGA,11:00:00,13:00:00,120,2024-05-21,available,,,,,4.0,1.0,3.0,99.0,133.0,217.0
0,HAT185,ATL,LGA,11:00:00,13:00:00,120,2024-05-22,available,,,,,15.0,9.0,7.0,64.0,189.0,428.0
0,HAT185,ATL,LGA,11:00:00,13:00:00,120,2024-05-23,available,,,,,7.0,13.0,3.0,86.0,129.0,301.0
0,HAT185,ATL,LGA,11:00:00,13:00:00,120,2024-05-24,available,,,,,10.0,17.0,15.0,71.0,135.0,359.0
0,HAT185,ATL,LGA,11:00:00,13:00:00,120,2024-05-25,available,,,,,13.0,6.0,17.0,74.0,113.0,492.0
0,HAT185,ATL,LGA,11:00:00,13:00:00,120,2024-05-26,available,,,,,8.0,15.0,2.0,78.0,121.0,465.0
0,HAT185,ATL,LGA,11:00:00,13:00:00,120,2024-05-27,available,,,,,11.0,5.0,1.0,70.0,101.0,433.0
0,HAT185,ATL,LGA,11:00:00,13:00:00,120,2024-05-28,available,,,,,9.0,0.0,8.0,82.0,174.0,240.0
0,HAT185,ATL,LGA,11:00:00,13:00:00,120,2024-05-29,available,,,,,9.0,19.0,2.0,63.0,189.0,216.0
0,HAT185,ATL,LGA,11:00:00,13:00:00,120,2024-05-30,available,,,,,6.0,16.0,2.0,52.0,177.0,313.0
0,HAT186,ATL,LGA,18:00:00,20:00:00,120,2024-05-01,landed,2024-05-01T17:54:00,2024-05-01T20:00:00,,,,,,,,
0,HAT186,ATL,LGA,18:00:00,20:00:00,120,2024-05-02,landed,2024-05-02T17:52:00,2024-05-02T20:29:00,,,,,,,,
0,HAT186,ATL,LGA,18:00:00,20:00:00,120,2024-05-03,landed,2024-05-03T18:13:00,2024-05-03T20:12:00,,,,,,,,
0,HAT186,ATL,LGA,18:00:00,20:00:00,120,2024-05-04,landed,2024-05-04T17:43:00,2024-05-04T20:02:00,,,,,,,,
0,HAT186,ATL,LGA,18:00:00,20:00:00,120,2024-05-05,landed,2024-05-05T18:01:00,2024-05-05T20:42:00,,,,,,,,
0,HAT186,ATL,LGA,18:00:00,20:00:00,120,2024-05-06,landed,2024-05-06T17:41:00,2024-05-06T20:27:00,,,,,,,,
0,HAT186,ATL,LGA,18:00:00,20:00:00,120,2024-05-07,landed,2024-05-07T18:14:00,2024-05-07T20:26:00,,,,,,,,
0,HAT186,ATL,LGA,18:00:00,20:00:00,120,2024-05-08,landed,2024-05-08T17:51:00,2024-05-08T19:54:00,,,,,,,,
0,HAT186,ATL,LGA,18:00:00,20:00:00,120,2024-05-09,landed,2024-05-09T18:11:00,2024-05-09T20:34:00,,,,,,,,
0,HAT186,ATL,LGA,18:00:00,20:00:00,120,2024-05-10,landed,2024-05-10T18:04:00,2024-05-10T19:56:00,,,,,,,,
0,HAT186,ATL,LGA,18:00:00,20:00:00,120,2024-05-11,landed,2024-05-11T17:59:00,2024-05-11T20:06:00,,,,,,,,
0,HAT186,ATL,LGA,18:00:00,20:00:00,120,2024-05-12,cancelled,,,,,,,,,,
0,HAT186,ATL,LGA,18:00:00,20:00:00,120,2024-05-13,landed,2024-05-13T17:50:00,2024-05-13T20:09:00,,,,,,,,
0,HAT186,ATL,LGA,18:00:00,20:00:00,120,2024-05-14,landed,2024-05-14T18:15:00,2024-05-14T20:31:00,,,,,,,,
0,HAT186,ATL,LGA,18:00:00,20:00:00,120,2024-05-15,delayed,,,2024-05-15T19:23:00,2024-05-15T22:26:00,,,,,,
0,HAT186,ATL,LGA,18:00:00,20:00:00,120,2024-05-16,available,,,,,10.0,7.0,10.0,62.0,111.0,228.0
0,HAT186,ATL,LGA,18:00:00,20:00:00,120,2024-05-17,available,,,,,0.0,12.0,17.0,67.0,131.0,472.0
0,HAT186,ATL,LGA,18:00:00,20:00:00,120,2024-05-18,available,,,,,18.0,9.0,13.0,99.0,186.0,309.0
0,HAT186,ATL,LGA,18:00:00,20:00:00,120,2024-05-19,available,,,,,9.0,1.0,19.0,91.0,123.0,500.0
0,HAT186,ATL,LGA,18:00:00,20:00:00,120,2024-05-20,available,,,,,5.0,11.0,7.0,88.0,150.0,312.0
0,HAT186,ATL,LGA,18:00:00,20:00:00,120,2024-05-21,available,,,,,19.0,19.0,9.0,90.0,171.0,234.0
0,HAT186,ATL,LGA,18:00:00,20:00:00,120,2024-05-22,available,,,,,13.0,20.0,17.0,50.0,111.0,449.0
0,HAT186,ATL,LGA,18:00:00,20:00:00,120,2024-05-23,available,,,,,8.0,2.0,20.0,56.0,178.0,323.0
0,HAT186,ATL,LGA,18:00:00,20:00:00,120,2024-05-24,available,,,,,12.0,12.0,6.0,65.0,189.0,449.0
0,HAT186,ATL,LGA,18:00:00,20:00:00,120,2024-05-25,available,,,,,17.0,19.0,17.0,55.0,158.0,374.0
0,HAT186,ATL,LGA,18:00:00,20:00:00,120,2024-05-26,available,,,,,7.0,9.0,13.0,95.0,164.0,232.0
0,HAT186,ATL,LGA,18:00:00,20:00:00,120,2024-05-27,available,,,,,0.0,10.0,10.0,69.0,114.0,310.0
0,HAT186,ATL,LGA,18:00:00,20:00:00,120,2024-05-28,available,,,,,6.0,13.0,19.0,87.0,141.0,383.0
0,HAT186,ATL,LGA,18:00:00,20:00:00,120,2024-05-29,available,,,,,13.0,13.0,9.0,97.0,106.0,332.0
0,HAT186,ATL,LGA,18:00:00,20:00:00,120,2024-05-30,available,,,,,9.0,17.0,13.0,87.0,139.0,485.0
0,HAT187,DTW,LGA,05:00:00,07:00:00,120,2024-05-01,landed,2024-05-01T04:52:00,2024-05-01T07:01:00,,,,,,,,
0,HAT187,DTW,LGA,05:00:00,07:00:00,120,2024-05-02,landed,2024-05-02T04:53:00,2024-05-02T06:50:00,,,,,,,,
0,HAT187,DTW,LGA,05:00:00,07:00:00,120,2024-05-03,landed,2024-05-03T04:50:00,2024-05-03T07:49:00,,,,,,,,
0,HAT187,DTW,LGA,05:00:00,07:00:00,120,2024-05-04,landed,2024-05-04T05:15:00,2024-05-04T07:38:00,,,,,,,,
0,HAT187,DTW,LGA,05:00:00,07:00:00,120,2024-05-05,landed,2024-05-05T05:29:00,2024-05-05T07:42:00,,,,,,,,
0,HAT187,DTW,LGA,05:00:00,07:00:00,120,2024-05-06,cancelled,,,,,,,,,,
0,HAT187,DTW,LGA,05:00:00,07:00:00,120,2024-05-07,landed,2024-05-07T05:38:00,2024-05-07T06:52:00,,,,,,,,
0,HAT187,DTW,LGA,05:00:00,07:00:00,120,2024-05-08,landed,2024-05-08T05:36:00,2024-05-08T07:53:00,,,,,,,,
0,HAT187,DTW,LGA,05:00:00,07:00:00,120,2024-05-09,landed,2024-05-09T05:25:00,2024-05-09T07:49:00,,,,,,,,
0,HAT187,DTW,LGA,05:00:00,07:00:00,120,2024-05-10,landed,2024-05-10T05:34:00,2024-05-10T07:35:00,,,,,,,,
0,HAT187,DTW,LGA,05:00:00,07:00:00,120,2024-05-11,landed,2024-05-11T05:16:00,2024-05-11T06:55:00,,,,,,,,
0,HAT187,DTW,LGA,05:00:00,07:00:00,120,2024-05-12,landed,2024-05-12T04:54:00,2024-05-12T07:31:00,,,,,,,,
0,HAT187,DTW,LGA,05:00:00,07:00:00,120,2024-05-13,landed,2024-05-13T05:25:00,2024-05-13T07:38:00,,,,,,,,
0,HAT187,DTW,LGA,05:00:00,07:00:00,120,2024-05-14,landed,2024-05-14T05:22:00,2024-05-14T07:46:00,,,,,,,,
0,HAT187,DTW,LGA,05:00:00,07:00:00,120,2024-05-15,landed,2024-05-15T04:40:00,2024-05-15T07:30:00,,,,,,,,
0,HAT187,DTW,LGA,05:00:00,07:00:00,120,2024-05-16,available,,,,,8.0,17.0,4.0,84.0,196.0,365.0
0,HAT187,DTW,LGA,05:00:00,07:00:00,120,2024-05-17,available,,,,,13.0,9.0,8.0,90.0,136.0,366.0
0,HAT187,DTW,LGA,05:00:00,07:00:00,120,2024-05-18,available,,,,,15.0,14.0,3.0,83.0,127.0,432.0
0,HAT187,DTW,LGA,05:00:00,07:00:00,120,2024-05-19,available,,,,,1.0,4.0,10.0,82.0,197.0,355.0
0,HAT187,DTW,LGA,05:00:00,07:00:00,120,2024-05-20,available,,,,,7.0,20.0,4.0,85.0,174.0,424.0
0,HAT187,DTW,LGA,05:00:00,07:00:00,120,2024-05-21,available,,,,,20.0,14.0,11.0,60.0,161.0,220.0
0,HAT187,DTW,LGA,05:00:00,07:00:00,120,2024-05-22,available,,,,,16.0,9.0,19.0,87.0,102.0,230.0
0,HAT187,DTW,LGA,05:00:00,07:00:00,120,2024-05-23,available,,,,,18.0,19.0,5.0,68.0,183.0,451.0
0,HAT187,DTW,LGA,05:00:00,07:00:00,120,2024-05-24,available,,,,,3.0,20.0,17.0,50.0,139.0,398.0
0,HAT187,DTW,LGA,05:00:00,07:00:00,120,2024-05-25,available,,,,,1.0,4.0,1.0,61.0,179.0,349.0
0,HAT187,DTW,LGA,05:00:00,07:00:00,120,2024-05-26,available,,,,,20.0,4.0,10.0,62.0,177.0,430.0
0,HAT187,DTW,LGA,05:00:00,07:00:00,120,2024-05-27,available,,,,,8.0,0.0,9.0,74.0,154.0,416.0
0,HAT187,DTW,LGA,05:00:00,07:00:00,120,2024-05-28,available,,,,,10.0,9.0,5.0,54.0,131.0,254.0
0,HAT187,DTW,LGA,05:00:00,07:00:00,120,2024-05-29,available,,,,,13.0,3.0,4.0,64.0,125.0,393.0
0,HAT187,DTW,LGA,05:00:00,07:00:00,120,2024-05-30,available,,,,,10.0,2.0,10.0,99.0,127.0,302.0
0,HAT188,LAX,SFO,20:00:00,00:00:00+1,240,2024-05-01,landed,2024-05-01T20:01:00,2024-05-02T00:50:00,,,,,,,,
0,HAT188,LAX,SFO,20:00:00,00:00:00+1,240,2024-05-02,landed,2024-05-02T19:50:00,2024-05-03T00:19:00,,,,,,,,
0,HAT188,LAX,SFO,20:00:00,00:00:00+1,240,2024-05-03,landed,2024-05-03T20:33:00,2024-05-03T23:58:00,,,,,,,,
0,HAT188,LAX,SFO,20:00:00,00:00:00+1,240,2024-05-04,landed,2024-05-04T19:51:00,2024-05-05T00:55:00,,,,,,,,
0,HAT188,LAX,SFO,20:00:00,00:00:00+1,240,2024-05-05,landed,2024-05-05T19:57:00,2024-05-05T23:53:00,,,,,,,,
0,HAT188,LAX,SFO,20:00:00,00:00:00+1,240,2024-05-06,landed,2024-05-06T19:45:00,2024-05-07T00:48:00,,,,,,,,
0,HAT188,LAX,SFO,20:00:00,00:00:00+1,240,2024-05-07,landed,2024-05-07T20:32:00,2024-05-08T00:53:00,,,,,,,,
0,HAT188,LAX,SFO,20:00:00,00:00:00+1,240,2024-05-08,landed,2024-05-08T20:05:00,2024-05-09T00:37:00,,,,,,,,
0,HAT188,LAX,SFO,20:00:00,00:00:00+1,240,2024-05-09,landed,2024-05-09T20:22:00,2024-05-09T23:53:00,,,,,,,,
0,HAT188,LAX,SFO,20:00:00,00:00:00+1,240,2024-05-10,landed,2024-05-10T20:24:00,2024-05-11T00:00:00,,,,,,,,
0,HAT188,LAX,SFO,20:00:00,00:00:00+1,240,2024-05-11,cancelled,,,,,,,,,,
0,HAT188,LAX,SFO,20:00:00,00:00:00+1,240,2024-05-12,landed,2024-05-12T19:44:00,2024-05-12T23:55:00,,,,,,,,
0,HAT188,LAX,SFO,20:00:00,00:00:00+1,240,2024-05-13,landed,2024-05-13T20:11:00,2024-05-14T00:53:00,,,,,,,,
0,HAT188,LAX,SFO,20:00:00,00:00:00+1,240,2024-05-14,landed,2024-05-14T20:21:00,2024-05-15T00:36:00,,,,,,,,
0,HAT188,LAX,SFO,20:00:00,00:00:00+1,240,2024-05-15,on time,,,2024-05-15T20:03:00,2024-05-15T23:43:00,,,,,,
0,HAT188,LAX,SFO,20:00:00,00:00:00+1,240,2024-05-16,available,,,,,9.0,15.0,5.0,91.0,200.0,304.0
0,HAT188,LAX,SFO,20:00:00,00:00:00+1,240,2024-05-17,available,,,,,16.0,8.0,12.0,51.0,198.0,456.0
0,HAT188,LAX,SFO,20:00:00,00:00:00+1,240,2024-05-18,available,,,,,12.0,0.0,1.0,86.0,134.0,498.0
0,HAT188,LAX,SFO,20:00:00,00:00:00+1,240,2024-05-19,available,,,,,7.0,6.0,4.0,72.0,168.0,480.0
0,HAT188,LAX,SFO,20:00:00,00:00:00+1,240,2024-05-20,available,,,,,4.0,5.0,7.0,72.0,193.0,201.0
0,HAT188,LAX,SFO,20:00:00,00:00:00+1,240,2024-05-21,available,,,,,13.0,16.0,5.0,50.0,121.0,459.0
0,HAT188,LAX,SFO,20:00:00,00:00:00+1,240,2024-05-22,available,,,,,4.0,1.0,0.0,51.0,188.0,211.0
0,HAT188,LAX,SFO,20:00:00,00:00:00+1,240,2024-05-23,available,,,,,12.0,9.0,20.0,95.0,134.0,207.0
0,HAT188,LAX,SFO,20:00:00,00:00:00+1,240,2024-05-24,available,,,,,8.0,10.0,1.0,67.0,122.0,217.0
0,HAT188,LAX,SFO,20:00:00,00:00:00+1,240,2024-05-25,available,,,,,20.0,13.0,19.0,79.0,192.0,489.0
0,HAT188,LAX,SFO,20:00:00,00:00:00+1,240,2024-05-26,available,,,,,4.0,6.0,3.0,87.0,124.0,471.0
0,HAT188,LAX,SFO,20:00:00,00:00:00+1,240,2024-05-27,available,,,,,2.0,19.0,20.0,65.0,147.0,223.0
0,HAT188,LAX,SFO,20:00:00,00:00:00+1,240,2024-05-28,available,,,,,1.0,4.0,2.0,73.0,114.0,220.0
0,HAT188,LAX,SFO,20:00:00,00:00:00+1,240,2024-05-29,available,,,,,12.0,18.0,8.0,62.0,192.0,387.0
0,HAT188,LAX,SFO,20:00:00,00:00:00+1,240,2024-05-30,available,,,,,1.0,2.0,1.0,62.0,195.0,493.0
0,HAT189,ATL,PHL,09:00:00,15:00:00,360,2024-05-01,landed,2024-05-01T09:38:00,2024-05-01T15:41:00,,,,,,,,
0,HAT189,ATL,PHL,09:00:00,15:00:00,360,2024-05-02,landed,2024-05-02T09:02:00,2024-05-02T15:24:00,,,,,,,,
0,HAT189,ATL,PHL,09:00:00,15:00:00,360,2024-05-03,landed,2024-05-03T08:50:00,2024-05-03T14:36:00,,,,,,,,
0,HAT189,ATL,PHL,09:00:00,15:00:00,360,2024-05-04,landed,2024-05-04T09:06:00,2024-05-04T14:47:00,,,,,,,,
0,HAT189,ATL,PHL,09:00:00,15:00:00,360,2024-05-05,landed,2024-05-05T08:59:00,2024-05-05T15:42:00,,,,,,,,
0,HAT189,ATL,PHL,09:00:00,15:00:00,360,2024-05-06,landed,2024-05-06T09:11:00,2024-05-06T15:51:00,,,,,,,,
0,HAT189,ATL,PHL,09:00:00,15:00:00,360,2024-05-07,landed,2024-05-07T09:10:00,2024-05-07T15:14:00,,,,,,,,
0,HAT189,ATL,PHL,09:00:00,15:00:00,360,2024-05-08,landed,2024-05-08T09:05:00,2024-05-08T15:14:00,,,,,,,,
0,HAT189,ATL,PHL,09:00:00,15:00:00,360,2024-05-09,landed,2024-05-09T08:48:00,2024-05-09T14:50:00,,,,,,,,
0,HAT189,ATL,PHL,09:00:00,15:00:00,360,2024-05-10,landed,2024-05-10T08:52:00,2024-05-10T15:51:00,,,,,,,,
0,HAT189,ATL,PHL,09:00:00,15:00:00,360,2024-05-11,landed,2024-05-11T09:13:00,2024-05-11T14:57:00,,,,,,,,
0,HAT189,ATL,PHL,09:00:00,15:00:00,360,2024-05-12,landed,2024-05-12T09:26:00,2024-05-12T15:49:00,,,,,,,,
0,HAT189,ATL,PHL,09:00:00,15:00:00,360,2024-05-13,landed,2024-05-13T08:51:00,2024-05-13T14:36:00,,,,,,,,
0,HAT189,ATL,PHL,09:00:00,15:00:00,360,2024-05-14,landed,2024-05-14T08:40:00,2024-05-14T15:15:00,,,,,,,,
0,HAT189,ATL,PHL,09:00:00,15:00:00,360,2024-05-15,landed,2024-05-15T08:59:00,2024-05-15T14:50:00,,,,,,,,
0,HAT189,ATL,PHL,09:00:00,15:00:00,360,2024-05-16,available,,,,,20.0,17.0,11.0,59.0,199.0,431.0
0,HAT189,ATL,PHL,09:00:00,15:00:00,360,2024-05-17,available,,,,,8.0,19.0,10.0,84.0,169.0,227.0
0,HAT189,ATL,PHL,09:00:00,15:00:00,360,2024-05-18,available,,,,,10.0,11.0,17.0,84.0,126.0,283.0
0,HAT189,ATL,PHL,09:00:00,15:00:00,360,2024-05-19,available,,,,,18.0,0.0,6.0,89.0,128.0,432.0
0,HAT189,ATL,PHL,09:00:00,15:00:00,360,2024-05-20,available,,,,,6.0,12.0,6.0,67.0,115.0,370.0
0,HAT189,ATL,PHL,09:00:00,15:00:00,360,2024-05-21,available,,,,,18.0,12.0,3.0,56.0,121.0,316.0
0,HAT189,ATL,PHL,09:00:00,15:00:00,360,2024-05-22,available,,,,,10.0,8.0,9.0,59.0,190.0,476.0
0,HAT189,ATL,PHL,09:00:00,15:00:00,360,2024-05-23,available,,,,,4.0,11.0,4.0,65.0,178.0,280.0
0,HAT189,ATL,PHL,09:00:00,15:00:00,360,2024-05-24,available,,,,,18.0,0.0,3.0,77.0,103.0,269.0
0,HAT189,ATL,PHL,09:00:00,15:00:00,360,2024-05-25,available,,,,,5.0,19.0,20.0,67.0,145.0,315.0
0,HAT189,ATL,PHL,09:00:00,15:00:00,360,2024-05-26,available,,,,,10.0,12.0,8.0,66.0,118.0,321.0
0,HAT189,ATL,PHL,09:00:00,15:00:00,360,2024-05-27,available,,,,,10.0,7.0,6.0,99.0,191.0,497.0
0,HAT189,ATL,PHL,09:00:00,15:00:00,360,2024-05-28,available,,,,,11.0,20.0,2.0,89.0,163.0,269.0
0,HAT189,ATL,PHL,09:00:00,15:00:00,360,2024-05-29,available,,,,,12.0,14.0,8.0,64.0,125.0,479.0
0,HAT189,ATL,PHL,09:00:00,15:00:00,360,2024-05-30,available,,,,,6.0,7.0,11.0,71.0,172.0,324.0
0,HAT190,ATL,PHL,02:00:00,08:00:00,360,2024-05-01,landed,2024-05-01T02:14:00,2024-05-01T08:28:00,,,,,,,,
0,HAT190,ATL,PHL,02:00:00,08:00:00,360,2024-05-02,landed,2024-05-02T02:30:00,2024-05-02T07:45:00,,,,,,,,
0,HAT190,ATL,PHL,02:00:00,08:00:00,360,2024-05-03,landed,2024-05-03T01:50:00,2024-05-03T08:20:00,,,,,,,,
0,HAT190,ATL,PHL,02:00:00,08:00:00,360,2024-05-04,landed,2024-05-04T01:55:00,2024-05-04T08:40:00,,,,,,,,
0,HAT190,ATL,PHL,02:00:00,08:00:00,360,2024-05-05,landed,2024-05-05T02:29:00,2024-05-05T08:25:00,,,,,,,,
0,HAT190,ATL,PHL,02:00:00,08:00:00,360,2024-05-06,landed,2024-05-06T02:35:00,2024-05-06T08:05:00,,,,,,,,
0,HAT190,ATL,PHL,02:00:00,08:00:00,360,2024-05-07,landed,2024-05-07T01:42:00,2024-05-07T07:48:00,,,,,,,,
0,HAT190,ATL,PHL,02:00:00,08:00:00,360,2024-05-08,landed,2024-05-08T02:08:00,2024-05-08T07:54:00,,,,,,,,
0,HAT190,ATL,PHL,02:00:00,08:00:00,360,2024-05-09,landed,2024-05-09T01:59:00,2024-05-09T08:54:00,,,,,,,,
0,HAT190,ATL,PHL,02:00:00,08:00:00,360,2024-05-10,landed,2024-05-10T02:08:00,2024-05-10T07:52:00,,,,,,,,
0,HAT190,ATL,PHL,02:00:00,08:00:00,360,2024-05-11,landed,2024-05-11T02:09:00,2024-05-11T08:40:00,,,,,,,,
0,HAT190,ATL,PHL,02:00:00,08:00:00,360,2024-05-12,landed,2024-05-12T02:10:00,2024-05-12T08:20:00,,,,,,,,
0,HAT190,ATL,PHL,02:00:00,08:00:00,360,2024-05-13,landed,2024-05-13T01:43:00,2024-05-13T07:55:00,,,,,,,,
0,HAT190,ATL,PHL,02:00:00,08:00:00,360,2024-05-14,landed,2024-05-14T02:34:00,2024-05-14T07:55:00,,,,,,,,
0,HAT190,ATL,PHL,02:00:00,08:00:00,360,2024-05-15,landed,2024-05-15T02:27:00,2024-05-15T08:03:00,,,,,,,,
0,HAT190,ATL,PHL,02:00:00,08:00:00,360,2024-05-16,available,,,,,1.0,10.0,11.0,50.0,184.0,469.0
0,HAT190,ATL,PHL,02:00:00,08:00:00,360,2024-05-17,available,,,,,12.0,6.0,12.0,99.0,135.0,292.0
0,HAT190,ATL,PHL,02:00:00,08:00:00,360,2024-05-18,available,,,,,8.0,4.0,12.0,68.0,142.0,254.0
0,HAT190,ATL,PHL,02:00:00,08:00:00,360,2024-05-19,available,,,,,0.0,10.0,3.0,79.0,178.0,326.0
0,HAT190,ATL,PHL,02:00:00,08:00:00,360,2024-05-20,available,,,,,7.0,6.0,18.0,67.0,115.0,350.0
0,HAT190,ATL,PHL,02:00:00,08:00:00,360,2024-05-21,available,,,,,14.0,12.0,2.0,91.0,187.0,314.0
0,HAT190,ATL,PHL,02:00:00,08:00:00,360,2024-05-22,available,,,,,17.0,8.0,4.0,95.0,199.0,477.0
0,HAT190,ATL,PHL,02:00:00,08:00:00,360,2024-05-23,available,,,,,17.0,9.0,10.0,66.0,140.0,323.0
0,HAT190,ATL,PHL,02:00:00,08:00:00,360,2024-05-24,available,,,,,3.0,20.0,2.0,86.0,197.0,477.0
0,HAT190,ATL,PHL,02:00:00,08:00:00,360,2024-05-25,available,,,,,6.0,3.0,3.0,57.0,151.0,364.0
0,HAT190,ATL,PHL,02:00:00,08:00:00,360,2024-05-26,available,,,,,9.0,12.0,11.0,91.0,186.0,324.0
0,HAT190,ATL,PHL,02:00:00,08:00:00,360,2024-05-27,available,,,,,1.0,4.0,20.0,88.0,169.0,456.0
0,HAT190,ATL,PHL,02:00:00,08:00:00,360,2024-05-28,available,,,,,4.0,12.0,17.0,53.0,107.0,482.0
0,HAT190,ATL,PHL,02:00:00,08:00:00,360,2024-05-29,available,,,,,20.0,9.0,0.0,85.0,123.0,249.0
0,HAT190,ATL,PHL,02:00:00,08:00:00,360,2024-05-30,available,,,,,15.0,19.0,7.0,78.0,145.0,402.0
0,HAT191,ATL,PHL,10:00:00,16:00:00,360,2024-05-01,landed,2024-05-01T10:04:00,2024-05-01T16:13:00,,,,,,,,
0,HAT191,ATL,PHL,10:00:00,16:00:00,360,2024-05-02,landed,2024-05-02T10:21:00,2024-05-02T16:11:00,,,,,,,,
0,HAT191,ATL,PHL,10:00:00,16:00:00,360,2024-05-03,landed,2024-05-03T10:36:00,2024-05-03T16:35:00,,,,,,,,
0,HAT191,ATL,PHL,10:00:00,16:00:00,360,2024-05-04,landed,2024-05-04T10:02:00,2024-05-04T16:03:00,,,,,,,,
0,HAT191,ATL,PHL,10:00:00,16:00:00,360,2024-05-05,landed,2024-05-05T10:07:00,2024-05-05T15:50:00,,,,,,,,
0,HAT191,ATL,PHL,10:00:00,16:00:00,360,2024-05-06,landed,2024-05-06T10:02:00,2024-05-06T16:25:00,,,,,,,,
0,HAT191,ATL,PHL,10:00:00,16:00:00,360,2024-05-07,cancelled,,,,,,,,,,
0,HAT191,ATL,PHL,10:00:00,16:00:00,360,2024-05-08,landed,2024-05-08T10:25:00,2024-05-08T16:53:00,,,,,,,,
0,HAT191,ATL,PHL,10:00:00,16:00:00,360,2024-05-09,landed,2024-05-09T10:32:00,2024-05-09T15:37:00,,,,,,,,
0,HAT191,ATL,PHL,10:00:00,16:00:00,360,2024-05-10,landed,2024-05-10T09:43:00,2024-05-10T16:52:00,,,,,,,,
0,HAT191,ATL,PHL,10:00:00,16:00:00,360,2024-05-11,cancelled,,,,,,,,,,
0,HAT191,ATL,PHL,10:00:00,16:00:00,360,2024-05-12,landed,2024-05-12T10:38:00,2024-05-12T15:37:00,,,,,,,,
0,HAT191,ATL,PHL,10:00:00,16:00:00,360,2024-05-13,landed,2024-05-13T10:38:00,2024-05-13T16:17:00,,,,,,,,
0,HAT191,ATL,PHL,10:00:00,16:00:00,360,2024-05-14,landed,2024-05-14T09:54:00,2024-05-14T16:46:00,,,,,,,,
0,HAT191,ATL,PHL,10:00:00,16:00:00,360,2024-05-15,flying,2024-05-15T09:42:00,,,2024-05-15T16:45:00,,,,,,
0,HAT191,ATL,PHL,10:00:00,16:00:00,360,2024-05-16,available,,,,,20.0,7.0,17.0,95.0,188.0,315.0
0,HAT191,ATL,PHL,10:00:00,16:00:00,360,2024-05-17,available,,,,,1.0,4.0,5.0,53.0,117.0,488.0
0,HAT191,ATL,PHL,10:00:00,16:00:00,360,2024-05-18,available,,,,,11.0,17.0,15.0,80.0,147.0,337.0
0,HAT191,ATL,PHL,10:00:00,16:00:00,360,2024-05-19,available,,,,,6.0,0.0,13.0,69.0,193.0,242.0
0,HAT191,ATL,PHL,10:00:00,16:00:00,360,2024-05-20,available,,,,,19.0,7.0,3.0,65.0,138.0,345.0
0,HAT191,ATL,PHL,10:00:00,16:00:00,360,2024-05-21,available,,,,,10.0,11.0,8.0,77.0,121.0,222.0
0,HAT191,ATL,PHL,10:00:00,16:00:00,360,2024-05-22,available,,,,,10.0,3.0,9.0,82.0,106.0,201.0
0,HAT191,ATL,PHL,10:00:00,16:00:00,360,2024-05-23,available,,,,,17.0,8.0,9.0,53.0,162.0,427.0
0,HAT191,ATL,PHL,10:00:00,16:00:00,360,2024-05-24,available,,,,,14.0,18.0,4.0,84.0,186.0,315.0
0,HAT191,ATL,PHL,10:00:00,16:00:00,360,2024-05-25,available,,,,,3.0,19.0,0.0,83.0,149.0,389.0
0,HAT191,ATL,PHL,10:00:00,16:00:00,360,2024-05-26,available,,,,,18.0,4.0,12.0,77.0,108.0,335.0
0,HAT191,ATL,PHL,10:00:00,16:00:00,360,2024-05-27,available,,,,,7.0,5.0,16.0,58.0,188.0,452.0
0,HAT191,ATL,PHL,10:00:00,16:00:00,360,2024-05-28,available,,,,,10.0,11.0,16.0,55.0,118.0,350.0
0,HAT191,ATL,PHL,10:00:00,16:00:00,360,2024-05-29,available,,,,,16.0,8.0,9.0,61.0,195.0,331.0
0,HAT191,ATL,PHL,10:00:00,16:00:00,360,2024-05-30,available,,,,,14.0,3.0,17.0,63.0,139.0,476.0
0,HAT192,PHL,EWR,01:00:00,05:00:00,240,2024-05-01,landed,2024-05-01T01:21:00,2024-05-01T05:37:00,,,,,,,,
0,HAT192,PHL,EWR,01:00:00,05:00:00,240,2024-05-02,landed,2024-05-02T01:01:00,2024-05-02T05:38:00,,,,,,,,
0,HAT192,PHL,EWR,01:00:00,05:00:00,240,2024-05-03,landed,2024-05-03T01:14:00,2024-05-03T05:13:00,,,,,,,,
0,HAT192,PHL,EWR,01:00:00,05:00:00,240,2024-05-04,landed,2024-05-04T01:30:00,2024-05-04T04:57:00,,,,,,,,
0,HAT192,PHL,EWR,01:00:00,05:00:00,240,2024-05-05,landed,2024-05-05T01:19:00,2024-05-05T05:54:00,,,,,,,,
0,HAT192,PHL,EWR,01:00:00,05:00:00,240,2024-05-06,landed,2024-05-06T00:48:00,2024-05-06T05:33:00,,,,,,,,
0,HAT192,PHL,EWR,01:00:00,05:00:00,240,2024-05-07,landed,2024-05-07T01:28:00,2024-05-07T05:08:00,,,,,,,,
0,HAT192,PHL,EWR,01:00:00,05:00:00,240,2024-05-08,cancelled,,,,,,,,,,
0,HAT192,PHL,EWR,01:00:00,05:00:00,240,2024-05-09,landed,2024-05-09T01:28:00,2024-05-09T05:42:00,,,,,,,,
0,HAT192,PHL,EWR,01:00:00,05:00:00,240,2024-05-10,landed,2024-05-10T01:25:00,2024-05-10T05:41:00,,,,,,,,
0,HAT192,PHL,EWR,01:00:00,05:00:00,240,2024-05-11,landed,2024-05-11T01:05:00,2024-05-11T05:19:00,,,,,,,,
0,HAT192,PHL,EWR,01:00:00,05:00:00,240,2024-05-12,landed,2024-05-12T01:10:00,2024-05-12T04:56:00,,,,,,,,
0,HAT192,PHL,EWR,01:00:00,05:00:00,240,2024-05-13,landed,2024-05-13T01:18:00,2024-05-13T05:08:00,,,,,,,,
0,HAT192,PHL,EWR,01:00:00,05:00:00,240,2024-05-14,landed,2024-05-14T01:03:00,2024-05-14T04:55:00,,,,,,,,
0,HAT192,PHL,EWR,01:00:00,05:00:00,240,2024-05-15,landed,2024-05-15T01:05:00,2024-05-15T05:41:00,,,,,,,,
0,HAT192,PHL,EWR,01:00:00,05:00:00,240,2024-05-16,available,,,,,5.0,18.0,20.0,55.0,164.0,261.0
0,HAT192,PHL,EWR,01:00:00,05:00:00,240,2024-05-17,available,,,,,16.0,14.0,5.0,86.0,167.0,227.0
0,HAT192,PHL,EWR,01:00:00,05:00:00,240,2024-05-18,available,,,,,3.0,7.0,7.0,79.0,142.0,314.0
0,HAT192,PHL,EWR,01:00:00,05:00:00,240,2024-05-19,available,,,,,9.0,14.0,19.0,76.0,194.0,313.0
0,HAT192,PHL,EWR,01:00:00,05:00:00,240,2024-05-20,available,,,,,0.0,11.0,20.0,83.0,117.0,372.0
0,HAT192,PHL,EWR,01:00:00,05:00:00,240,2024-05-21,available,,,,,16.0,6.0,7.0,87.0,142.0,319.0
0,HAT192,PHL,EWR,01:00:00,05:00:00,240,2024-05-22,available,,,,,11.0,3.0,13.0,80.0,112.0,206.0
0,HAT192,PHL,EWR,01:00:00,05:00:00,240,2024-05-23,available,,,,,17.0,12.0,12.0,84.0,167.0,409.0
0,HAT192,PHL,EWR,01:00:00,05:00:00,240,2024-05-24,available,,,,,15.0,9.0,1.0,68.0,198.0,474.0
0,HAT192,PHL,EWR,01:00:00,05:00:00,240,2024-05-25,available,,,,,1.0,10.0,20.0,59.0,192.0,254.0
0,HAT192,PHL,EWR,01:00:00,05:00:00,240,2024-05-26,available,,,,,9.0,20.0,1.0,60.0,122.0,410.0
0,HAT192,PHL,EWR,01:00:00,05:00:00,240,2024-05-27,available,,,,,3.0,15.0,0.0,99.0,129.0,490.0
0,HAT192,PHL,EWR,01:00:00,05:00:00,240,2024-05-28,available,,,,,8.0,7.0,7.0,99.0,162.0,288.0
0,HAT192,PHL,EWR,01:00:00,05:00:00,240,2024-05-29,available,,,,,20.0,16.0,0.0,66.0,168.0,453.0
0,HAT192,PHL,EWR,01:00:00,05:00:00,240,2024-05-30,available,,,,,14.0,18.0,19.0,75.0,147.0,370.0
0,HAT193,MCO,CLT,04:00:00,05:30:00,90,2024-05-01,landed,2024-05-01T03:42:00,2024-05-01T05:40:00,,,,,,,,
0,HAT193,MCO,CLT,04:00:00,05:30:00,90,2024-05-02,landed,2024-05-02T04:21:00,2024-05-02T06:13:00,,,,,,,,
0,HAT193,MCO,CLT,04:00:00,05:30:00,90,2024-05-03,landed,2024-05-03T04:37:00,2024-05-03T06:03:00,,,,,,,,
0,HAT193,MCO,CLT,04:00:00,05:30:00,90,2024-05-04,landed,2024-05-04T04:34:00,2024-05-04T05:14:00,,,,,,,,
0,HAT193,MCO,CLT,04:00:00,05:30:00,90,2024-05-05,landed,2024-05-05T03:41:00,2024-05-05T05:11:00,,,,,,,,
0,HAT193,MCO,CLT,04:00:00,05:30:00,90,2024-05-06,landed,2024-05-06T03:51:00,2024-05-06T05:45:00,,,,,,,,
0,HAT193,MCO,CLT,04:00:00,05:30:00,90,2024-05-07,landed,2024-05-07T04:30:00,2024-05-07T06:12:00,,,,,,,,
0,HAT193,MCO,CLT,04:00:00,05:30:00,90,2024-05-08,cancelled,,,,,,,,,,
0,HAT193,MCO,CLT,04:00:00,05:30:00,90,2024-05-09,landed,2024-05-09T04:35:00,2024-05-09T05:30:00,,,,,,,,
0,HAT193,MCO,CLT,04:00:00,05:30:00,90,2024-05-10,landed,2024-05-10T03:55:00,2024-05-10T06:16:00,,,,,,,,
0,HAT193,MCO,CLT,04:00:00,05:30:00,90,2024-05-11,landed,2024-05-11T04:10:00,2024-05-11T05:47:00,,,,,,,,
0,HAT193,MCO,CLT,04:00:00,05:30:00,90,2024-05-12,landed,2024-05-12T04:01:00,2024-05-12T06:09:00,,,,,,,,
0,HAT193,MCO,CLT,04:00:00,05:30:00,90,2024-05-13,landed,2024-05-13T04:27:00,2024-05-13T05:34:00,,,,,,,,
0,HAT193,MCO,CLT,04:00:00,05:30:00,90,2024-05-14,landed,2024-05-14T03:53:00,2024-05-14T06:25:00,,,,,,,,
0,HAT193,MCO,CLT,04:00:00,05:30:00,90,2024-05-15,landed,2024-05-15T03:57:00,2024-05-15T06:24:00,,,,,,,,
0,HAT193,MCO,CLT,04:00:00,05:30:00,90,2024-05-16,available,,,,,7.0,12.0,7.0,85.0,176.0,346.0
0,HAT193,MCO,CLT,04:00:00,05:30:00,90,2024-05-17,available,,,,,6.0,6.0,13.0,76.0,131.0,392.0
0,HAT193,MCO,CLT,04:00:00,05:30:00,90,2024-05-18,available,,,,,5.0,17.0,20.0,75.0,190.0,437.0
0,HAT193,MCO,CLT,04:00:00,05:30:00,90,2024-05-19,available,,,,,20.0,20.0,8.0,56.0,179.0,398.0
0,HAT193,MCO,CLT,04:00:00,05:30:00,90,2024-05-20,available,,,,,1.0,10.0,17.0,56.0,124.0,295.0
0,HAT193,MCO,CLT,04:00:00,05:30:00,90,2024-05-21,available,,,,,10.0,2.0,12.0,95.0,158.0,371.0
0,HAT193,MCO,CLT,04:00:00,05:30:00,90,2024-05-22,available,,,,,18.0,16.0,11.0,71.0,108.0,283.0
0,HAT193,MCO,CLT,04:00:00,05:30:00,90,2024-05-23,available,,,,,16.0,1.0,19.0,58.0,146.0,286.0
0,HAT193,MCO,CLT,04:00:00,05:30:00,90,2024-05-24,available,,,,,6.0,11.0,4.0,66.0,195.0,263.0
0,HAT193,MCO,CLT,04:00:00,05:30:00,90,2024-05-25,available,,,,,13.0,16.0,3.0,70.0,150.0,456.0
0,HAT193,MCO,CLT,04:00:00,05:30:00,90,2024-05-26,available,,,,,15.0,18.0,8.0,71.0,149.0,416.0
0,HAT193,MCO,CLT,04:00:00,05:30:00,90,2024-05-27,available,,,,,16.0,20.0,16.0,94.0,162.0,487.0
0,HAT193,MCO,CLT,04:00:00,05:30:00,90,2024-05-28,available,,,,,18.0,3.0,15.0,91.0,193.0,272.0
0,HAT193,MCO,CLT,04:00:00,05:30:00,90,2024-05-29,available,,,,,19.0,17.0,14.0,90.0,195.0,297.0
0,HAT193,MCO,CLT,04:00:00,05:30:00,90,2024-05-30,available,,,,,0.0,10.0,12.0,89.0,135.0,478.0
0,HAT194,MCO,CLT,07:00:00,08:30:00,90,2024-05-01,landed,2024-05-01T07:30:00,2024-05-01T09:10:00,,,,,,,,
0,HAT194,MCO,CLT,07:00:00,08:30:00,90,2024-05-02,landed,2024-05-02T06:44:00,2024-05-02T08:41:00,,,,,,,,
0,HAT194,MCO,CLT,07:00:00,08:30:00,90,2024-05-03,landed,2024-05-03T06:50:00,2024-05-03T08:20:00,,,,,,,,
0,HAT194,MCO,CLT,07:00:00,08:30:00,90,2024-05-04,landed,2024-05-04T06:46:00,2024-05-04T08:20:00,,,,,,,,
0,HAT194,MCO,CLT,07:00:00,08:30:00,90,2024-05-05,landed,2024-05-05T07:10:00,2024-05-05T08:09:00,,,,,,,,
0,HAT194,MCO,CLT,07:00:00,08:30:00,90,2024-05-06,landed,2024-05-06T07:40:00,2024-05-06T09:00:00,,,,,,,,
0,HAT194,MCO,CLT,07:00:00,08:30:00,90,2024-05-07,landed,2024-05-07T07:21:00,2024-05-07T09:05:00,,,,,,,,
0,HAT194,MCO,CLT,07:00:00,08:30:00,90,2024-05-08,landed,2024-05-08T07:03:00,2024-05-08T08:45:00,,,,,,,,
0,HAT194,MCO,CLT,07:00:00,08:30:00,90,2024-05-09,landed,2024-05-09T07:22:00,2024-05-09T09:22:00,,,,,,,,
0,HAT194,MCO,CLT,07:00:00,08:30:00,90,2024-05-10,landed,2024-05-10T06:56:00,2024-05-10T09:18:00,,,,,,,,
0,HAT194,MCO,CLT,07:00:00,08:30:00,90,2024-05-11,landed,2024-05-11T06:51:00,2024-05-11T08:34:00,,,,,,,,
0,HAT194,MCO,CLT,07:00:00,08:30:00,90,2024-05-12,cancelled,,,,,,,,,,
0,HAT194,MCO,CLT,07:00:00,08:30:00,90,2024-05-13,landed,2024-05-13T07:26:00,2024-05-13T08:55:00,,,,,,,,
0,HAT194,MCO,CLT,07:00:00,08:30:00,90,2024-05-14,landed,2024-05-14T07:31:00,2024-05-14T08:44:00,,,,,,,,
0,HAT194,MCO,CLT,07:00:00,08:30:00,90,2024-05-15,landed,2024-05-15T06:54:00,2024-05-15T08:48:00,,,,,,,,
0,HAT194,MCO,CLT,07:00:00,08:30:00,90,2024-05-16,available,,,,,5.0,8.0,5.0,53.0,127.0,441.0
0,HAT194,MCO,CLT,07:00:00,08:30:00,90,2024-05-17,available,,,,,11.0,6.0,12.0,82.0,140.0,431.0
0,HAT194,MCO,CLT,07:00:00,08:30:00,90,2024-05-18,available,,,,,4.0,9.0,3.0,84.0,187.0,344.0
0,HAT194,MCO,CLT,07:00:00,08:30:00,90,2024-05-19,available,,,,,7.0,20.0,5.0,77.0,111.0,271.0
0,HAT194,MCO,CLT,07:00:00,08:30:00,90,2024-05-20,available,,,,,20.0,16.0,16.0,64.0,100.0,377.0
0,HAT194,MCO,CLT,07:00:00,08:30:00,90,2024-05-21,available,,,,,3.0,10.0,13.0,98.0,155.0,417.0
0,HAT194,MCO,CLT,07:00:00,08:30:00,90,2024-05-22,available,,,,,0.0,1.0,3.0,53.0,114.0,264.0
0,HAT194,MCO,CLT,07:00:00,08:30:00,90,2024-05-23,available,,,,,2.0,8.0,10.0,65.0,102.0,352.0
0,HAT194,MCO,CLT,07:00:00,08:30:00,90,2024-05-24,available,,,,,0.0,3.0,3.0,59.0,137.0,485.0
0,HAT194,MCO,CLT,07:00:00,08:30:00,90,2024-05-25,available,,,,,1.0,8.0,4.0,50.0,125.0,232.0
0,HAT194,MCO,CLT,07:00:00,08:30:00,90,2024-05-26,available,,,,,3.0,5.0,17.0,94.0,115.0,369.0
0,HAT194,MCO,CLT,07:00:00,08:30:00,90,2024-05-27,available,,,,,3.0,0.0,15.0,84.0,179.0,455.0
0,HAT194,MCO,CLT,07:00:00,08:30:00,90,2024-05-28,available,,,,,7.0,13.0,15.0,70.0,200.0,217.0
0,HAT194,MCO,CLT,07:00:00,08:30:00,90,2024-05-29,available,,,,,14.0,1.0,2.0,84.0,152.0,425.0
0,HAT194,MCO,CLT,07:00:00,08:30:00,90,2024-05-30,available,,,,,1.0,0.0,5.0,63.0,199.0,385.0
0,HAT195,ORD,JFK,04:00:00,06:00:00,120,2024-05-01,landed,2024-05-01T04:22:00,2024-05-01T06:47:00,,,,,,,,
0,HAT195,ORD,JFK,04:00:00,06:00:00,120,2024-05-02,landed,2024-05-02T04:30:00,2024-05-02T06:12:00,,,,,,,,
0,HAT195,ORD,JFK,04:00:00,06:00:00,120,2024-05-03,landed,2024-05-03T04:25:00,2024-05-03T06:37:00,,,,,,,,
0,HAT195,ORD,JFK,04:00:00,06:00:00,120,2024-05-04,landed,2024-05-04T04:01:00,2024-05-04T06:49:00,,,,,,,,
0,HAT195,ORD,JFK,04:00:00,06:00:00,120,2024-05-05,landed,2024-05-05T04:11:00,2024-05-05T06:55:00,,,,,,,,
0,HAT195,ORD,JFK,04:00:00,06:00:00,120,2024-05-06,landed,2024-05-06T04:34:00,2024-05-06T05:49:00,,,,,,,,
0,HAT195,ORD,JFK,04:00:00,06:00:00,120,2024-05-07,cancelled,,,,,,,,,,
0,HAT195,ORD,JFK,04:00:00,06:00:00,120,2024-05-08,landed,2024-05-08T04:01:00,2024-05-08T06:25:00,,,,,,,,
0,HAT195,ORD,JFK,04:00:00,06:00:00,120,2024-05-09,landed,2024-05-09T04:31:00,2024-05-09T06:37:00,,,,,,,,
0,HAT195,ORD,JFK,04:00:00,06:00:00,120,2024-05-10,landed,2024-05-10T03:50:00,2024-05-10T06:14:00,,,,,,,,
0,HAT195,ORD,JFK,04:00:00,06:00:00,120,2024-05-11,cancelled,,,,,,,,,,
0,HAT195,ORD,JFK,04:00:00,06:00:00,120,2024-05-12,cancelled,,,,,,,,,,
0,HAT195,ORD,JFK,04:00:00,06:00:00,120,2024-05-13,landed,2024-05-13T03:54:00,2024-05-13T06:11:00,,,,,,,,
0,HAT195,ORD,JFK,04:00:00,06:00:00,120,2024-05-14,landed,2024-05-14T04:10:00,2024-05-14T06:46:00,,,,,,,,
0,HAT195,ORD,JFK,04:00:00,06:00:00,120,2024-05-15,landed,2024-05-15T03:45:00,2024-05-15T06:34:00,,,,,,,,
0,HAT195,ORD,JFK,04:00:00,06:00:00,120,2024-05-16,available,,,,,0.0,5.0,15.0,73.0,185.0,264.0
0,HAT195,ORD,JFK,04:00:00,06:00:00,120,2024-05-17,available,,,,,8.0,18.0,5.0,88.0,128.0,230.0
0,HAT195,ORD,JFK,04:00:00,06:00:00,120,2024-05-18,available,,,,,1.0,7.0,13.0,87.0,123.0,313.0
0,HAT195,ORD,JFK,04:00:00,06:00:00,120,2024-05-19,available,,,,,17.0,11.0,1.0,64.0,154.0,301.0
0,HAT195,ORD,JFK,04:00:00,06:00:00,120,2024-05-20,available,,,,,14.0,13.0,18.0,83.0,118.0,469.0
0,HAT195,ORD,JFK,04:00:00,06:00:00,120,2024-05-21,available,,,,,9.0,18.0,1.0,81.0,152.0,240.0
0,HAT195,ORD,JFK,04:00:00,06:00:00,120,2024-05-22,available,,,,,16.0,4.0,16.0,51.0,129.0,448.0
0,HAT195,ORD,JFK,04:00:00,06:00:00,120,2024-05-23,available,,,,,1.0,13.0,10.0,80.0,128.0,367.0
0,HAT195,ORD,JFK,04:00:00,06:00:00,120,2024-05-24,available,,,,,0.0,2.0,6.0,53.0,199.0,417.0
0,HAT195,ORD,JFK,04:00:00,06:00:00,120,2024-05-25,available,,,,,5.0,12.0,16.0,67.0,143.0,294.0
0,HAT195,ORD,JFK,04:00:00,06:00:00,120,2024-05-26,available,,,,,9.0,9.0,7.0,91.0,194.0,266.0
0,HAT195,ORD,JFK,04:00:00,06:00:00,120,2024-05-27,available,,,,,6.0,16.0,3.0,60.0,187.0,355.0
0,HAT195,ORD,JFK,04:00:00,06:00:00,120,2024-05-28,available,,,,,16.0,14.0,13.0,99.0,101.0,279.0
0,HAT195,ORD,JFK,04:00:00,06:00:00,120,2024-05-29,available,,,,,9.0,3.0,15.0,76.0,147.0,359.0
0,HAT195,ORD,JFK,04:00:00,06:00:00,120,2024-05-30,available,,,,,16.0,17.0,20.0,64.0,105.0,382.0
0,HAT196,ORD,JFK,07:00:00,09:00:00,120,2024-05-01,cancelled,,,,,,,,,,
0,HAT196,ORD,JFK,07:00:00,09:00:00,120,2024-05-02,landed,2024-05-02T06:43:00,2024-05-02T09:23:00,,,,,,,,
0,HAT196,ORD,JFK,07:00:00,09:00:00,120,2024-05-03,landed,2024-05-03T07:18:00,2024-05-03T09:08:00,,,,,,,,
0,HAT196,ORD,JFK,07:00:00,09:00:00,120,2024-05-04,landed,2024-05-04T06:54:00,2024-05-04T09:54:00,,,,,,,,
0,HAT196,ORD,JFK,07:00:00,09:00:00,120,2024-05-05,landed,2024-05-05T07:33:00,2024-05-05T09:03:00,,,,,,,,
0,HAT196,ORD,JFK,07:00:00,09:00:00,120,2024-05-06,landed,2024-05-06T07:31:00,2024-05-06T09:27:00,,,,,,,,
0,HAT196,ORD,JFK,07:00:00,09:00:00,120,2024-05-07,landed,2024-05-07T06:51:00,2024-05-07T08:35:00,,,,,,,,
0,HAT196,ORD,JFK,07:00:00,09:00:00,120,2024-05-08,landed,2024-05-08T07:19:00,2024-05-08T08:53:00,,,,,,,,
0,HAT196,ORD,JFK,07:00:00,09:00:00,120,2024-05-09,landed,2024-05-09T07:34:00,2024-05-09T09:37:00,,,,,,,,
0,HAT196,ORD,JFK,07:00:00,09:00:00,120,2024-05-10,landed,2024-05-10T07:09:00,2024-05-10T09:39:00,,,,,,,,
0,HAT196,ORD,JFK,07:00:00,09:00:00,120,2024-05-11,landed,2024-05-11T07:02:00,2024-05-11T09:40:00,,,,,,,,
0,HAT196,ORD,JFK,07:00:00,09:00:00,120,2024-05-12,landed,2024-05-12T07:17:00,2024-05-12T09:41:00,,,,,,,,
0,HAT196,ORD,JFK,07:00:00,09:00:00,120,2024-05-13,landed,2024-05-13T07:09:00,2024-05-13T08:43:00,,,,,,,,
0,HAT196,ORD,JFK,07:00:00,09:00:00,120,2024-05-14,landed,2024-05-14T07:09:00,2024-05-14T09:52:00,,,,,,,,
0,HAT196,ORD,JFK,07:00:00,09:00:00,120,2024-05-15,landed,2024-05-15T07:04:00,2024-05-15T08:53:00,,,,,,,,
0,HAT196,ORD,JFK,07:00:00,09:00:00,120,2024-05-16,available,,,,,12.0,5.0,5.0,60.0,167.0,225.0
0,HAT196,ORD,JFK,07:00:00,09:00:00,120,2024-05-17,available,,,,,6.0,16.0,4.0,64.0,163.0,310.0
0,HAT196,ORD,JFK,07:00:00,09:00:00,120,2024-05-18,available,,,,,11.0,0.0,19.0,80.0,182.0,488.0
0,HAT196,ORD,JFK,07:00:00,09:00:00,120,2024-05-19,available,,,,,20.0,19.0,14.0,81.0,197.0,398.0
0,HAT196,ORD,JFK,07:00:00,09:00:00,120,2024-05-20,available,,,,,0.0,8.0,8.0,92.0,127.0,341.0
0,HAT196,ORD,JFK,07:00:00,09:00:00,120,2024-05-21,available,,,,,4.0,0.0,10.0,100.0,192.0,213.0
0,HAT196,ORD,JFK,07:00:00,09:00:00,120,2024-05-22,available,,,,,15.0,17.0,7.0,92.0,115.0,372.0
0,HAT196,ORD,JFK,07:00:00,09:00:00,120,2024-05-23,available,,,,,18.0,3.0,1.0,75.0,133.0,287.0
0,HAT196,ORD,JFK,07:00:00,09:00:00,120,2024-05-24,available,,,,,18.0,4.0,11.0,62.0,110.0,211.0
0,HAT196,ORD,JFK,07:00:00,09:00:00,120,2024-05-25,available,,,,,15.0,6.0,20.0,60.0,108.0,296.0
0,HAT196,ORD,JFK,07:00:00,09:00:00,120,2024-05-26,available,,,,,19.0,13.0,19.0,97.0,181.0,396.0
0,HAT196,ORD,JFK,07:00:00,09:00:00,120,2024-05-27,available,,,,,4.0,14.0,2.0,100.0,170.0,370.0
0,HAT196,ORD,JFK,07:00:00,09:00:00,120,2024-05-28,available,,,,,20.0,1.0,7.0,58.0,104.0,449.0
0,HAT196,ORD,JFK,07:00:00,09:00:00,120,2024-05-29,available,,,,,7.0,4.0,9.0,94.0,130.0,229.0
0,HAT196,ORD,JFK,07:00:00,09:00:00,120,2024-05-30,available,,,,,4.0,18.0,12.0,78.0,148.0,253.0
0,HAT197,ORD,JFK,23:00:00,01:00:00+1,120,2024-05-01,landed,2024-05-01T23:07:00,2024-05-02T01:24:00,,,,,,,,
0,HAT197,ORD,JFK,23:00:00,01:00:00+1,120,2024-05-02,landed,2024-05-02T22:41:00,2024-05-03T01:04:00,,,,,,,,
0,HAT197,ORD,JFK,23:00:00,01:00:00+1,120,2024-05-03,landed,2024-05-03T23:17:00,2024-05-04T01:07:00,,,,,,,,
0,HAT197,ORD,JFK,23:00:00,01:00:00+1,120,2024-05-04,cancelled,,,,,,,,,,
0,HAT197,ORD,JFK,23:00:00,01:00:00+1,120,2024-05-05,landed,2024-05-05T23:07:00,2024-05-06T00:56:00,,,,,,,,
0,HAT197,ORD,JFK,23:00:00,01:00:00+1,120,2024-05-06,landed,2024-05-06T23:08:00,2024-05-07T01:16:00,,,,,,,,
0,HAT197,ORD,JFK,23:00:00,01:00:00+1,120,2024-05-07,landed,2024-05-07T23:01:00,2024-05-08T01:04:00,,,,,,,,
0,HAT197,ORD,JFK,23:00:00,01:00:00+1,120,2024-05-08,landed,2024-05-08T23:25:00,2024-05-09T01:31:00,,,,,,,,
0,HAT197,ORD,JFK,23:00:00,01:00:00+1,120,2024-05-09,landed,2024-05-09T22:58:00,2024-05-10T01:07:00,,,,,,,,
0,HAT197,ORD,JFK,23:00:00,01:00:00+1,120,2024-05-10,landed,2024-05-10T23:17:00,2024-05-11T01:10:00,,,,,,,,
0,HAT197,ORD,JFK,23:00:00,01:00:00+1,120,2024-05-11,landed,2024-05-11T23:00:00,2024-05-12T00:49:00,,,,,,,,
0,HAT197,ORD,JFK,23:00:00,01:00:00+1,120,2024-05-12,landed,2024-05-12T23:24:00,2024-05-13T00:40:00,,,,,,,,
0,HAT197,ORD,JFK,23:00:00,01:00:00+1,120,2024-05-13,landed,2024-05-13T23:06:00,2024-05-14T01:40:00,,,,,,,,
0,HAT197,ORD,JFK,23:00:00,01:00:00+1,120,2024-05-14,landed,2024-05-14T22:40:00,2024-05-15T01:34:00,,,,,,,,
0,HAT197,ORD,JFK,23:00:00,01:00:00+1,120,2024-05-15,on time,,,2024-05-15T23:18:00,2024-05-16T01:24:00,,,,,,
0,HAT197,ORD,JFK,23:00:00,01:00:00+1,120,2024-05-16,available,,,,,5.0,0.0,16.0,50.0,104.0,372.0
0,HAT197,ORD,JFK,23:00:00,01:00:00+1,120,2024-05-17,available,,,,,12.0,9.0,11.0,59.0,158.0,208.0
0,HAT197,ORD,JFK,23:00:00,01:00:00+1,120,2024-05-18,available,,,,,18.0,1.0,12.0,71.0,190.0,246.0
0,HAT197,ORD,JFK,23:00:00,01:00:00+1,120,2024-05-19,available,,,,,14.0,6.0,11.0,69.0,176.0,245.0
0,HAT197,ORD,JFK,23:00:00,01:00:00+1,120,2024-05-20,available,,,,,20.0,14.0,8.0,61.0,166.0,246.0
0,HAT197,ORD,JFK,23:00:00,01:00:00+1,120,2024-05-21,available,,,,,5.0,15.0,8.0,73.0,174.0,347.0
0,HAT197,ORD,JFK,23:00:00,01:00:00+1,120,2024-05-22,available,,,,,7.0,5.0,0.0,92.0,147.0,410.0
0,HAT197,ORD,JFK,23:00:00,01:00:00+1,120,2024-05-23,available,,,,,20.0,2.0,8.0,69.0,142.0,246.0
0,HAT197,ORD,JFK,23:00:00,01:00:00+1,120,2024-05-24,available,,,,,0.0,15.0,15.0,88.0,195.0,371.0
0,HAT197,ORD,JFK,23:00:00,01:00:00+1,120,2024-05-25,available,,,,,5.0,5.0,13.0,77.0,179.0,250.0
0,HAT197,ORD,JFK,23:00:00,01:00:00+1,120,2024-05-26,available,,,,,5.0,10.0,15.0,57.0,186.0,217.0
0,HAT197,ORD,JFK,23:00:00,01:00:00+1,120,2024-05-27,available,,,,,1.0,0.0,9.0,69.0,193.0,324.0
0,HAT197,ORD,JFK,23:00:00,01:00:00+1,120,2024-05-28,available,,,,,19.0,17.0,18.0,80.0,123.0,457.0
0,HAT197,ORD,JFK,23:00:00,01:00:00+1,120,2024-05-29,available,,,,,12.0,12.0,1.0,57.0,191.0,443.0
0,HAT197,ORD,JFK,23:00:00,01:00:00+1,120,2024-05-30,available,,,,,3.0,7.0,14.0,93.0,142.0,415.0
0,HAT198,ORD,JFK,15:00:00,17:00:00,120,2024-05-01,landed,2024-05-01T15:04:00,2024-05-01T17:01:00,,,,,,,,
0,HAT198,ORD,JFK,15:00:00,17:00:00,120,2024-05-02,landed,2024-05-02T14:59:00,2024-05-02T17:50:00,,,,,,,,
0,HAT198,ORD,JFK,15:00:00,17:00:00,120,2024-05-03,landed,2024-05-03T14:56:00,2024-05-03T16:59:00,,,,,,,,
0,HAT198,ORD,JFK,15:00:00,17:00:00,120,2024-05-04,landed,2024-05-04T15:37:00,2024-05-04T16:53:00,,,,,,,,
0,HAT198,ORD,JFK,15:00:00,17:00:00,120,2024-05-05,landed,2024-05-05T14:44:00,2024-05-05T16:42:00,,,,,,,,
0,HAT198,ORD,JFK,15:00:00,17:00:00,120,2024-05-06,landed,2024-05-06T15:00:00,2024-05-06T16:41:00,,,,,,,,
0,HAT198,ORD,JFK,15:00:00,17:00:00,120,2024-05-07,landed,2024-05-07T15:07:00,2024-05-07T17:05:00,,,,,,,,
0,HAT198,ORD,JFK,15:00:00,17:00:00,120,2024-05-08,landed,2024-05-08T14:59:00,2024-05-08T17:01:00,,,,,,,,
0,HAT198,ORD,JFK,15:00:00,17:00:00,120,2024-05-09,landed,2024-05-09T14:49:00,2024-05-09T17:25:00,,,,,,,,
0,HAT198,ORD,JFK,15:00:00,17:00:00,120,2024-05-10,landed,2024-05-10T15:22:00,2024-05-10T17:21:00,,,,,,,,
0,HAT198,ORD,JFK,15:00:00,17:00:00,120,2024-05-11,landed,2024-05-11T14:47:00,2024-05-11T17:21:00,,,,,,,,
0,HAT198,ORD,JFK,15:00:00,17:00:00,120,2024-05-12,landed,2024-05-12T15:29:00,2024-05-12T17:51:00,,,,,,,,
0,HAT198,ORD,JFK,15:00:00,17:00:00,120,2024-05-13,landed,2024-05-13T14:54:00,2024-05-13T17:41:00,,,,,,,,
0,HAT198,ORD,JFK,15:00:00,17:00:00,120,2024-05-14,landed,2024-05-14T15:05:00,2024-05-14T16:46:00,,,,,,,,
0,HAT198,ORD,JFK,15:00:00,17:00:00,120,2024-05-15,flying,2024-05-15T14:41:00,,,2024-05-15T17:54:00,,,,,,
0,HAT198,ORD,JFK,15:00:00,17:00:00,120,2024-05-16,available,,,,,16.0,18.0,2.0,63.0,101.0,218.0
0,HAT198,ORD,JFK,15:00:00,17:00:00,120,2024-05-17,available,,,,,4.0,5.0,12.0,82.0,134.0,288.0
0,HAT198,ORD,JFK,15:00:00,17:00:00,120,2024-05-18,available,,,,,2.0,9.0,6.0,50.0,156.0,306.0
0,HAT198,ORD,JFK,15:00:00,17:00:00,120,2024-05-19,available,,,,,18.0,18.0,3.0,61.0,161.0,271.0
0,HAT198,ORD,JFK,15:00:00,17:00:00,120,2024-05-20,available,,,,,19.0,3.0,9.0,93.0,195.0,240.0
0,HAT198,ORD,JFK,15:00:00,17:00:00,120,2024-05-21,available,,,,,8.0,4.0,2.0,61.0,160.0,462.0
0,HAT198,ORD,JFK,15:00:00,17:00:00,120,2024-05-22,available,,,,,1.0,6.0,14.0,77.0,183.0,448.0
0,HAT198,ORD,JFK,15:00:00,17:00:00,120,2024-05-23,available,,,,,15.0,0.0,5.0,66.0,143.0,266.0
0,HAT198,ORD,JFK,15:00:00,17:00:00,120,2024-05-24,available,,,,,11.0,2.0,7.0,55.0,125.0,411.0
0,HAT198,ORD,JFK,15:00:00,17:00:00,120,2024-05-25,available,,,,,3.0,0.0,7.0,86.0,169.0,371.0
0,HAT198,ORD,JFK,15:00:00,17:00:00,120,2024-05-26,available,,,,,1.0,4.0,6.0,73.0,140.0,386.0
0,HAT198,ORD,JFK,15:00:00,17:00:00,120,2024-05-27,available,,,,,10.0,19.0,13.0,51.0,125.0,343.0
0,HAT198,ORD,JFK,15:00:00,17:00:00,120,2024-05-28,available,,,,,15.0,1.0,12.0,76.0,116.0,287.0
0,HAT198,ORD,JFK,15:00:00,17:00:00,120,2024-05-29,available,,,,,11.0,11.0,16.0,82.0,147.0,362.0
0,HAT198,ORD,JFK,15:00:00,17:00:00,120,2024-05-30,available,,,,,18.0,5.0,15.0,88.0,149.0,379.0
0,HAT199,PHX,LAS,13:00:00,17:00:00,240,2024-05-01,landed,2024-05-01T13:39:00,2024-05-01T16:48:00,,,,,,,,
0,HAT199,PHX,LAS,13:00:00,17:00:00,240,2024-05-02,landed,2024-05-02T12:45:00,2024-05-02T17:55:00,,,,,,,,
0,HAT199,PHX,LAS,13:00:00,17:00:00,240,2024-05-03,cancelled,,,,,,,,,,
0,HAT199,PHX,LAS,13:00:00,17:00:00,240,2024-05-04,cancelled,,,,,,,,,,
0,HAT199,PHX,LAS,13:00:00,17:00:00,240,2024-05-05,cancelled,,,,,,,,,,
0,HAT199,PHX,LAS,13:00:00,17:00:00,240,2024-05-06,landed,2024-05-06T13:23:00,2024-05-06T17:49:00,,,,,,,,
0,HAT199,PHX,LAS,13:00:00,17:00:00,240,2024-05-07,landed,2024-05-07T13:12:00,2024-05-07T17:06:00,,,,,,,,
0,HAT199,PHX,LAS,13:00:00,17:00:00,240,2024-05-08,landed,2024-05-08T13:02:00,2024-05-08T17:48:00,,,,,,,,
0,HAT199,PHX,LAS,13:00:00,17:00:00,240,2024-05-09,landed,2024-05-09T13:28:00,2024-05-09T17:50:00,,,,,,,,
0,HAT199,PHX,LAS,13:00:00,17:00:00,240,2024-05-10,landed,2024-05-10T13:20:00,2024-05-10T16:48:00,,,,,,,,
0,HAT199,PHX,LAS,13:00:00,17:00:00,240,2024-05-11,landed,2024-05-11T12:55:00,2024-05-11T16:36:00,,,,,,,,
0,HAT199,PHX,LAS,13:00:00,17:00:00,240,2024-05-12,landed,2024-05-12T13:03:00,2024-05-12T16:45:00,,,,,,,,
0,HAT199,PHX,LAS,13:00:00,17:00:00,240,2024-05-13,landed,2024-05-13T12:40:00,2024-05-13T17:08:00,,,,,,,,
0,HAT199,PHX,LAS,13:00:00,17:00:00,240,2024-05-14,landed,2024-05-14T13:17:00,2024-05-14T16:46:00,,,,,,,,
0,HAT199,PHX,LAS,13:00:00,17:00:00,240,2024-05-15,flying,2024-05-15T12:45:00,,,2024-05-15T17:24:00,,,,,,
0,HAT199,PHX,LAS,13:00:00,17:00:00,240,2024-05-16,available,,,,,14.0,5.0,3.0,93.0,144.0,204.0
0,HAT199,PHX,LAS,13:00:00,17:00:00,240,2024-05-17,available,,,,,13.0,11.0,5.0,90.0,173.0,479.0
0,HAT199,PHX,LAS,13:00:00,17:00:00,240,2024-05-18,available,,,,,4.0,0.0,4.0,55.0,128.0,433.0
0,HAT199,PHX,LAS,13:00:00,17:00:00,240,2024-05-19,available,,,,,17.0,3.0,0.0,58.0,146.0,352.0
0,HAT199,PHX,LAS,13:00:00,17:00:00,240,2024-05-20,available,,,,,2.0,6.0,5.0,90.0,189.0,373.0
0,HAT199,PHX,LAS,13:00:00,17:00:00,240,2024-05-21,available,,,,,20.0,20.0,3.0,99.0,181.0,338.0
0,HAT199,PHX,LAS,13:00:00,17:00:00,240,2024-05-22,available,,,,,0.0,7.0,12.0,100.0,153.0,475.0
0,HAT199,PHX,LAS,13:00:00,17:00:00,240,2024-05-23,available,,,,,20.0,2.0,10.0,96.0,165.0,358.0
0,HAT199,PHX,LAS,13:00:00,17:00:00,240,2024-05-24,available,,,,,14.0,1.0,18.0,51.0,106.0,246.0
0,HAT199,PHX,LAS,13:00:00,17:00:00,240,2024-05-25,available,,,,,15.0,17.0,10.0,56.0,153.0,236.0
0,HAT199,PHX,LAS,13:00:00,17:00:00,240,2024-05-26,available,,,,,20.0,16.0,9.0,98.0,200.0,272.0
0,HAT199,PHX,LAS,13:00:00,17:00:00,240,2024-05-27,available,,,,,12.0,13.0,19.0,70.0,143.0,389.0
0,HAT199,PHX,LAS,13:00:00,17:00:00,240,2024-05-28,available,,,,,4.0,15.0,5.0,100.0,200.0,210.0
0,HAT199,PHX,LAS,13:00:00,17:00:00,240,2024-05-29,available,,,,,8.0,4.0,1.0,74.0,108.0,220.0
0,HAT199,PHX,LAS,13:00:00,17:00:00,240,2024-05-30,available,,,,,19.0,4.0,7.0,89.0,108.0,402.0
0,HAT200,MIA,MCO,21:00:00,01:30:00+1,270,2024-05-01,landed,2024-05-01T21:01:00,2024-05-02T01:23:00,,,,,,,,
0,HAT200,MIA,MCO,21:00:00,01:30:00+1,270,2024-05-02,landed,2024-05-02T21:36:00,2024-05-03T02:17:00,,,,,,,,
0,HAT200,MIA,MCO,21:00:00,01:30:00+1,270,2024-05-03,landed,2024-05-03T21:03:00,2024-05-04T01:13:00,,,,,,,,
0,HAT200,MIA,MCO,21:00:00,01:30:00+1,270,2024-05-04,landed,2024-05-04T20:44:00,2024-05-05T01:31:00,,,,,,,,
0,HAT200,MIA,MCO,21:00:00,01:30:00+1,270,2024-05-05,landed,2024-05-05T21:36:00,2024-05-06T01:11:00,,,,,,,,
0,HAT200,MIA,MCO,21:00:00,01:30:00+1,270,2024-05-06,landed,2024-05-06T21:33:00,2024-05-07T01:18:00,,,,,,,,
0,HAT200,MIA,MCO,21:00:00,01:30:00+1,270,2024-05-07,landed,2024-05-07T20:57:00,2024-05-08T01:49:00,,,,,,,,
0,HAT200,MIA,MCO,21:00:00,01:30:00+1,270,2024-05-08,landed,2024-05-08T21:01:00,2024-05-09T02:17:00,,,,,,,,
0,HAT200,MIA,MCO,21:00:00,01:30:00+1,270,2024-05-09,landed,2024-05-09T21:10:00,2024-05-10T02:07:00,,,,,,,,
0,HAT200,MIA,MCO,21:00:00,01:30:00+1,270,2024-05-10,landed,2024-05-10T21:16:00,2024-05-11T01:37:00,,,,,,,,
0,HAT200,MIA,MCO,21:00:00,01:30:00+1,270,2024-05-11,landed,2024-05-11T20:55:00,2024-05-12T01:56:00,,,,,,,,
0,HAT200,MIA,MCO,21:00:00,01:30:00+1,270,2024-05-12,cancelled,,,,,,,,,,
0,HAT200,MIA,MCO,21:00:00,01:30:00+1,270,2024-05-13,landed,2024-05-13T20:48:00,2024-05-14T02:21:00,,,,,,,,
0,HAT200,MIA,MCO,21:00:00,01:30:00+1,270,2024-05-14,landed,2024-05-14T21:37:00,2024-05-15T02:19:00,,,,,,,,
0,HAT200,MIA,MCO,21:00:00,01:30:00+1,270,2024-05-15,delayed,,,2024-05-15T22:54:00,2024-05-16T04:09:00,,,,,,
0,HAT200,MIA,MCO,21:00:00,01:30:00+1,270,2024-05-16,available,,,,,13.0,7.0,11.0,88.0,170.0,265.0
0,HAT200,MIA,MCO,21:00:00,01:30:00+1,270,2024-05-17,available,,,,,20.0,12.0,2.0,52.0,118.0,436.0
0,HAT200,MIA,MCO,21:00:00,01:30:00+1,270,2024-05-18,available,,,,,1.0,2.0,4.0,98.0,150.0,268.0
0,HAT200,MIA,MCO,21:00:00,01:30:00+1,270,2024-05-19,available,,,,,6.0,17.0,11.0,61.0,166.0,238.0
0,HAT200,MIA,MCO,21:00:00,01:30:00+1,270,2024-05-20,available,,,,,20.0,17.0,6.0,62.0,143.0,302.0
0,HAT200,MIA,MCO,21:00:00,01:30:00+1,270,2024-05-21,available,,,,,11.0,15.0,12.0,98.0,107.0,471.0
0,HAT200,MIA,MCO,21:00:00,01:30:00+1,270,2024-05-22,available,,,,,13.0,0.0,5.0,59.0,185.0,398.0
0,HAT200,MIA,MCO,21:00:00,01:30:00+1,270,2024-05-23,available,,,,,6.0,7.0,14.0,65.0,156.0,203.0
0,HAT200,MIA,MCO,21:00:00,01:30:00+1,270,2024-05-24,available,,,,,5.0,13.0,14.0,52.0,108.0,431.0
0,HAT200,MIA,MCO,21:00:00,01:30:00+1,270,2024-05-25,available,,,,,13.0,10.0,7.0,84.0,128.0,311.0
0,HAT200,MIA,MCO,21:00:00,01:30:00+1,270,2024-05-26,available,,,,,1.0,4.0,14.0,65.0,165.0,430.0
0,HAT200,MIA,MCO,21:00:00,01:30:00+1,270,2024-05-27,available,,,,,6.0,4.0,9.0,77.0,162.0,498.0
0,HAT200,MIA,MCO,21:00:00,01:30:00+1,270,2024-05-28,available,,,,,10.0,12.0,6.0,77.0,167.0,304.0
0,HAT200,MIA,MCO,21:00:00,01:30:00+1,270,2024-05-29,available,,,,,14.0,12.0,5.0,92.0,107.0,479.0
0,HAT200,MIA,MCO,21:00:00,01:30:00+1,270,2024-05-30,available,,,,,17.0,15.0,6.0,96.0,123.0,394.0
0,HAT201,MIA,MCO,21:00:00,01:30:00+1,270,2024-05-01,landed,2024-05-01T20:45:00,2024-05-02T01:43:00,,,,,,,,
0,HAT201,MIA,MCO,21:00:00,01:30:00+1,270,2024-05-02,landed,2024-05-02T20:40:00,2024-05-03T02:09:00,,,,,,,,
0,HAT201,MIA,MCO,21:00:00,01:30:00+1,270,2024-05-03,landed,2024-05-03T20:56:00,2024-05-04T02:06:00,,,,,,,,
0,HAT201,MIA,MCO,21:00:00,01:30:00+1,270,2024-05-04,landed,2024-05-04T21:05:00,2024-05-05T01:07:00,,,,,,,,
0,HAT201,MIA,MCO,21:00:00,01:30:00+1,270,2024-05-05,landed,2024-05-05T20:47:00,2024-05-06T02:07:00,,,,,,,,
0,HAT201,MIA,MCO,21:00:00,01:30:00+1,270,2024-05-06,landed,2024-05-06T20:53:00,2024-05-07T01:32:00,,,,,,,,
0,HAT201,MIA,MCO,21:00:00,01:30:00+1,270,2024-05-07,landed,2024-05-07T21:05:00,2024-05-08T01:28:00,,,,,,,,
0,HAT201,MIA,MCO,21:00:00,01:30:00+1,270,2024-05-08,landed,2024-05-08T21:31:00,2024-05-09T01:46:00,,,,,,,,
0,HAT201,MIA,MCO,21:00:00,01:30:00+1,270,2024-05-09,landed,2024-05-09T21:11:00,2024-05-10T01:06:00,,,,,,,,
0,HAT201,MIA,MCO,21:00:00,01:30:00+1,270,2024-05-10,landed,2024-05-10T21:34:00,2024-05-11T02:04:00,,,,,,,,
0,HAT201,MIA,MCO,21:00:00,01:30:00+1,270,2024-05-11,landed,2024-05-11T20:56:00,2024-05-12T01:44:00,,,,,,,,
0,HAT201,MIA,MCO,21:00:00,01:30:00+1,270,2024-05-12,cancelled,,,,,,,,,,
0,HAT201,MIA,MCO,21:00:00,01:30:00+1,270,2024-05-13,landed,2024-05-13T21:17:00,2024-05-14T01:05:00,,,,,,,,
0,HAT201,MIA,MCO,21:00:00,01:30:00+1,270,2024-05-14,landed,2024-05-14T21:22:00,2024-05-15T02:06:00,,,,,,,,
0,HAT201,MIA,MCO,21:00:00,01:30:00+1,270,2024-05-15,on time,,,2024-05-15T20:50:00,2024-05-16T01:36:00,,,,,,
0,HAT201,MIA,MCO,21:00:00,01:30:00+1,270,2024-05-16,available,,,,,10.0,7.0,19.0,52.0,100.0,365.0
0,HAT201,MIA,MCO,21:00:00,01:30:00+1,270,2024-05-17,available,,,,,16.0,17.0,1.0,58.0,158.0,359.0
0,HAT201,MIA,MCO,21:00:00,01:30:00+1,270,2024-05-18,available,,,,,3.0,19.0,7.0,86.0,178.0,412.0
0,HAT201,MIA,MCO,21:00:00,01:30:00+1,270,2024-05-19,available,,,,,16.0,19.0,4.0,86.0,139.0,258.0
0,HAT201,MIA,MCO,21:00:00,01:30:00+1,270,2024-05-20,available,,,,,12.0,6.0,13.0,90.0,147.0,225.0
0,HAT201,MIA,MCO,21:00:00,01:30:00+1,270,2024-05-21,available,,,,,4.0,15.0,11.0,75.0,193.0,412.0
0,HAT201,MIA,MCO,21:00:00,01:30:00+1,270,2024-05-22,available,,,,,11.0,10.0,8.0,90.0,121.0,487.0
0,HAT201,MIA,MCO,21:00:00,01:30:00+1,270,2024-05-23,available,,,,,19.0,10.0,15.0,67.0,123.0,343.0
0,HAT201,MIA,MCO,21:00:00,01:30:00+1,270,2024-05-24,available,,,,,7.0,12.0,15.0,89.0,157.0,454.0
0,HAT201,MIA,MCO,21:00:00,01:30:00+1,270,2024-05-25,available,,,,,0.0,12.0,8.0,96.0,189.0,249.0
0,HAT201,MIA,MCO,21:00:00,01:30:00+1,270,2024-05-26,available,,,,,18.0,4.0,4.0,55.0,131.0,260.0
0,HAT201,MIA,MCO,21:00:00,01:30:00+1,270,2024-05-27,available,,,,,2.0,8.0,17.0,90.0,126.0,315.0
0,HAT201,MIA,MCO,21:00:00,01:30:00+1,270,2024-05-28,available,,,,,19.0,2.0,4.0,83.0,166.0,321.0
0,HAT201,MIA,MCO,21:00:00,01:30:00+1,270,2024-05-29,available,,,,,9.0,4.0,15.0,61.0,102.0,404.0
0,HAT201,MIA,MCO,21:00:00,01:30:00+1,270,2024-05-30,available,,,,,0.0,12.0,16.0,84.0,145.0,411.0
0,HAT202,BOS,MCO,03:00:00,05:00:00,120,2024-05-01,landed,2024-05-01T03:00:00,2024-05-01T05:44:00,,,,,,,,
0,HAT202,BOS,MCO,03:00:00,05:00:00,120,2024-05-02,landed,2024-05-02T03:04:00,2024-05-02T05:31:00,,,,,,,,
0,HAT202,BOS,MCO,03:00:00,05:00:00,120,2024-05-03,landed,2024-05-03T02:44:00,2024-05-03T05:18:00,,,,,,,,
0,HAT202,BOS,MCO,03:00:00,05:00:00,120,2024-05-04,cancelled,,,,,,,,,,
0,HAT202,BOS,MCO,03:00:00,05:00:00,120,2024-05-05,landed,2024-05-05T03:03:00,2024-05-05T05:00:00,,,,,,,,
0,HAT202,BOS,MCO,03:00:00,05:00:00,120,2024-05-06,landed,2024-05-06T03:16:00,2024-05-06T05:21:00,,,,,,,,
0,HAT202,BOS,MCO,03:00:00,05:00:00,120,2024-05-07,cancelled,,,,,,,,,,
0,HAT202,BOS,MCO,03:00:00,05:00:00,120,2024-05-08,landed,2024-05-08T03:02:00,2024-05-08T05:20:00,,,,,,,,
0,HAT202,BOS,MCO,03:00:00,05:00:00,120,2024-05-09,landed,2024-05-09T03:28:00,2024-05-09T04:39:00,,,,,,,,
0,HAT202,BOS,MCO,03:00:00,05:00:00,120,2024-05-10,landed,2024-05-10T03:02:00,2024-05-10T05:11:00,,,,,,,,
0,HAT202,BOS,MCO,03:00:00,05:00:00,120,2024-05-11,landed,2024-05-11T02:40:00,2024-05-11T04:53:00,,,,,,,,
0,HAT202,BOS,MCO,03:00:00,05:00:00,120,2024-05-12,landed,2024-05-12T03:22:00,2024-05-12T05:04:00,,,,,,,,
0,HAT202,BOS,MCO,03:00:00,05:00:00,120,2024-05-13,landed,2024-05-13T03:19:00,2024-05-13T05:44:00,,,,,,,,
0,HAT202,BOS,MCO,03:00:00,05:00:00,120,2024-05-14,cancelled,,,,,,,,,,
0,HAT202,BOS,MCO,03:00:00,05:00:00,120,2024-05-15,landed,2024-05-15T03:18:00,2024-05-15T05:46:00,,,,,,,,
0,HAT202,BOS,MCO,03:00:00,05:00:00,120,2024-05-16,available,,,,,19.0,18.0,20.0,68.0,194.0,277.0
0,HAT202,BOS,MCO,03:00:00,05:00:00,120,2024-05-17,available,,,,,20.0,10.0,14.0,71.0,162.0,231.0
0,HAT202,BOS,MCO,03:00:00,05:00:00,120,2024-05-18,available,,,,,4.0,10.0,20.0,66.0,189.0,447.0
0,HAT202,BOS,MCO,03:00:00,05:00:00,120,2024-05-19,available,,,,,6.0,3.0,14.0,79.0,186.0,373.0
0,HAT202,BOS,MCO,03:00:00,05:00:00,120,2024-05-20,available,,,,,13.0,16.0,2.0,98.0,144.0,481.0
0,HAT202,BOS,MCO,03:00:00,05:00:00,120,2024-05-21,available,,,,,6.0,10.0,17.0,61.0,106.0,371.0
0,HAT202,BOS,MCO,03:00:00,05:00:00,120,2024-05-22,available,,,,,13.0,5.0,20.0,95.0,144.0,356.0
0,HAT202,BOS,MCO,03:00:00,05:00:00,120,2024-05-23,available,,,,,7.0,15.0,15.0,60.0,136.0,203.0
0,HAT202,BOS,MCO,03:00:00,05:00:00,120,2024-05-24,available,,,,,12.0,5.0,4.0,51.0,193.0,474.0
0,HAT202,BOS,MCO,03:00:00,05:00:00,120,2024-05-25,available,,,,,0.0,18.0,16.0,91.0,176.0,396.0
0,HAT202,BOS,MCO,03:00:00,05:00:00,120,2024-05-26,available,,,,,9.0,1.0,2.0,98.0,160.0,202.0
0,HAT202,BOS,MCO,03:00:00,05:00:00,120,2024-05-27,available,,,,,3.0,10.0,1.0,89.0,200.0,366.0
0,HAT202,BOS,MCO,03:00:00,05:00:00,120,2024-05-28,available,,,,,10.0,7.0,11.0,57.0,164.0,218.0
0,HAT202,BOS,MCO,03:00:00,05:00:00,120,2024-05-29,available,,,,,9.0,6.0,20.0,90.0,115.0,412.0
0,HAT202,BOS,MCO,03:00:00,05:00:00,120,2024-05-30,available,,,,,12.0,5.0,13.0,94.0,112.0,456.0
0,HAT203,BOS,MCO,20:00:00,22:00:00,120,2024-05-01,landed,2024-05-01T20:22:00,2024-05-01T22:13:00,,,,,,,,
0,HAT203,BOS,MCO,20:00:00,22:00:00,120,2024-05-02,landed,2024-05-02T20:20:00,2024-05-02T22:13:00,,,,,,,,
0,HAT203,BOS,MCO,20:00:00,22:00:00,120,2024-05-03,landed,2024-05-03T20:19:00,2024-05-03T22:26:00,,,,,,,,
0,HAT203,BOS,MCO,20:00:00,22:00:00,120,2024-05-04,cancelled,,,,,,,,,,
0,HAT203,BOS,MCO,20:00:00,22:00:00,120,2024-05-05,landed,2024-05-05T20:30:00,2024-05-05T22:20:00,,,,,,,,
0,HAT203,BOS,MCO,20:00:00,22:00:00,120,2024-05-06,cancelled,,,,,,,,,,
0,HAT203,BOS,MCO,20:00:00,22:00:00,120,2024-05-07,landed,2024-05-07T20:12:00,2024-05-07T22:55:00,,,,,,,,
0,HAT203,BOS,MCO,20:00:00,22:00:00,120,2024-05-08,landed,2024-05-08T20:23:00,2024-05-08T21:39:00,,,,,,,,
0,HAT203,BOS,MCO,20:00:00,22:00:00,120,2024-05-09,landed,2024-05-09T20:07:00,2024-05-09T21:43:00,,,,,,,,
0,HAT203,BOS,MCO,20:00:00,22:00:00,120,2024-05-10,landed,2024-05-10T20:21:00,2024-05-10T22:22:00,,,,,,,,
0,HAT203,BOS,MCO,20:00:00,22:00:00,120,2024-05-11,landed,2024-05-11T20:06:00,2024-05-11T21:54:00,,,,,,,,
0,HAT203,BOS,MCO,20:00:00,22:00:00,120,2024-05-12,cancelled,,,,,,,,,,
0,HAT203,BOS,MCO,20:00:00,22:00:00,120,2024-05-13,cancelled,,,,,,,,,,
0,HAT203,BOS,MCO,20:00:00,22:00:00,120,2024-05-14,landed,2024-05-14T20:37:00,2024-05-14T22:00:00,,,,,,,,
0,HAT203,BOS,MCO,20:00:00,22:00:00,120,2024-05-15,on time,,,2024-05-15T19:50:00,2024-05-15T21:55:00,,,,,,
0,HAT203,BOS,MCO,20:00:00,22:00:00,120,2024-05-16,available,,,,,8.0,2.0,6.0,89.0,149.0,318.0
0,HAT203,BOS,MCO,20:00:00,22:00:00,120,2024-05-17,available,,,,,7.0,0.0,14.0,50.0,150.0,207.0
0,HAT203,BOS,MCO,20:00:00,22:00:00,120,2024-05-18,available,,,,,3.0,15.0,17.0,100.0,118.0,406.0
0,HAT203,BOS,MCO,20:00:00,22:00:00,120,2024-05-19,available,,,,,17.0,19.0,14.0,86.0,162.0,380.0
0,HAT203,BOS,MCO,20:00:00,22:00:00,120,2024-05-20,available,,,,,10.0,3.0,6.0,54.0,167.0,285.0
0,HAT203,BOS,MCO,20:00:00,22:00:00,120,2024-05-21,available,,,,,16.0,11.0,3.0,91.0,104.0,387.0
0,HAT203,BOS,MCO,20:00:00,22:00:00,120,2024-05-22,available,,,,,11.0,5.0,11.0,98.0,197.0,251.0
0,HAT203,BOS,MCO,20:00:00,22:00:00,120,2024-05-23,available,,,,,16.0,5.0,13.0,83.0,172.0,411.0
0,HAT203,BOS,MCO,20:00:00,22:00:00,120,2024-05-24,available,,,,,9.0,5.0,18.0,100.0,194.0,431.0
0,HAT203,BOS,MCO,20:00:00,22:00:00,120,2024-05-25,available,,,,,7.0,10.0,16.0,58.0,101.0,335.0
0,HAT203,BOS,MCO,20:00:00,22:00:00,120,2024-05-26,available,,,,,12.0,9.0,7.0,71.0,149.0,377.0
0,HAT203,BOS,MCO,20:00:00,22:00:00,120,2024-05-27,available,,,,,11.0,9.0,12.0,65.0,109.0,219.0
0,HAT203,BOS,MCO,20:00:00,22:00:00,120,2024-05-28,available,,,,,4.0,10.0,8.0,72.0,123.0,201.0
0,HAT203,BOS,MCO,20:00:00,22:00:00,120,2024-05-29,available,,,,,0.0,20.0,2.0,88.0,190.0,255.0
0,HAT203,BOS,MCO,20:00:00,22:00:00,120,2024-05-30,available,,,,,12.0,16.0,2.0,78.0,184.0,348.0
0,HAT204,BOS,MCO,10:00:00,12:00:00,120,2024-05-01,landed,2024-05-01T09:45:00,2024-05-01T12:09:00,,,,,,,,
0,HAT204,BOS,MCO,10:00:00,12:00:00,120,2024-05-02,landed,2024-05-02T10:07:00,2024-05-02T11:59:00,,,,,,,,
0,HAT204,BOS,MCO,10:00:00,12:00:00,120,2024-05-03,landed,2024-05-03T10:16:00,2024-05-03T11:47:00,,,,,,,,
0,HAT204,BOS,MCO,10:00:00,12:00:00,120,2024-05-04,landed,2024-05-04T10:17:00,2024-05-04T12:39:00,,,,,,,,
0,HAT204,BOS,MCO,10:00:00,12:00:00,120,2024-05-05,landed,2024-05-05T10:02:00,2024-05-05T12:54:00,,,,,,,,
0,HAT204,BOS,MCO,10:00:00,12:00:00,120,2024-05-06,landed,2024-05-06T10:02:00,2024-05-06T12:03:00,,,,,,,,
0,HAT204,BOS,MCO,10:00:00,12:00:00,120,2024-05-07,landed,2024-05-07T10:22:00,2024-05-07T12:02:00,,,,,,,,
0,HAT204,BOS,MCO,10:00:00,12:00:00,120,2024-05-08,landed,2024-05-08T10:28:00,2024-05-08T12:29:00,,,,,,,,
0,HAT204,BOS,MCO,10:00:00,12:00:00,120,2024-05-09,landed,2024-05-09T10:17:00,2024-05-09T12:27:00,,,,,,,,
0,HAT204,BOS,MCO,10:00:00,12:00:00,120,2024-05-10,landed,2024-05-10T10:15:00,2024-05-10T11:54:00,,,,,,,,
0,HAT204,BOS,MCO,10:00:00,12:00:00,120,2024-05-11,landed,2024-05-11T10:35:00,2024-05-11T12:23:00,,,,,,,,
0,HAT204,BOS,MCO,10:00:00,12:00:00,120,2024-05-12,landed,2024-05-12T10:31:00,2024-05-12T12:14:00,,,,,,,,
0,HAT204,BOS,MCO,10:00:00,12:00:00,120,2024-05-13,cancelled,,,,,,,,,,
0,HAT204,BOS,MCO,10:00:00,12:00:00,120,2024-05-14,landed,2024-05-14T10:32:00,2024-05-14T12:39:00,,,,,,,,
0,HAT204,BOS,MCO,10:00:00,12:00:00,120,2024-05-15,landed,2024-05-15T10:22:00,2024-05-15T11:42:00,,,,,,,,
0,HAT204,BOS,MCO,10:00:00,12:00:00,120,2024-05-16,available,,,,,0.0,12.0,18.0,81.0,175.0,482.0
0,HAT204,BOS,MCO,10:00:00,12:00:00,120,2024-05-17,available,,,,,12.0,18.0,18.0,91.0,117.0,250.0
0,HAT204,BOS,MCO,10:00:00,12:00:00,120,2024-05-18,available,,,,,20.0,18.0,16.0,95.0,107.0,275.0
0,HAT204,BOS,MCO,10:00:00,12:00:00,120,2024-05-19,available,,,,,20.0,20.0,8.0,98.0,140.0,478.0
0,HAT204,BOS,MCO,10:00:00,12:00:00,120,2024-05-20,available,,,,,3.0,7.0,4.0,94.0,164.0,472.0
0,HAT204,BOS,MCO,10:00:00,12:00:00,120,2024-05-21,available,,,,,18.0,17.0,20.0,64.0,105.0,336.0
0,HAT204,BOS,MCO,10:00:00,12:00:00,120,2024-05-22,available,,,,,7.0,16.0,2.0,93.0,126.0,318.0
0,HAT204,BOS,MCO,10:00:00,12:00:00,120,2024-05-23,available,,,,,2.0,15.0,3.0,51.0,154.0,349.0
0,HAT204,BOS,MCO,10:00:00,12:00:00,120,2024-05-24,available,,,,,1.0,15.0,18.0,54.0,166.0,221.0
0,HAT204,BOS,MCO,10:00:00,12:00:00,120,2024-05-25,available,,,,,17.0,14.0,10.0,79.0,106.0,453.0
0,HAT204,BOS,MCO,10:00:00,12:00:00,120,2024-05-26,available,,,,,9.0,11.0,12.0,62.0,161.0,398.0
0,HAT204,BOS,MCO,10:00:00,12:00:00,120,2024-05-27,available,,,,,5.0,6.0,11.0,71.0,146.0,380.0
0,HAT204,BOS,MCO,10:00:00,12:00:00,120,2024-05-28,available,,,,,11.0,1.0,0.0,74.0,168.0,353.0
0,HAT204,BOS,MCO,10:00:00,12:00:00,120,2024-05-29,available,,,,,18.0,20.0,16.0,52.0,148.0,213.0
0,HAT204,BOS,MCO,10:00:00,12:00:00,120,2024-05-30,available,,,,,2.0,1.0,11.0,78.0,176.0,351.0
0,HAT205,JFK,PHL,15:00:00,19:00:00,240,2024-05-01,landed,2024-05-01T15:26:00,2024-05-01T19:31:00,,,,,,,,
0,HAT205,JFK,PHL,15:00:00,19:00:00,240,2024-05-02,landed,2024-05-02T15:27:00,2024-05-02T19:03:00,,,,,,,,
0,HAT205,JFK,PHL,15:00:00,19:00:00,240,2024-05-03,landed,2024-05-03T15:15:00,2024-05-03T18:57:00,,,,,,,,
0,HAT205,JFK,PHL,15:00:00,19:00:00,240,2024-05-04,landed,2024-05-04T15:15:00,2024-05-04T18:58:00,,,,,,,,
0,HAT205,JFK,PHL,15:00:00,19:00:00,240,2024-05-05,landed,2024-05-05T15:06:00,2024-05-05T19:02:00,,,,,,,,
0,HAT205,JFK,PHL,15:00:00,19:00:00,240,2024-05-06,landed,2024-05-06T14:56:00,2024-05-06T19:31:00,,,,,,,,
0,HAT205,JFK,PHL,15:00:00,19:00:00,240,2024-05-07,landed,2024-05-07T15:00:00,2024-05-07T19:33:00,,,,,,,,
0,HAT205,JFK,PHL,15:00:00,19:00:00,240,2024-05-08,landed,2024-05-08T14:50:00,2024-05-08T19:38:00,,,,,,,,
0,HAT205,JFK,PHL,15:00:00,19:00:00,240,2024-05-09,cancelled,,,,,,,,,,
0,HAT205,JFK,PHL,15:00:00,19:00:00,240,2024-05-10,landed,2024-05-10T14:45:00,2024-05-10T19:55:00,,,,,,,,
0,HAT205,JFK,PHL,15:00:00,19:00:00,240,2024-05-11,landed,2024-05-11T15:32:00,2024-05-11T18:42:00,,,,,,,,
0,HAT205,JFK,PHL,15:00:00,19:00:00,240,2024-05-12,landed,2024-05-12T15:11:00,2024-05-12T19:34:00,,,,,,,,
0,HAT205,JFK,PHL,15:00:00,19:00:00,240,2024-05-13,landed,2024-05-13T15:38:00,2024-05-13T18:48:00,,,,,,,,
0,HAT205,JFK,PHL,15:00:00,19:00:00,240,2024-05-14,landed,2024-05-14T15:34:00,2024-05-14T19:04:00,,,,,,,,
0,HAT205,JFK,PHL,15:00:00,19:00:00,240,2024-05-15,flying,2024-05-15T14:41:00,,,2024-05-15T19:51:00,,,,,,
0,HAT205,JFK,PHL,15:00:00,19:00:00,240,2024-05-16,available,,,,,12.0,5.0,9.0,61.0,140.0,352.0
0,HAT205,JFK,PHL,15:00:00,19:00:00,240,2024-05-17,available,,,,,4.0,15.0,3.0,66.0,193.0,465.0
0,HAT205,JFK,PHL,15:00:00,19:00:00,240,2024-05-18,available,,,,,1.0,18.0,19.0,58.0,126.0,368.0
0,HAT205,JFK,PHL,15:00:00,19:00:00,240,2024-05-19,available,,,,,2.0,7.0,8.0,93.0,176.0,456.0
0,HAT205,JFK,PHL,15:00:00,19:00:00,240,2024-05-20,available,,,,,18.0,17.0,8.0,66.0,169.0,402.0
0,HAT205,JFK,PHL,15:00:00,19:00:00,240,2024-05-21,available,,,,,19.0,17.0,12.0,61.0,163.0,401.0
0,HAT205,JFK,PHL,15:00:00,19:00:00,240,2024-05-22,available,,,,,1.0,7.0,10.0,63.0,142.0,434.0
0,HAT205,JFK,PHL,15:00:00,19:00:00,240,2024-05-23,available,,,,,7.0,6.0,8.0,96.0,196.0,269.0
0,HAT205,JFK,PHL,15:00:00,19:00:00,240,2024-05-24,available,,,,,8.0,1.0,7.0,94.0,118.0,313.0
0,HAT205,JFK,PHL,15:00:00,19:00:00,240,2024-05-25,available,,,,,14.0,9.0,11.0,89.0,102.0,263.0
0,HAT205,JFK,PHL,15:00:00,19:00:00,240,2024-05-26,available,,,,,0.0,18.0,8.0,92.0,159.0,351.0
0,HAT205,JFK,PHL,15:00:00,19:00:00,240,2024-05-27,available,,,,,6.0,20.0,3.0,56.0,123.0,306.0
0,HAT205,JFK,PHL,15:00:00,19:00:00,240,2024-05-28,available,,,,,16.0,2.0,10.0,60.0,137.0,455.0
0,HAT205,JFK,PHL,15:00:00,19:00:00,240,2024-05-29,available,,,,,18.0,15.0,18.0,62.0,199.0,361.0
0,HAT205,JFK,PHL,15:00:00,19:00:00,240,2024-05-30,available,,,,,12.0,4.0,17.0,77.0,190.0,229.0
0,HAT206,JFK,PHL,17:00:00,21:00:00,240,2024-05-01,landed,2024-05-01T16:58:00,2024-05-01T20:40:00,,,,,,,,
0,HAT206,JFK,PHL,17:00:00,21:00:00,240,2024-05-02,landed,2024-05-02T17:40:00,2024-05-02T21:54:00,,,,,,,,
0,HAT206,JFK,PHL,17:00:00,21:00:00,240,2024-05-03,landed,2024-05-03T17:00:00,2024-05-03T20:37:00,,,,,,,,
0,HAT206,JFK,PHL,17:00:00,21:00:00,240,2024-05-04,landed,2024-05-04T16:59:00,2024-05-04T20:36:00,,,,,,,,
0,HAT206,JFK,PHL,17:00:00,21:00:00,240,2024-05-05,landed,2024-05-05T17:12:00,2024-05-05T20:48:00,,,,,,,,
0,HAT206,JFK,PHL,17:00:00,21:00:00,240,2024-05-06,cancelled,,,,,,,,,,
0,HAT206,JFK,PHL,17:00:00,21:00:00,240,2024-05-07,landed,2024-05-07T17:30:00,2024-05-07T21:11:00,,,,,,,,
0,HAT206,JFK,PHL,17:00:00,21:00:00,240,2024-05-08,landed,2024-05-08T17:02:00,2024-05-08T21:44:00,,,,,,,,
0,HAT206,JFK,PHL,17:00:00,21:00:00,240,2024-05-09,landed,2024-05-09T16:46:00,2024-05-09T21:22:00,,,,,,,,
0,HAT206,JFK,PHL,17:00:00,21:00:00,240,2024-05-10,landed,2024-05-10T16:47:00,2024-05-10T21:51:00,,,,,,,,
0,HAT206,JFK,PHL,17:00:00,21:00:00,240,2024-05-11,landed,2024-05-11T16:45:00,2024-05-11T21:34:00,,,,,,,,
0,HAT206,JFK,PHL,17:00:00,21:00:00,240,2024-05-12,landed,2024-05-12T17:14:00,2024-05-12T20:35:00,,,,,,,,
0,HAT206,JFK,PHL,17:00:00,21:00:00,240,2024-05-13,landed,2024-05-13T16:50:00,2024-05-13T20:47:00,,,,,,,,
0,HAT206,JFK,PHL,17:00:00,21:00:00,240,2024-05-14,landed,2024-05-14T16:46:00,2024-05-14T21:28:00,,,,,,,,
0,HAT206,JFK,PHL,17:00:00,21:00:00,240,2024-05-15,on time,,,2024-05-15T17:25:00,2024-05-15T21:19:00,,,,,,
0,HAT206,JFK,PHL,17:00:00,21:00:00,240,2024-05-16,available,,,,,19.0,11.0,15.0,65.0,112.0,268.0
0,HAT206,JFK,PHL,17:00:00,21:00:00,240,2024-05-17,available,,,,,11.0,20.0,8.0,69.0,145.0,485.0
0,HAT206,JFK,PHL,17:00:00,21:00:00,240,2024-05-18,available,,,,,16.0,9.0,1.0,86.0,188.0,224.0
0,HAT206,JFK,PHL,17:00:00,21:00:00,240,2024-05-19,available,,,,,15.0,6.0,9.0,97.0,155.0,377.0
0,HAT206,JFK,PHL,17:00:00,21:00:00,240,2024-05-20,available,,,,,15.0,6.0,14.0,85.0,152.0,407.0
0,HAT206,JFK,PHL,17:00:00,21:00:00,240,2024-05-21,available,,,,,17.0,10.0,14.0,86.0,120.0,266.0
0,HAT206,JFK,PHL,17:00:00,21:00:00,240,2024-05-22,available,,,,,10.0,12.0,13.0,83.0,182.0,451.0
0,HAT206,JFK,PHL,17:00:00,21:00:00,240,2024-05-23,available,,,,,16.0,11.0,12.0,61.0,118.0,209.0
0,HAT206,JFK,PHL,17:00:00,21:00:00,240,2024-05-24,available,,,,,11.0,16.0,8.0,72.0,183.0,226.0
0,HAT206,JFK,PHL,17:00:00,21:00:00,240,2024-05-25,available,,,,,11.0,14.0,0.0,53.0,143.0,294.0
0,HAT206,JFK,PHL,17:00:00,21:00:00,240,2024-05-26,available,,,,,14.0,19.0,16.0,60.0,152.0,460.0
0,HAT206,JFK,PHL,17:00:00,21:00:00,240,2024-05-27,available,,,,,14.0,20.0,6.0,96.0,115.0,208.0
0,HAT206,JFK,PHL,17:00:00,21:00:00,240,2024-05-28,available,,,,,14.0,1.0,6.0,63.0,134.0,217.0
0,HAT206,JFK,PHL,17:00:00,21:00:00,240,2024-05-29,available,,,,,0.0,19.0,12.0,93.0,164.0,230.0
0,HAT206,JFK,PHL,17:00:00,21:00:00,240,2024-05-30,available,,,,,20.0,4.0,14.0,53.0,188.0,438.0
0,HAT207,JFK,PHL,07:00:00,11:00:00,240,2024-05-01,landed,2024-05-01T06:42:00,2024-05-01T11:13:00,,,,,,,,
0,HAT207,JFK,PHL,07:00:00,11:00:00,240,2024-05-02,landed,2024-05-02T07:18:00,2024-05-02T10:44:00,,,,,,,,
0,HAT207,JFK,PHL,07:00:00,11:00:00,240,2024-05-03,landed,2024-05-03T06:54:00,2024-05-03T11:01:00,,,,,,,,
0,HAT207,JFK,PHL,07:00:00,11:00:00,240,2024-05-04,landed,2024-05-04T07:28:00,2024-05-04T11:40:00,,,,,,,,
0,HAT207,JFK,PHL,07:00:00,11:00:00,240,2024-05-05,landed,2024-05-05T07:26:00,2024-05-05T10:46:00,,,,,,,,
0,HAT207,JFK,PHL,07:00:00,11:00:00,240,2024-05-06,landed,2024-05-06T07:34:00,2024-05-06T10:53:00,,,,,,,,
0,HAT207,JFK,PHL,07:00:00,11:00:00,240,2024-05-07,landed,2024-05-07T07:11:00,2024-05-07T10:54:00,,,,,,,,
0,HAT207,JFK,PHL,07:00:00,11:00:00,240,2024-05-08,landed,2024-05-08T07:22:00,2024-05-08T10:37:00,,,,,,,,
0,HAT207,JFK,PHL,07:00:00,11:00:00,240,2024-05-09,cancelled,,,,,,,,,,
0,HAT207,JFK,PHL,07:00:00,11:00:00,240,2024-05-10,landed,2024-05-10T07:38:00,2024-05-10T10:48:00,,,,,,,,
0,HAT207,JFK,PHL,07:00:00,11:00:00,240,2024-05-11,landed,2024-05-11T07:10:00,2024-05-11T10:37:00,,,,,,,,
0,HAT207,JFK,PHL,07:00:00,11:00:00,240,2024-05-12,landed,2024-05-12T07:14:00,2024-05-12T11:16:00,,,,,,,,
0,HAT207,JFK,PHL,07:00:00,11:00:00,240,2024-05-13,landed,2024-05-13T07:32:00,2024-05-13T11:07:00,,,,,,,,
0,HAT207,JFK,PHL,07:00:00,11:00:00,240,2024-05-14,landed,2024-05-14T07:15:00,2024-05-14T10:39:00,,,,,,,,
0,HAT207,JFK,PHL,07:00:00,11:00:00,240,2024-05-15,landed,2024-05-15T06:45:00,2024-05-15T10:36:00,,,,,,,,
0,HAT207,JFK,PHL,07:00:00,11:00:00,240,2024-05-16,available,,,,,1.0,12.0,6.0,56.0,111.0,293.0
0,HAT207,JFK,PHL,07:00:00,11:00:00,240,2024-05-17,available,,,,,2.0,7.0,7.0,85.0,134.0,236.0
0,HAT207,JFK,PHL,07:00:00,11:00:00,240,2024-05-18,available,,,,,2.0,4.0,14.0,52.0,143.0,324.0
0,HAT207,JFK,PHL,07:00:00,11:00:00,240,2024-05-19,available,,,,,11.0,9.0,11.0,51.0,156.0,226.0
0,HAT207,JFK,PHL,07:00:00,11:00:00,240,2024-05-20,available,,,,,20.0,1.0,0.0,54.0,155.0,375.0
0,HAT207,JFK,PHL,07:00:00,11:00:00,240,2024-05-21,available,,,,,13.0,4.0,15.0,87.0,146.0,249.0
0,HAT207,JFK,PHL,07:00:00,11:00:00,240,2024-05-22,available,,,,,8.0,15.0,0.0,93.0,122.0,371.0
0,HAT207,JFK,PHL,07:00:00,11:00:00,240,2024-05-23,available,,,,,1.0,12.0,9.0,72.0,167.0,252.0
0,HAT207,JFK,PHL,07:00:00,11:00:00,240,2024-05-24,available,,,,,0.0,3.0,4.0,62.0,193.0,315.0
0,HAT207,JFK,PHL,07:00:00,11:00:00,240,2024-05-25,available,,,,,19.0,11.0,2.0,85.0,196.0,252.0
0,HAT207,JFK,PHL,07:00:00,11:00:00,240,2024-05-26,available,,,,,19.0,1.0,14.0,71.0,140.0,265.0
0,HAT207,JFK,PHL,07:00:00,11:00:00,240,2024-05-27,available,,,,,14.0,19.0,3.0,54.0,199.0,264.0
0,HAT207,JFK,PHL,07:00:00,11:00:00,240,2024-05-28,available,,,,,13.0,14.0,16.0,78.0,199.0,360.0
0,HAT207,JFK,PHL,07:00:00,11:00:00,240,2024-05-29,available,,,,,15.0,20.0,18.0,53.0,115.0,259.0
0,HAT207,JFK,PHL,07:00:00,11:00:00,240,2024-05-30,available,,,,,15.0,10.0,15.0,51.0,165.0,329.0
0,HAT208,DFW,CLT,03:00:00,05:00:00,120,2024-05-01,landed,2024-05-01T02:42:00,2024-05-01T05:13:00,,,,,,,,
0,HAT208,DFW,CLT,03:00:00,05:00:00,120,2024-05-02,landed,2024-05-02T03:03:00,2024-05-02T05:06:00,,,,,,,,
0,HAT208,DFW,CLT,03:00:00,05:00:00,120,2024-05-03,landed,2024-05-03T03:28:00,2024-05-03T05:04:00,,,,,,,,
0,HAT208,DFW,CLT,03:00:00,05:00:00,120,2024-05-04,landed,2024-05-04T03:23:00,2024-05-04T05:04:00,,,,,,,,
0,HAT208,DFW,CLT,03:00:00,05:00:00,120,2024-05-05,landed,2024-05-05T03:06:00,2024-05-05T05:09:00,,,,,,,,
0,HAT208,DFW,CLT,03:00:00,05:00:00,120,2024-05-06,landed,2024-05-06T03:38:00,2024-05-06T04:46:00,,,,,,,,
0,HAT208,DFW,CLT,03:00:00,05:00:00,120,2024-05-07,landed,2024-05-07T02:57:00,2024-05-07T05:49:00,,,,,,,,
0,HAT208,DFW,CLT,03:00:00,05:00:00,120,2024-05-08,landed,2024-05-08T03:15:00,2024-05-08T05:28:00,,,,,,,,
0,HAT208,DFW,CLT,03:00:00,05:00:00,120,2024-05-09,landed,2024-05-09T03:02:00,2024-05-09T05:49:00,,,,,,,,
0,HAT208,DFW,CLT,03:00:00,05:00:00,120,2024-05-10,landed,2024-05-10T03:20:00,2024-05-10T05:49:00,,,,,,,,
0,HAT208,DFW,CLT,03:00:00,05:00:00,120,2024-05-11,landed,2024-05-11T02:42:00,2024-05-11T04:41:00,,,,,,,,
0,HAT208,DFW,CLT,03:00:00,05:00:00,120,2024-05-12,landed,2024-05-12T03:24:00,2024-05-12T05:21:00,,,,,,,,
0,HAT208,DFW,CLT,03:00:00,05:00:00,120,2024-05-13,landed,2024-05-13T03:34:00,2024-05-13T05:29:00,,,,,,,,
0,HAT208,DFW,CLT,03:00:00,05:00:00,120,2024-05-14,landed,2024-05-14T03:35:00,2024-05-14T04:55:00,,,,,,,,
0,HAT208,DFW,CLT,03:00:00,05:00:00,120,2024-05-15,landed,2024-05-15T03:14:00,2024-05-15T04:47:00,,,,,,,,
0,HAT208,DFW,CLT,03:00:00,05:00:00,120,2024-05-16,available,,,,,20.0,13.0,18.0,51.0,131.0,219.0
0,HAT208,DFW,CLT,03:00:00,05:00:00,120,2024-05-17,available,,,,,11.0,1.0,10.0,70.0,110.0,249.0
0,HAT208,DFW,CLT,03:00:00,05:00:00,120,2024-05-18,available,,,,,3.0,3.0,19.0,67.0,198.0,494.0
0,HAT208,DFW,CLT,03:00:00,05:00:00,120,2024-05-19,available,,,,,4.0,13.0,8.0,72.0,108.0,336.0
0,HAT208,DFW,CLT,03:00:00,05:00:00,120,2024-05-20,available,,,,,6.0,18.0,18.0,78.0,170.0,415.0
0,HAT208,DFW,CLT,03:00:00,05:00:00,120,2024-05-21,available,,,,,16.0,16.0,8.0,68.0,116.0,398.0
0,HAT208,DFW,CLT,03:00:00,05:00:00,120,2024-05-22,available,,,,,14.0,14.0,20.0,71.0,182.0,375.0
0,HAT208,DFW,CLT,03:00:00,05:00:00,120,2024-05-23,available,,,,,7.0,3.0,16.0,86.0,187.0,462.0
0,HAT208,DFW,CLT,03:00:00,05:00:00,120,2024-05-24,available,,,,,9.0,10.0,18.0,78.0,193.0,357.0
0,HAT208,DFW,CLT,03:00:00,05:00:00,120,2024-05-25,available,,,,,8.0,9.0,15.0,55.0,130.0,489.0
0,HAT208,DFW,CLT,03:00:00,05:00:00,120,2024-05-26,available,,,,,14.0,9.0,11.0,80.0,131.0,427.0
0,HAT208,DFW,CLT,03:00:00,05:00:00,120,2024-05-27,available,,,,,7.0,7.0,17.0,66.0,168.0,282.0
0,HAT208,DFW,CLT,03:00:00,05:00:00,120,2024-05-28,available,,,,,18.0,5.0,3.0,96.0,107.0,369.0
0,HAT208,DFW,CLT,03:00:00,05:00:00,120,2024-05-29,available,,,,,4.0,20.0,7.0,64.0,147.0,234.0
0,HAT208,DFW,CLT,03:00:00,05:00:00,120,2024-05-30,available,,,,,14.0,11.0,9.0,66.0,186.0,368.0
0,HAT209,DFW,CLT,05:00:00,07:00:00,120,2024-05-01,landed,2024-05-01T04:50:00,2024-05-01T07:13:00,,,,,,,,
0,HAT209,DFW,CLT,05:00:00,07:00:00,120,2024-05-02,cancelled,,,,,,,,,,
0,HAT209,DFW,CLT,05:00:00,07:00:00,120,2024-05-03,landed,2024-05-03T04:46:00,2024-05-03T07:05:00,,,,,,,,
0,HAT209,DFW,CLT,05:00:00,07:00:00,120,2024-05-04,landed,2024-05-04T04:58:00,2024-05-04T07:26:00,,,,,,,,
0,HAT209,DFW,CLT,05:00:00,07:00:00,120,2024-05-05,landed,2024-05-05T04:58:00,2024-05-05T06:54:00,,,,,,,,
0,HAT209,DFW,CLT,05:00:00,07:00:00,120,2024-05-06,landed,2024-05-06T05:32:00,2024-05-06T07:28:00,,,,,,,,
0,HAT209,DFW,CLT,05:00:00,07:00:00,120,2024-05-07,landed,2024-05-07T05:10:00,2024-05-07T06:53:00,,,,,,,,
0,HAT209,DFW,CLT,05:00:00,07:00:00,120,2024-05-08,landed,2024-05-08T05:20:00,2024-05-08T06:53:00,,,,,,,,
0,HAT209,DFW,CLT,05:00:00,07:00:00,120,2024-05-09,landed,2024-05-09T05:15:00,2024-05-09T07:24:00,,,,,,,,
0,HAT209,DFW,CLT,05:00:00,07:00:00,120,2024-05-10,landed,2024-05-10T05:21:00,2024-05-10T07:24:00,,,,,,,,
0,HAT209,DFW,CLT,05:00:00,07:00:00,120,2024-05-11,landed,2024-05-11T05:17:00,2024-05-11T06:53:00,,,,,,,,
0,HAT209,DFW,CLT,05:00:00,07:00:00,120,2024-05-12,landed,2024-05-12T05:00:00,2024-05-12T07:20:00,,,,,,,,
0,HAT209,DFW,CLT,05:00:00,07:00:00,120,2024-05-13,landed,2024-05-13T05:33:00,2024-05-13T06:46:00,,,,,,,,
0,HAT209,DFW,CLT,05:00:00,07:00:00,120,2024-05-14,landed,2024-05-14T04:56:00,2024-05-14T07:05:00,,,,,,,,
0,HAT209,DFW,CLT,05:00:00,07:00:00,120,2024-05-15,landed,2024-05-15T05:36:00,2024-05-15T06:35:00,,,,,,,,
0,HAT209,DFW,CLT,05:00:00,07:00:00,120,2024-05-16,available,,,,,1.0,9.0,1.0,84.0,127.0,412.0
0,HAT209,DFW,CLT,05:00:00,07:00:00,120,2024-05-17,available,,,,,8.0,4.0,10.0,69.0,157.0,215.0
0,HAT209,DFW,CLT,05:00:00,07:00:00,120,2024-05-18,available,,,,,20.0,3.0,14.0,80.0,147.0,315.0
0,HAT209,DFW,CLT,05:00:00,07:00:00,120,2024-05-19,available,,,,,8.0,10.0,10.0,75.0,195.0,393.0
0,HAT209,DFW,CLT,05:00:00,07:00:00,120,2024-05-20,available,,,,,6.0,14.0,0.0,77.0,194.0,371.0
0,HAT209,DFW,CLT,05:00:00,07:00:00,120,2024-05-21,available,,,,,3.0,9.0,8.0,68.0,152.0,478.0
0,HAT209,DFW,CLT,05:00:00,07:00:00,120,2024-05-22,available,,,,,10.0,18.0,12.0,87.0,135.0,436.0
0,HAT209,DFW,CLT,05:00:00,07:00:00,120,2024-05-23,available,,,,,19.0,13.0,7.0,82.0,148.0,287.0
0,HAT209,DFW,CLT,05:00:00,07:00:00,120,2024-05-24,available,,,,,1.0,1.0,20.0,97.0,173.0,425.0
0,HAT209,DFW,CLT,05:00:00,07:00:00,120,2024-05-25,available,,,,,1.0,10.0,17.0,59.0,113.0,398.0
0,HAT209,DFW,CLT,05:00:00,07:00:00,120,2024-05-26,available,,,,,1.0,4.0,11.0,61.0,183.0,295.0
0,HAT209,DFW,CLT,05:00:00,07:00:00,120,2024-05-27,available,,,,,3.0,1.0,9.0,64.0,156.0,342.0
0,HAT209,DFW,CLT,05:00:00,07:00:00,120,2024-05-28,available,,,,,18.0,6.0,9.0,78.0,156.0,240.0
0,HAT209,DFW,CLT,05:00:00,07:00:00,120,2024-05-29,available,,,,,12.0,17.0,12.0,98.0,192.0,498.0
0,HAT209,DFW,CLT,05:00:00,07:00:00,120,2024-05-30,available,,,,,4.0,2.0,8.0,73.0,161.0,430.0
0,HAT210,MIA,DTW,12:00:00,13:00:00,60,2024-05-01,landed,2024-05-01T12:38:00,2024-05-01T13:26:00,,,,,,,,
0,HAT210,MIA,DTW,12:00:00,13:00:00,60,2024-05-02,landed,2024-05-02T11:59:00,2024-05-02T13:18:00,,,,,,,,
0,HAT210,MIA,DTW,12:00:00,13:00:00,60,2024-05-03,landed,2024-05-03T11:54:00,2024-05-03T13:13:00,,,,,,,,
0,HAT210,MIA,DTW,12:00:00,13:00:00,60,2024-05-04,landed,2024-05-04T12:28:00,2024-05-04T13:25:00,,,,,,,,
0,HAT210,MIA,DTW,12:00:00,13:00:00,60,2024-05-05,cancelled,,,,,,,,,,
0,HAT210,MIA,DTW,12:00:00,13:00:00,60,2024-05-06,landed,2024-05-06T11:53:00,2024-05-06T13:41:00,,,,,,,,
0,HAT210,MIA,DTW,12:00:00,13:00:00,60,2024-05-07,cancelled,,,,,,,,,,
0,HAT210,MIA,DTW,12:00:00,13:00:00,60,2024-05-08,landed,2024-05-08T12:00:00,2024-05-08T12:39:00,,,,,,,,
0,HAT210,MIA,DTW,12:00:00,13:00:00,60,2024-05-09,cancelled,,,,,,,,,,
0,HAT210,MIA,DTW,12:00:00,13:00:00,60,2024-05-10,cancelled,,,,,,,,,,
0,HAT210,MIA,DTW,12:00:00,13:00:00,60,2024-05-11,landed,2024-05-11T12:22:00,2024-05-11T12:38:00,,,,,,,,
0,HAT210,MIA,DTW,12:00:00,13:00:00,60,2024-05-12,landed,2024-05-12T12:39:00,2024-05-12T13:15:00,,,,,,,,
0,HAT210,MIA,DTW,12:00:00,13:00:00,60,2024-05-13,landed,2024-05-13T11:45:00,2024-05-13T13:10:00,,,,,,,,
0,HAT210,MIA,DTW,12:00:00,13:00:00,60,2024-05-14,landed,2024-05-14T12:39:00,2024-05-14T13:06:00,,,,,,,,
0,HAT210,MIA,DTW,12:00:00,13:00:00,60,2024-05-15,landed,2024-05-15T12:05:00,2024-05-15T13:40:00,,,,,,,,
0,HAT210,MIA,DTW,12:00:00,13:00:00,60,2024-05-16,available,,,,,7.0,4.0,0.0,62.0,148.0,221.0
0,HAT210,MIA,DTW,12:00:00,13:00:00,60,2024-05-17,available,,,,,8.0,3.0,18.0,84.0,174.0,226.0
0,HAT210,MIA,DTW,12:00:00,13:00:00,60,2024-05-18,available,,,,,16.0,6.0,10.0,58.0,118.0,322.0
0,HAT210,MIA,DTW,12:00:00,13:00:00,60,2024-05-19,available,,,,,19.0,13.0,13.0,58.0,157.0,340.0
0,HAT210,MIA,DTW,12:00:00,13:00:00,60,2024-05-20,available,,,,,3.0,4.0,3.0,88.0,187.0,431.0
0,HAT210,MIA,DTW,12:00:00,13:00:00,60,2024-05-21,available,,,,,1.0,10.0,7.0,66.0,117.0,429.0
0,HAT210,MIA,DTW,12:00:00,13:00:00,60,2024-05-22,available,,,,,14.0,11.0,3.0,54.0,134.0,235.0
0,HAT210,MIA,DTW,12:00:00,13:00:00,60,2024-05-23,available,,,,,6.0,19.0,13.0,65.0,150.0,350.0
0,HAT210,MIA,DTW,12:00:00,13:00:00,60,2024-05-24,available,,,,,11.0,18.0,4.0,81.0,109.0,490.0
0,HAT210,MIA,DTW,12:00:00,13:00:00,60,2024-05-25,available,,,,,13.0,18.0,20.0,77.0,190.0,200.0
0,HAT210,MIA,DTW,12:00:00,13:00:00,60,2024-05-26,available,,,,,8.0,16.0,15.0,65.0,179.0,378.0
0,HAT210,MIA,DTW,12:00:00,13:00:00,60,2024-05-27,available,,,,,1.0,11.0,4.0,76.0,184.0,486.0
0,HAT210,MIA,DTW,12:00:00,13:00:00,60,2024-05-28,available,,,,,3.0,10.0,0.0,82.0,177.0,359.0
0,HAT210,MIA,DTW,12:00:00,13:00:00,60,2024-05-29,available,,,,,15.0,18.0,19.0,53.0,111.0,218.0
0,HAT210,MIA,DTW,12:00:00,13:00:00,60,2024-05-30,available,,,,,13.0,19.0,20.0,70.0,141.0,311.0
0,HAT211,DFW,LAS,18:00:00,22:00:00,240,2024-05-01,landed,2024-05-01T17:51:00,2024-05-01T22:05:00,,,,,,,,
0,HAT211,DFW,LAS,18:00:00,22:00:00,240,2024-05-02,landed,2024-05-02T18:11:00,2024-05-02T21:36:00,,,,,,,,
0,HAT211,DFW,LAS,18:00:00,22:00:00,240,2024-05-03,landed,2024-05-03T17:52:00,2024-05-03T22:28:00,,,,,,,,
0,HAT211,DFW,LAS,18:00:00,22:00:00,240,2024-05-04,landed,2024-05-04T17:43:00,2024-05-04T22:11:00,,,,,,,,
0,HAT211,DFW,LAS,18:00:00,22:00:00,240,2024-05-05,cancelled,,,,,,,,,,
0,HAT211,DFW,LAS,18:00:00,22:00:00,240,2024-05-06,landed,2024-05-06T18:22:00,2024-05-06T22:34:00,,,,,,,,
0,HAT211,DFW,LAS,18:00:00,22:00:00,240,2024-05-07,landed,2024-05-07T17:58:00,2024-05-07T22:16:00,,,,,,,,
0,HAT211,DFW,LAS,18:00:00,22:00:00,240,2024-05-08,landed,2024-05-08T18:29:00,2024-05-08T22:25:00,,,,,,,,
0,HAT211,DFW,LAS,18:00:00,22:00:00,240,2024-05-09,landed,2024-05-09T17:47:00,2024-05-09T21:47:00,,,,,,,,
0,HAT211,DFW,LAS,18:00:00,22:00:00,240,2024-05-10,landed,2024-05-10T17:58:00,2024-05-10T22:27:00,,,,,,,,
0,HAT211,DFW,LAS,18:00:00,22:00:00,240,2024-05-11,landed,2024-05-11T18:34:00,2024-05-11T22:37:00,,,,,,,,
0,HAT211,DFW,LAS,18:00:00,22:00:00,240,2024-05-12,landed,2024-05-12T18:10:00,2024-05-12T22:18:00,,,,,,,,
0,HAT211,DFW,LAS,18:00:00,22:00:00,240,2024-05-13,cancelled,,,,,,,,,,
0,HAT211,DFW,LAS,18:00:00,22:00:00,240,2024-05-14,landed,2024-05-14T18:03:00,2024-05-14T22:38:00,,,,,,,,
0,HAT211,DFW,LAS,18:00:00,22:00:00,240,2024-05-15,delayed,,,2024-05-15T19:23:00,2024-05-16T00:32:00,,,,,,
0,HAT211,DFW,LAS,18:00:00,22:00:00,240,2024-05-16,available,,,,,6.0,15.0,15.0,55.0,119.0,371.0
0,HAT211,DFW,LAS,18:00:00,22:00:00,240,2024-05-17,available,,,,,1.0,20.0,18.0,84.0,183.0,305.0
0,HAT211,DFW,LAS,18:00:00,22:00:00,240,2024-05-18,available,,,,,2.0,4.0,5.0,63.0,197.0,206.0
0,HAT211,DFW,LAS,18:00:00,22:00:00,240,2024-05-19,available,,,,,3.0,0.0,19.0,56.0,187.0,396.0
0,HAT211,DFW,LAS,18:00:00,22:00:00,240,2024-05-20,available,,,,,3.0,13.0,6.0,70.0,142.0,437.0
0,HAT211,DFW,LAS,18:00:00,22:00:00,240,2024-05-21,available,,,,,16.0,3.0,4.0,73.0,125.0,379.0
0,HAT211,DFW,LAS,18:00:00,22:00:00,240,2024-05-22,available,,,,,14.0,11.0,11.0,52.0,177.0,487.0
0,HAT211,DFW,LAS,18:00:00,22:00:00,240,2024-05-23,available,,,,,1.0,1.0,17.0,91.0,107.0,423.0
0,HAT211,DFW,LAS,18:00:00,22:00:00,240,2024-05-24,available,,,,,0.0,1.0,17.0,75.0,102.0,354.0
0,HAT211,DFW,LAS,18:00:00,22:00:00,240,2024-05-25,available,,,,,20.0,6.0,17.0,90.0,135.0,395.0
0,HAT211,DFW,LAS,18:00:00,22:00:00,240,2024-05-26,available,,,,,3.0,7.0,19.0,72.0,165.0,220.0
0,HAT211,DFW,LAS,18:00:00,22:00:00,240,2024-05-27,available,,,,,1.0,13.0,13.0,56.0,117.0,441.0
0,HAT211,DFW,LAS,18:00:00,22:00:00,240,2024-05-28,available,,,,,13.0,2.0,13.0,73.0,105.0,270.0
0,HAT211,DFW,LAS,18:00:00,22:00:00,240,2024-05-29,available,,,,,18.0,6.0,17.0,59.0,193.0,286.0
0,HAT211,DFW,LAS,18:00:00,22:00:00,240,2024-05-30,available,,,,,6.0,18.0,11.0,87.0,199.0,239.0
0,HAT212,DFW,LAS,13:00:00,17:00:00,240,2024-05-01,landed,2024-05-01T12:43:00,2024-05-01T17:01:00,,,,,,,,
0,HAT212,DFW,LAS,13:00:00,17:00:00,240,2024-05-02,landed,2024-05-02T12:49:00,2024-05-02T17:53:00,,,,,,,,
0,HAT212,DFW,LAS,13:00:00,17:00:00,240,2024-05-03,landed,2024-05-03T13:04:00,2024-05-03T17:16:00,,,,,,,,
0,HAT212,DFW,LAS,13:00:00,17:00:00,240,2024-05-04,landed,2024-05-04T13:02:00,2024-05-04T17:24:00,,,,,,,,
0,HAT212,DFW,LAS,13:00:00,17:00:00,240,2024-05-05,landed,2024-05-05T13:03:00,2024-05-05T17:06:00,,,,,,,,
0,HAT212,DFW,LAS,13:00:00,17:00:00,240,2024-05-06,landed,2024-05-06T13:26:00,2024-05-06T17:39:00,,,,,,,,
0,HAT212,DFW,LAS,13:00:00,17:00:00,240,2024-05-07,landed,2024-05-07T13:08:00,2024-05-07T17:21:00,,,,,,,,
0,HAT212,DFW,LAS,13:00:00,17:00:00,240,2024-05-08,landed,2024-05-08T13:35:00,2024-05-08T16:51:00,,,,,,,,
0,HAT212,DFW,LAS,13:00:00,17:00:00,240,2024-05-09,landed,2024-05-09T13:00:00,2024-05-09T17:27:00,,,,,,,,
0,HAT212,DFW,LAS,13:00:00,17:00:00,240,2024-05-10,landed,2024-05-10T13:28:00,2024-05-10T17:50:00,,,,,,,,
0,HAT212,DFW,LAS,13:00:00,17:00:00,240,2024-05-11,landed,2024-05-11T13:34:00,2024-05-11T16:35:00,,,,,,,,
0,HAT212,DFW,LAS,13:00:00,17:00:00,240,2024-05-12,landed,2024-05-12T13:20:00,2024-05-12T17:36:00,,,,,,,,
0,HAT212,DFW,LAS,13:00:00,17:00:00,240,2024-05-13,landed,2024-05-13T12:55:00,2024-05-13T17:38:00,,,,,,,,
0,HAT212,DFW,LAS,13:00:00,17:00:00,240,2024-05-14,landed,2024-05-14T13:28:00,2024-05-14T16:49:00,,,,,,,,
0,HAT212,DFW,LAS,13:00:00,17:00:00,240,2024-05-15,flying,2024-05-15T12:58:00,,,2024-05-15T17:07:00,,,,,,
0,HAT212,DFW,LAS,13:00:00,17:00:00,240,2024-05-16,available,,,,,15.0,6.0,1.0,57.0,138.0,398.0
0,HAT212,DFW,LAS,13:00:00,17:00:00,240,2024-05-17,available,,,,,7.0,13.0,19.0,93.0,163.0,489.0
0,HAT212,DFW,LAS,13:00:00,17:00:00,240,2024-05-18,available,,,,,12.0,9.0,14.0,68.0,185.0,370.0
0,HAT212,DFW,LAS,13:00:00,17:00:00,240,2024-05-19,available,,,,,2.0,14.0,8.0,93.0,132.0,497.0
0,HAT212,DFW,LAS,13:00:00,17:00:00,240,2024-05-20,available,,,,,7.0,4.0,1.0,67.0,173.0,436.0
0,HAT212,DFW,LAS,13:00:00,17:00:00,240,2024-05-21,available,,,,,19.0,0.0,7.0,74.0,113.0,240.0
0,HAT212,DFW,LAS,13:00:00,17:00:00,240,2024-05-22,available,,,,,16.0,7.0,10.0,100.0,177.0,394.0
0,HAT212,DFW,LAS,13:00:00,17:00:00,240,2024-05-23,available,,,,,14.0,8.0,19.0,92.0,115.0,216.0
0,HAT212,DFW,LAS,13:00:00,17:00:00,240,2024-05-24,available,,,,,4.0,18.0,11.0,55.0,122.0,355.0
0,HAT212,DFW,LAS,13:00:00,17:00:00,240,2024-05-25,available,,,,,14.0,3.0,3.0,99.0,172.0,430.0
0,HAT212,DFW,LAS,13:00:00,17:00:00,240,2024-05-26,available,,,,,12.0,6.0,20.0,97.0,181.0,306.0
0,HAT212,DFW,LAS,13:00:00,17:00:00,240,2024-05-27,available,,,,,20.0,9.0,15.0,82.0,129.0,397.0
0,HAT212,DFW,LAS,13:00:00,17:00:00,240,2024-05-28,available,,,,,4.0,15.0,14.0,85.0,109.0,338.0
0,HAT212,DFW,LAS,13:00:00,17:00:00,240,2024-05-29,available,,,,,4.0,3.0,18.0,69.0,146.0,327.0
0,HAT212,DFW,LAS,13:00:00,17:00:00,240,2024-05-30,available,,,,,12.0,17.0,6.0,50.0,142.0,263.0
0,HAT213,DFW,LAS,03:00:00,07:00:00,240,2024-05-01,landed,2024-05-01T03:23:00,2024-05-01T06:55:00,,,,,,,,
0,HAT213,DFW,LAS,03:00:00,07:00:00,240,2024-05-02,landed,2024-05-02T03:36:00,2024-05-02T07:41:00,,,,,,,,
0,HAT213,DFW,LAS,03:00:00,07:00:00,240,2024-05-03,cancelled,,,,,,,,,,
0,HAT213,DFW,LAS,03:00:00,07:00:00,240,2024-05-04,landed,2024-05-04T03:38:00,2024-05-04T07:00:00,,,,,,,,
0,HAT213,DFW,LAS,03:00:00,07:00:00,240,2024-05-05,landed,2024-05-05T03:14:00,2024-05-05T06:56:00,,,,,,,,
0,HAT213,DFW,LAS,03:00:00,07:00:00,240,2024-05-06,landed,2024-05-06T03:09:00,2024-05-06T06:37:00,,,,,,,,
0,HAT213,DFW,LAS,03:00:00,07:00:00,240,2024-05-07,landed,2024-05-07T03:01:00,2024-05-07T07:24:00,,,,,,,,
0,HAT213,DFW,LAS,03:00:00,07:00:00,240,2024-05-08,landed,2024-05-08T03:05:00,2024-05-08T07:46:00,,,,,,,,
0,HAT213,DFW,LAS,03:00:00,07:00:00,240,2024-05-09,landed,2024-05-09T03:04:00,2024-05-09T07:11:00,,,,,,,,
0,HAT213,DFW,LAS,03:00:00,07:00:00,240,2024-05-10,landed,2024-05-10T03:23:00,2024-05-10T06:47:00,,,,,,,,
0,HAT213,DFW,LAS,03:00:00,07:00:00,240,2024-05-11,landed,2024-05-11T03:39:00,2024-05-11T07:14:00,,,,,,,,
0,HAT213,DFW,LAS,03:00:00,07:00:00,240,2024-05-12,landed,2024-05-12T03:32:00,2024-05-12T07:23:00,,,,,,,,
0,HAT213,DFW,LAS,03:00:00,07:00:00,240,2024-05-13,landed,2024-05-13T02:58:00,2024-05-13T07:20:00,,,,,,,,
0,HAT213,DFW,LAS,03:00:00,07:00:00,240,2024-05-14,landed,2024-05-14T02:59:00,2024-05-14T07:52:00,,,,,,,,
0,HAT213,DFW,LAS,03:00:00,07:00:00,240,2024-05-15,landed,2024-05-15T03:05:00,2024-05-15T07:53:00,,,,,,,,
0,HAT213,DFW,LAS,03:00:00,07:00:00,240,2024-05-16,available,,,,,10.0,6.0,18.0,96.0,133.0,351.0
0,HAT213,DFW,LAS,03:00:00,07:00:00,240,2024-05-17,available,,,,,18.0,13.0,16.0,75.0,107.0,441.0
0,HAT213,DFW,LAS,03:00:00,07:00:00,240,2024-05-18,available,,,,,20.0,15.0,2.0,74.0,182.0,278.0
0,HAT213,DFW,LAS,03:00:00,07:00:00,240,2024-05-19,available,,,,,15.0,2.0,9.0,54.0,141.0,483.0
0,HAT213,DFW,LAS,03:00:00,07:00:00,240,2024-05-20,available,,,,,4.0,10.0,18.0,80.0,188.0,326.0
0,HAT213,DFW,LAS,03:00:00,07:00:00,240,2024-05-21,available,,,,,16.0,20.0,4.0,59.0,181.0,238.0
0,HAT213,DFW,LAS,03:00:00,07:00:00,240,2024-05-22,available,,,,,2.0,6.0,20.0,62.0,102.0,425.0
0,HAT213,DFW,LAS,03:00:00,07:00:00,240,2024-05-23,available,,,,,7.0,17.0,1.0,69.0,138.0,447.0
0,HAT213,DFW,LAS,03:00:00,07:00:00,240,2024-05-24,available,,,,,0.0,19.0,14.0,76.0,133.0,373.0
0,HAT213,DFW,LAS,03:00:00,07:00:00,240,2024-05-25,available,,,,,20.0,15.0,19.0,75.0,157.0,338.0
0,HAT213,DFW,LAS,03:00:00,07:00:00,240,2024-05-26,available,,,,,10.0,1.0,4.0,88.0,198.0,268.0
0,HAT213,DFW,LAS,03:00:00,07:00:00,240,2024-05-27,available,,,,,17.0,5.0,3.0,98.0,121.0,455.0
0,HAT213,DFW,LAS,03:00:00,07:00:00,240,2024-05-28,available,,,,,20.0,9.0,0.0,70.0,110.0,427.0
0,HAT213,DFW,LAS,03:00:00,07:00:00,240,2024-05-29,available,,,,,11.0,11.0,10.0,71.0,169.0,487.0
0,HAT213,DFW,LAS,03:00:00,07:00:00,240,2024-05-30,available,,,,,7.0,1.0,14.0,72.0,130.0,318.0
0,HAT214,DFW,LAS,10:00:00,14:00:00,240,2024-05-01,landed,2024-05-01T09:40:00,2024-05-01T14:45:00,,,,,,,,
0,HAT214,DFW,LAS,10:00:00,14:00:00,240,2024-05-02,landed,2024-05-02T10:26:00,2024-05-02T14:28:00,,,,,,,,
0,HAT214,DFW,LAS,10:00:00,14:00:00,240,2024-05-03,landed,2024-05-03T10:38:00,2024-05-03T14:46:00,,,,,,,,
0,HAT214,DFW,LAS,10:00:00,14:00:00,240,2024-05-04,landed,2024-05-04T10:02:00,2024-05-04T14:34:00,,,,,,,,
0,HAT214,DFW,LAS,10:00:00,14:00:00,240,2024-05-05,landed,2024-05-05T10:21:00,2024-05-05T13:46:00,,,,,,,,
0,HAT214,DFW,LAS,10:00:00,14:00:00,240,2024-05-06,cancelled,,,,,,,,,,
0,HAT214,DFW,LAS,10:00:00,14:00:00,240,2024-05-07,landed,2024-05-07T09:45:00,2024-05-07T14:46:00,,,,,,,,
0,HAT214,DFW,LAS,10:00:00,14:00:00,240,2024-05-08,landed,2024-05-08T10:11:00,2024-05-08T14:22:00,,,,,,,,
0,HAT214,DFW,LAS,10:00:00,14:00:00,240,2024-05-09,landed,2024-05-09T10:23:00,2024-05-09T14:41:00,,,,,,,,
0,HAT214,DFW,LAS,10:00:00,14:00:00,240,2024-05-10,landed,2024-05-10T10:14:00,2024-05-10T14:47:00,,,,,,,,
0,HAT214,DFW,LAS,10:00:00,14:00:00,240,2024-05-11,landed,2024-05-11T10:03:00,2024-05-11T14:02:00,,,,,,,,
0,HAT214,DFW,LAS,10:00:00,14:00:00,240,2024-05-12,landed,2024-05-12T10:32:00,2024-05-12T14:55:00,,,,,,,,
0,HAT214,DFW,LAS,10:00:00,14:00:00,240,2024-05-13,landed,2024-05-13T09:54:00,2024-05-13T13:45:00,,,,,,,,
0,HAT214,DFW,LAS,10:00:00,14:00:00,240,2024-05-14,landed,2024-05-14T09:53:00,2024-05-14T14:48:00,,,,,,,,
0,HAT214,DFW,LAS,10:00:00,14:00:00,240,2024-05-15,landed,2024-05-15T10:27:00,2024-05-15T13:40:00,,,,,,,,
0,HAT214,DFW,LAS,10:00:00,14:00:00,240,2024-05-16,available,,,,,7.0,15.0,14.0,56.0,190.0,320.0
0,HAT214,DFW,LAS,10:00:00,14:00:00,240,2024-05-17,available,,,,,0.0,13.0,18.0,96.0,187.0,358.0
0,HAT214,DFW,LAS,10:00:00,14:00:00,240,2024-05-18,available,,,,,3.0,14.0,20.0,82.0,196.0,225.0
0,HAT214,DFW,LAS,10:00:00,14:00:00,240,2024-05-19,available,,,,,15.0,13.0,9.0,88.0,147.0,235.0
0,HAT214,DFW,LAS,10:00:00,14:00:00,240,2024-05-20,available,,,,,3.0,3.0,13.0,88.0,121.0,267.0
0,HAT214,DFW,LAS,10:00:00,14:00:00,240,2024-05-21,available,,,,,8.0,7.0,6.0,57.0,134.0,498.0
0,HAT214,DFW,LAS,10:00:00,14:00:00,240,2024-05-22,available,,,,,5.0,10.0,16.0,97.0,101.0,302.0
0,HAT214,DFW,LAS,10:00:00,14:00:00,240,2024-05-23,available,,,,,16.0,3.0,2.0,77.0,107.0,327.0
0,HAT214,DFW,LAS,10:00:00,14:00:00,240,2024-05-24,available,,,,,17.0,18.0,1.0,67.0,128.0,426.0
0,HAT214,DFW,LAS,10:00:00,14:00:00,240,2024-05-25,available,,,,,2.0,8.0,6.0,99.0,143.0,457.0
0,HAT214,DFW,LAS,10:00:00,14:00:00,240,2024-05-26,available,,,,,5.0,3.0,6.0,54.0,188.0,320.0
0,HAT214,DFW,LAS,10:00:00,14:00:00,240,2024-05-27,available,,,,,2.0,1.0,18.0,77.0,156.0,476.0
0,HAT214,DFW,LAS,10:00:00,14:00:00,240,2024-05-28,available,,,,,0.0,15.0,6.0,65.0,118.0,327.0
0,HAT214,DFW,LAS,10:00:00,14:00:00,240,2024-05-29,available,,,,,11.0,19.0,17.0,71.0,106.0,386.0
0,HAT214,DFW,LAS,10:00:00,14:00:00,240,2024-05-30,available,,,,,20.0,5.0,18.0,74.0,181.0,298.0
0,HAT215,CLT,MCO,14:00:00,15:30:00,90,2024-05-01,landed,2024-05-01T13:42:00,2024-05-01T16:22:00,,,,,,,,
0,HAT215,CLT,MCO,14:00:00,15:30:00,90,2024-05-02,landed,2024-05-02T14:32:00,2024-05-02T16:17:00,,,,,,,,
0,HAT215,CLT,MCO,14:00:00,15:30:00,90,2024-05-03,landed,2024-05-03T14:12:00,2024-05-03T15:37:00,,,,,,,,
0,HAT215,CLT,MCO,14:00:00,15:30:00,90,2024-05-04,landed,2024-05-04T14:24:00,2024-05-04T15:20:00,,,,,,,,
0,HAT215,CLT,MCO,14:00:00,15:30:00,90,2024-05-05,landed,2024-05-05T14:40:00,2024-05-05T15:38:00,,,,,,,,
0,HAT215,CLT,MCO,14:00:00,15:30:00,90,2024-05-06,landed,2024-05-06T14:21:00,2024-05-06T15:07:00,,,,,,,,
0,HAT215,CLT,MCO,14:00:00,15:30:00,90,2024-05-07,landed,2024-05-07T14:09:00,2024-05-07T15:48:00,,,,,,,,
0,HAT215,CLT,MCO,14:00:00,15:30:00,90,2024-05-08,landed,2024-05-08T13:56:00,2024-05-08T15:46:00,,,,,,,,
0,HAT215,CLT,MCO,14:00:00,15:30:00,90,2024-05-09,landed,2024-05-09T14:26:00,2024-05-09T16:05:00,,,,,,,,
0,HAT215,CLT,MCO,14:00:00,15:30:00,90,2024-05-10,landed,2024-05-10T13:51:00,2024-05-10T15:45:00,,,,,,,,
0,HAT215,CLT,MCO,14:00:00,15:30:00,90,2024-05-11,landed,2024-05-11T14:40:00,2024-05-11T15:27:00,,,,,,,,
0,HAT215,CLT,MCO,14:00:00,15:30:00,90,2024-05-12,landed,2024-05-12T13:58:00,2024-05-12T15:11:00,,,,,,,,
0,HAT215,CLT,MCO,14:00:00,15:30:00,90,2024-05-13,landed,2024-05-13T14:34:00,2024-05-13T15:29:00,,,,,,,,
0,HAT215,CLT,MCO,14:00:00,15:30:00,90,2024-05-14,landed,2024-05-14T13:54:00,2024-05-14T15:25:00,,,,,,,,
0,HAT215,CLT,MCO,14:00:00,15:30:00,90,2024-05-15,flying,2024-05-15T14:08:00,,,2024-05-15T15:51:00,,,,,,
0,HAT215,CLT,MCO,14:00:00,15:30:00,90,2024-05-16,available,,,,,15.0,18.0,4.0,95.0,140.0,272.0
0,HAT215,CLT,MCO,14:00:00,15:30:00,90,2024-05-17,available,,,,,11.0,6.0,6.0,65.0,150.0,408.0
0,HAT215,CLT,MCO,14:00:00,15:30:00,90,2024-05-18,available,,,,,3.0,19.0,10.0,75.0,167.0,327.0
0,HAT215,CLT,MCO,14:00:00,15:30:00,90,2024-05-19,available,,,,,3.0,17.0,11.0,88.0,171.0,300.0
0,HAT215,CLT,MCO,14:00:00,15:30:00,90,2024-05-20,available,,,,,17.0,2.0,16.0,86.0,131.0,262.0
0,HAT215,CLT,MCO,14:00:00,15:30:00,90,2024-05-21,available,,,,,4.0,11.0,19.0,78.0,155.0,259.0
0,HAT215,CLT,MCO,14:00:00,15:30:00,90,2024-05-22,available,,,,,4.0,19.0,1.0,67.0,188.0,214.0
0,HAT215,CLT,MCO,14:00:00,15:30:00,90,2024-05-23,available,,,,,3.0,16.0,17.0,96.0,130.0,361.0
0,HAT215,CLT,MCO,14:00:00,15:30:00,90,2024-05-24,available,,,,,4.0,14.0,19.0,89.0,149.0,444.0
0,HAT215,CLT,MCO,14:00:00,15:30:00,90,2024-05-25,available,,,,,20.0,12.0,14.0,80.0,131.0,490.0
0,HAT215,CLT,MCO,14:00:00,15:30:00,90,2024-05-26,available,,,,,20.0,3.0,11.0,90.0,146.0,377.0
0,HAT215,CLT,MCO,14:00:00,15:30:00,90,2024-05-27,available,,,,,15.0,19.0,4.0,75.0,199.0,448.0
0,HAT215,CLT,MCO,14:00:00,15:30:00,90,2024-05-28,available,,,,,12.0,16.0,7.0,65.0,130.0,215.0
0,HAT215,CLT,MCO,14:00:00,15:30:00,90,2024-05-29,available,,,,,8.0,11.0,20.0,78.0,196.0,313.0
0,HAT215,CLT,MCO,14:00:00,15:30:00,90,2024-05-30,available,,,,,2.0,8.0,16.0,85.0,106.0,447.0
0,HAT216,CLT,MCO,06:00:00,07:30:00,90,2024-05-01,landed,2024-05-01T06:34:00,2024-05-01T08:20:00,,,,,,,,
0,HAT216,CLT,MCO,06:00:00,07:30:00,90,2024-05-02,landed,2024-05-02T06:04:00,2024-05-02T08:13:00,,,,,,,,
0,HAT216,CLT,MCO,06:00:00,07:30:00,90,2024-05-03,landed,2024-05-03T06:23:00,2024-05-03T07:15:00,,,,,,,,
0,HAT216,CLT,MCO,06:00:00,07:30:00,90,2024-05-04,landed,2024-05-04T06:22:00,2024-05-04T08:05:00,,,,,,,,
0,HAT216,CLT,MCO,06:00:00,07:30:00,90,2024-05-05,landed,2024-05-05T06:00:00,2024-05-05T08:11:00,,,,,,,,
0,HAT216,CLT,MCO,06:00:00,07:30:00,90,2024-05-06,landed,2024-05-06T06:18:00,2024-05-06T07:41:00,,,,,,,,
0,HAT216,CLT,MCO,06:00:00,07:30:00,90,2024-05-07,landed,2024-05-07T06:35:00,2024-05-07T07:48:00,,,,,,,,
0,HAT216,CLT,MCO,06:00:00,07:30:00,90,2024-05-08,landed,2024-05-08T06:24:00,2024-05-08T08:05:00,,,,,,,,
0,HAT216,CLT,MCO,06:00:00,07:30:00,90,2024-05-09,landed,2024-05-09T05:52:00,2024-05-09T08:22:00,,,,,,,,
0,HAT216,CLT,MCO,06:00:00,07:30:00,90,2024-05-10,landed,2024-05-10T06:31:00,2024-05-10T08:02:00,,,,,,,,
0,HAT216,CLT,MCO,06:00:00,07:30:00,90,2024-05-11,landed,2024-05-11T05:58:00,2024-05-11T08:14:00,,,,,,,,
0,HAT216,CLT,MCO,06:00:00,07:30:00,90,2024-05-12,landed,2024-05-12T06:18:00,2024-05-12T07:21:00,,,,,,,,
0,HAT216,CLT,MCO,06:00:00,07:30:00,90,2024-05-13,landed,2024-05-13T05:44:00,2024-05-13T08:23:00,,,,,,,,
0,HAT216,CLT,MCO,06:00:00,07:30:00,90,2024-05-14,landed,2024-05-14T06:27:00,2024-05-14T08:03:00,,,,,,,,
0,HAT216,CLT,MCO,06:00:00,07:30:00,90,2024-05-15,landed,2024-05-15T05:55:00,2024-05-15T07:44:00,,,,,,,,
0,HAT216,CLT,MCO,06:00:00,07:30:00,90,2024-05-16,available,,,,,7.0,9.0,17.0,54.0,136.0,410.0
0,HAT216,CLT,MCO,06:00:00,07:30:00,90,2024-05-17,available,,,,,8.0,19.0,8.0,77.0,136.0,450.0
0,HAT216,CLT,MCO,06:00:00,07:30:00,90,2024-05-18,available,,,,,5.0,19.0,0.0,66.0,195.0,389.0
0,HAT216,CLT,MCO,06:00:00,07:30:00,90,2024-05-19,available,,,,,10.0,12.0,14.0,85.0,127.0,465.0
0,HAT216,CLT,MCO,06:00:00,07:30:00,90,2024-05-20,available,,,,,11.0,1.0,8.0,68.0,167.0,410.0
0,HAT216,CLT,MCO,06:00:00,07:30:00,90,2024-05-21,available,,,,,20.0,11.0,14.0,94.0,103.0,434.0
0,HAT216,CLT,MCO,06:00:00,07:30:00,90,2024-05-22,available,,,,,9.0,5.0,2.0,95.0,179.0,310.0
0,HAT216,CLT,MCO,06:00:00,07:30:00,90,2024-05-23,available,,,,,0.0,17.0,11.0,53.0,161.0,243.0
0,HAT216,CLT,MCO,06:00:00,07:30:00,90,2024-05-24,available,,,,,3.0,10.0,10.0,68.0,142.0,321.0
0,HAT216,CLT,MCO,06:00:00,07:30:00,90,2024-05-25,available,,,,,7.0,9.0,2.0,73.0,105.0,497.0
0,HAT216,CLT,MCO,06:00:00,07:30:00,90,2024-05-26,available,,,,,1.0,5.0,7.0,67.0,162.0,256.0
0,HAT216,CLT,MCO,06:00:00,07:30:00,90,2024-05-27,available,,,,,20.0,3.0,18.0,92.0,127.0,329.0
0,HAT216,CLT,MCO,06:00:00,07:30:00,90,2024-05-28,available,,,,,7.0,2.0,14.0,70.0,200.0,228.0
0,HAT216,CLT,MCO,06:00:00,07:30:00,90,2024-05-29,available,,,,,13.0,20.0,6.0,65.0,194.0,244.0
0,HAT216,CLT,MCO,06:00:00,07:30:00,90,2024-05-30,available,,,,,1.0,18.0,6.0,95.0,107.0,276.0
0,HAT217,LAX,LGA,07:00:00,09:00:00,120,2024-05-01,landed,2024-05-01T06:52:00,2024-05-01T09:38:00,,,,,,,,
0,HAT217,LAX,LGA,07:00:00,09:00:00,120,2024-05-02,landed,2024-05-02T07:40:00,2024-05-02T09:20:00,,,,,,,,
0,HAT217,LAX,LGA,07:00:00,09:00:00,120,2024-05-03,cancelled,,,,,,,,,,
0,HAT217,LAX,LGA,07:00:00,09:00:00,120,2024-05-04,landed,2024-05-04T07:32:00,2024-05-04T09:18:00,,,,,,,,
0,HAT217,LAX,LGA,07:00:00,09:00:00,120,2024-05-05,landed,2024-05-05T07:40:00,2024-05-05T09:21:00,,,,,,,,
0,HAT217,LAX,LGA,07:00:00,09:00:00,120,2024-05-06,landed,2024-05-06T07:01:00,2024-05-06T09:10:00,,,,,,,,
0,HAT217,LAX,LGA,07:00:00,09:00:00,120,2024-05-07,cancelled,,,,,,,,,,
0,HAT217,LAX,LGA,07:00:00,09:00:00,120,2024-05-08,landed,2024-05-08T07:32:00,2024-05-08T09:30:00,,,,,,,,
0,HAT217,LAX,LGA,07:00:00,09:00:00,120,2024-05-09,landed,2024-05-09T07:00:00,2024-05-09T09:40:00,,,,,,,,
0,HAT217,LAX,LGA,07:00:00,09:00:00,120,2024-05-10,landed,2024-05-10T06:52:00,2024-05-10T08:37:00,,,,,,,,
0,HAT217,LAX,LGA,07:00:00,09:00:00,120,2024-05-11,landed,2024-05-11T07:29:00,2024-05-11T09:32:00,,,,,,,,
0,HAT217,LAX,LGA,07:00:00,09:00:00,120,2024-05-12,landed,2024-05-12T07:22:00,2024-05-12T09:22:00,,,,,,,,
0,HAT217,LAX,LGA,07:00:00,09:00:00,120,2024-05-13,landed,2024-05-13T06:50:00,2024-05-13T08:56:00,,,,,,,,
0,HAT217,LAX,LGA,07:00:00,09:00:00,120,2024-05-14,landed,2024-05-14T06:42:00,2024-05-14T09:08:00,,,,,,,,
0,HAT217,LAX,LGA,07:00:00,09:00:00,120,2024-05-15,landed,2024-05-15T06:40:00,2024-05-15T09:04:00,,,,,,,,
0,HAT217,LAX,LGA,07:00:00,09:00:00,120,2024-05-16,available,,,,,3.0,6.0,20.0,93.0,168.0,377.0
0,HAT217,LAX,LGA,07:00:00,09:00:00,120,2024-05-17,available,,,,,5.0,17.0,11.0,64.0,134.0,395.0
0,HAT217,LAX,LGA,07:00:00,09:00:00,120,2024-05-18,available,,,,,11.0,1.0,14.0,54.0,166.0,391.0
0,HAT217,LAX,LGA,07:00:00,09:00:00,120,2024-05-19,available,,,,,12.0,20.0,9.0,56.0,188.0,351.0
0,HAT217,LAX,LGA,07:00:00,09:00:00,120,2024-05-20,available,,,,,1.0,7.0,6.0,78.0,123.0,421.0
0,HAT217,LAX,LGA,07:00:00,09:00:00,120,2024-05-21,available,,,,,18.0,12.0,7.0,58.0,158.0,301.0
0,HAT217,LAX,LGA,07:00:00,09:00:00,120,2024-05-22,available,,,,,18.0,15.0,0.0,82.0,146.0,299.0
0,HAT217,LAX,LGA,07:00:00,09:00:00,120,2024-05-23,available,,,,,10.0,19.0,6.0,82.0,142.0,384.0
0,HAT217,LAX,LGA,07:00:00,09:00:00,120,2024-05-24,available,,,,,18.0,16.0,2.0,58.0,178.0,328.0
0,HAT217,LAX,LGA,07:00:00,09:00:00,120,2024-05-25,available,,,,,18.0,11.0,1.0,52.0,197.0,446.0
0,HAT217,LAX,LGA,07:00:00,09:00:00,120,2024-05-26,available,,,,,2.0,4.0,12.0,84.0,163.0,284.0
0,HAT217,LAX,LGA,07:00:00,09:00:00,120,2024-05-27,available,,,,,16.0,2.0,8.0,93.0,138.0,363.0
0,HAT217,LAX,LGA,07:00:00,09:00:00,120,2024-05-28,available,,,,,5.0,6.0,6.0,100.0,160.0,263.0
0,HAT217,LAX,LGA,07:00:00,09:00:00,120,2024-05-29,available,,,,,10.0,5.0,2.0,58.0,103.0,317.0
0,HAT217,LAX,LGA,07:00:00,09:00:00,120,2024-05-30,available,,,,,14.0,20.0,13.0,98.0,160.0,379.0
0,HAT218,ATL,MIA,03:00:00,09:00:00,360,2024-05-01,cancelled,,,,,,,,,,
0,HAT218,ATL,MIA,03:00:00,09:00:00,360,2024-05-02,landed,2024-05-02T03:03:00,2024-05-02T09:45:00,,,,,,,,
0,HAT218,ATL,MIA,03:00:00,09:00:00,360,2024-05-03,landed,2024-05-03T02:57:00,2024-05-03T09:01:00,,,,,,,,
0,HAT218,ATL,MIA,03:00:00,09:00:00,360,2024-05-04,landed,2024-05-04T02:59:00,2024-05-04T09:39:00,,,,,,,,
0,HAT218,ATL,MIA,03:00:00,09:00:00,360,2024-05-05,landed,2024-05-05T02:53:00,2024-05-05T09:34:00,,,,,,,,
0,HAT218,ATL,MIA,03:00:00,09:00:00,360,2024-05-06,cancelled,,,,,,,,,,
0,HAT218,ATL,MIA,03:00:00,09:00:00,360,2024-05-07,landed,2024-05-07T02:56:00,2024-05-07T09:50:00,,,,,,,,
0,HAT218,ATL,MIA,03:00:00,09:00:00,360,2024-05-08,landed,2024-05-08T02:48:00,2024-05-08T09:17:00,,,,,,,,
0,HAT218,ATL,MIA,03:00:00,09:00:00,360,2024-05-09,landed,2024-05-09T02:41:00,2024-05-09T08:48:00,,,,,,,,
0,HAT218,ATL,MIA,03:00:00,09:00:00,360,2024-05-10,cancelled,,,,,,,,,,
0,HAT218,ATL,MIA,03:00:00,09:00:00,360,2024-05-11,landed,2024-05-11T03:12:00,2024-05-11T09:10:00,,,,,,,,
0,HAT218,ATL,MIA,03:00:00,09:00:00,360,2024-05-12,landed,2024-05-12T03:21:00,2024-05-12T09:13:00,,,,,,,,
0,HAT218,ATL,MIA,03:00:00,09:00:00,360,2024-05-13,landed,2024-05-13T03:38:00,2024-05-13T09:32:00,,,,,,,,
0,HAT218,ATL,MIA,03:00:00,09:00:00,360,2024-05-14,landed,2024-05-14T03:29:00,2024-05-14T09:21:00,,,,,,,,
0,HAT218,ATL,MIA,03:00:00,09:00:00,360,2024-05-15,landed,2024-05-15T03:24:00,2024-05-15T09:18:00,,,,,,,,
0,HAT218,ATL,MIA,03:00:00,09:00:00,360,2024-05-16,available,,,,,6.0,17.0,0.0,65.0,187.0,321.0
0,HAT218,ATL,MIA,03:00:00,09:00:00,360,2024-05-17,available,,,,,18.0,7.0,3.0,75.0,165.0,342.0
0,HAT218,ATL,MIA,03:00:00,09:00:00,360,2024-05-18,available,,,,,7.0,5.0,19.0,52.0,146.0,413.0
0,HAT218,ATL,MIA,03:00:00,09:00:00,360,2024-05-19,available,,,,,1.0,12.0,13.0,77.0,104.0,384.0
0,HAT218,ATL,MIA,03:00:00,09:00:00,360,2024-05-20,available,,,,,1.0,3.0,7.0,64.0,191.0,480.0
0,HAT218,ATL,MIA,03:00:00,09:00:00,360,2024-05-21,available,,,,,17.0,18.0,15.0,54.0,198.0,336.0
0,HAT218,ATL,MIA,03:00:00,09:00:00,360,2024-05-22,available,,,,,11.0,9.0,17.0,99.0,177.0,439.0
0,HAT218,ATL,MIA,03:00:00,09:00:00,360,2024-05-23,available,,,,,19.0,9.0,12.0,87.0,134.0,257.0
0,HAT218,ATL,MIA,03:00:00,09:00:00,360,2024-05-24,available,,,,,9.0,16.0,15.0,75.0,186.0,418.0
0,HAT218,ATL,MIA,03:00:00,09:00:00,360,2024-05-25,available,,,,,10.0,18.0,11.0,95.0,124.0,324.0
0,HAT218,ATL,MIA,03:00:00,09:00:00,360,2024-05-26,available,,,,,11.0,11.0,7.0,83.0,177.0,453.0
0,HAT218,ATL,MIA,03:00:00,09:00:00,360,2024-05-27,available,,,,,2.0,6.0,19.0,55.0,143.0,201.0
0,HAT218,ATL,MIA,03:00:00,09:00:00,360,2024-05-28,available,,,,,5.0,14.0,7.0,75.0,159.0,387.0
0,HAT218,ATL,MIA,03:00:00,09:00:00,360,2024-05-29,available,,,,,10.0,17.0,14.0,62.0,135.0,279.0
0,HAT218,ATL,MIA,03:00:00,09:00:00,360,2024-05-30,available,,,,,5.0,8.0,16.0,69.0,172.0,492.0
0,HAT219,JFK,DEN,04:00:00,08:30:00,270,2024-05-01,landed,2024-05-01T04:19:00,2024-05-01T09:23:00,,,,,,,,
0,HAT219,JFK,DEN,04:00:00,08:30:00,270,2024-05-02,landed,2024-05-02T03:49:00,2024-05-02T09:17:00,,,,,,,,
0,HAT219,JFK,DEN,04:00:00,08:30:00,270,2024-05-03,landed,2024-05-03T04:23:00,2024-05-03T09:09:00,,,,,,,,
0,HAT219,JFK,DEN,04:00:00,08:30:00,270,2024-05-04,landed,2024-05-04T04:11:00,2024-05-04T09:16:00,,,,,,,,
0,HAT219,JFK,DEN,04:00:00,08:30:00,270,2024-05-05,landed,2024-05-05T04:17:00,2024-05-05T08:15:00,,,,,,,,
0,HAT219,JFK,DEN,04:00:00,08:30:00,270,2024-05-06,landed,2024-05-06T03:49:00,2024-05-06T09:22:00,,,,,,,,
0,HAT219,JFK,DEN,04:00:00,08:30:00,270,2024-05-07,landed,2024-05-07T03:54:00,2024-05-07T09:14:00,,,,,,,,
0,HAT219,JFK,DEN,04:00:00,08:30:00,270,2024-05-08,landed,2024-05-08T04:31:00,2024-05-08T08:38:00,,,,,,,,
0,HAT219,JFK,DEN,04:00:00,08:30:00,270,2024-05-09,cancelled,,,,,,,,,,
0,HAT219,JFK,DEN,04:00:00,08:30:00,270,2024-05-10,landed,2024-05-10T04:16:00,2024-05-10T08:36:00,,,,,,,,
0,HAT219,JFK,DEN,04:00:00,08:30:00,270,2024-05-11,landed,2024-05-11T04:09:00,2024-05-11T08:49:00,,,,,,,,
0,HAT219,JFK,DEN,04:00:00,08:30:00,270,2024-05-12,landed,2024-05-12T04:33:00,2024-05-12T09:13:00,,,,,,,,
0,HAT219,JFK,DEN,04:00:00,08:30:00,270,2024-05-13,landed,2024-05-13T04:05:00,2024-05-13T09:21:00,,,,,,,,
0,HAT219,JFK,DEN,04:00:00,08:30:00,270,2024-05-14,landed,2024-05-14T03:51:00,2024-05-14T08:49:00,,,,,,,,
0,HAT219,JFK,DEN,04:00:00,08:30:00,270,2024-05-15,landed,2024-05-15T03:58:00,2024-05-15T08:11:00,,,,,,,,
0,HAT219,JFK,DEN,04:00:00,08:30:00,270,2024-05-16,available,,,,,5.0,6.0,16.0,50.0,180.0,405.0
0,HAT219,JFK,DEN,04:00:00,08:30:00,270,2024-05-17,available,,,,,20.0,5.0,16.0,51.0,184.0,448.0
0,HAT219,JFK,DEN,04:00:00,08:30:00,270,2024-05-18,available,,,,,1.0,16.0,13.0,59.0,114.0,238.0
0,HAT219,JFK,DEN,04:00:00,08:30:00,270,2024-05-19,available,,,,,19.0,15.0,0.0,84.0,195.0,436.0
0,HAT219,JFK,DEN,04:00:00,08:30:00,270,2024-05-20,available,,,,,4.0,4.0,20.0,78.0,121.0,430.0
0,HAT219,JFK,DEN,04:00:00,08:30:00,270,2024-05-21,available,,,,,12.0,11.0,14.0,98.0,138.0,315.0
0,HAT219,JFK,DEN,04:00:00,08:30:00,270,2024-05-22,available,,,,,18.0,9.0,14.0,91.0,181.0,429.0
0,HAT219,JFK,DEN,04:00:00,08:30:00,270,2024-05-23,available,,,,,2.0,5.0,20.0,86.0,190.0,340.0
0,HAT219,JFK,DEN,04:00:00,08:30:00,270,2024-05-24,available,,,,,17.0,9.0,7.0,85.0,152.0,280.0
0,HAT219,JFK,DEN,04:00:00,08:30:00,270,2024-05-25,available,,,,,19.0,12.0,16.0,87.0,198.0,482.0
0,HAT219,JFK,DEN,04:00:00,08:30:00,270,2024-05-26,available,,,,,7.0,1.0,6.0,63.0,167.0,245.0
0,HAT219,JFK,DEN,04:00:00,08:30:00,270,2024-05-27,available,,,,,17.0,6.0,18.0,79.0,103.0,499.0
0,HAT219,JFK,DEN,04:00:00,08:30:00,270,2024-05-28,available,,,,,7.0,4.0,2.0,84.0,103.0,287.0
0,HAT219,JFK,DEN,04:00:00,08:30:00,270,2024-05-29,available,,,,,19.0,8.0,6.0,98.0,178.0,368.0
0,HAT219,JFK,DEN,04:00:00,08:30:00,270,2024-05-30,available,,,,,1.0,13.0,2.0,82.0,120.0,223.0
0,HAT220,JFK,DEN,05:00:00,09:30:00,270,2024-05-01,landed,2024-05-01T05:05:00,2024-05-01T09:47:00,,,,,,,,
0,HAT220,JFK,DEN,05:00:00,09:30:00,270,2024-05-02,cancelled,,,,,,,,,,
0,HAT220,JFK,DEN,05:00:00,09:30:00,270,2024-05-03,landed,2024-05-03T05:12:00,2024-05-03T09:10:00,,,,,,,,
0,HAT220,JFK,DEN,05:00:00,09:30:00,270,2024-05-04,landed,2024-05-04T04:51:00,2024-05-04T09:59:00,,,,,,,,
0,HAT220,JFK,DEN,05:00:00,09:30:00,270,2024-05-05,landed,2024-05-05T04:46:00,2024-05-05T10:05:00,,,,,,,,
0,HAT220,JFK,DEN,05:00:00,09:30:00,270,2024-05-06,landed,2024-05-06T05:25:00,2024-05-06T09:05:00,,,,,,,,
0,HAT220,JFK,DEN,05:00:00,09:30:00,270,2024-05-07,landed,2024-05-07T05:37:00,2024-05-07T09:27:00,,,,,,,,
0,HAT220,JFK,DEN,05:00:00,09:30:00,270,2024-05-08,cancelled,,,,,,,,,,
0,HAT220,JFK,DEN,05:00:00,09:30:00,270,2024-05-09,landed,2024-05-09T04:51:00,2024-05-09T09:46:00,,,,,,,,
0,HAT220,JFK,DEN,05:00:00,09:30:00,270,2024-05-10,landed,2024-05-10T05:15:00,2024-05-10T09:59:00,,,,,,,,
0,HAT220,JFK,DEN,05:00:00,09:30:00,270,2024-05-11,landed,2024-05-11T04:43:00,2024-05-11T10:00:00,,,,,,,,
0,HAT220,JFK,DEN,05:00:00,09:30:00,270,2024-05-12,landed,2024-05-12T05:13:00,2024-05-12T09:46:00,,,,,,,,
0,HAT220,JFK,DEN,05:00:00,09:30:00,270,2024-05-13,landed,2024-05-13T05:24:00,2024-05-13T09:57:00,,,,,,,,
0,HAT220,JFK,DEN,05:00:00,09:30:00,270,2024-05-14,landed,2024-05-14T04:47:00,2024-05-14T09:33:00,,,,,,,,
0,HAT220,JFK,DEN,05:00:00,09:30:00,270,2024-05-15,landed,2024-05-15T05:16:00,2024-05-15T09:51:00,,,,,,,,
0,HAT220,JFK,DEN,05:00:00,09:30:00,270,2024-05-16,available,,,,,6.0,0.0,18.0,97.0,151.0,371.0
0,HAT220,JFK,DEN,05:00:00,09:30:00,270,2024-05-17,available,,,,,5.0,13.0,17.0,98.0,153.0,457.0
0,HAT220,JFK,DEN,05:00:00,09:30:00,270,2024-05-18,available,,,,,12.0,1.0,9.0,65.0,184.0,302.0
0,HAT220,JFK,DEN,05:00:00,09:30:00,270,2024-05-19,available,,,,,15.0,18.0,3.0,82.0,153.0,458.0
0,HAT220,JFK,DEN,05:00:00,09:30:00,270,2024-05-20,available,,,,,15.0,9.0,10.0,79.0,147.0,385.0
0,HAT220,JFK,DEN,05:00:00,09:30:00,270,2024-05-21,available,,,,,16.0,17.0,17.0,82.0,122.0,250.0
0,HAT220,JFK,DEN,05:00:00,09:30:00,270,2024-05-22,available,,,,,15.0,14.0,5.0,50.0,163.0,274.0
0,HAT220,JFK,DEN,05:00:00,09:30:00,270,2024-05-23,available,,,,,5.0,10.0,16.0,97.0,140.0,401.0
0,HAT220,JFK,DEN,05:00:00,09:30:00,270,2024-05-24,available,,,,,5.0,6.0,9.0,65.0,106.0,260.0
0,HAT220,JFK,DEN,05:00:00,09:30:00,270,2024-05-25,available,,,,,2.0,16.0,8.0,67.0,158.0,438.0
0,HAT220,JFK,DEN,05:00:00,09:30:00,270,2024-05-26,available,,,,,20.0,19.0,20.0,68.0,136.0,266.0
0,HAT220,JFK,DEN,05:00:00,09:30:00,270,2024-05-27,available,,,,,18.0,13.0,3.0,55.0,138.0,296.0
0,HAT220,JFK,DEN,05:00:00,09:30:00,270,2024-05-28,available,,,,,9.0,10.0,0.0,53.0,143.0,337.0
0,HAT220,JFK,DEN,05:00:00,09:30:00,270,2024-05-29,available,,,,,8.0,19.0,6.0,96.0,162.0,453.0
0,HAT220,JFK,DEN,05:00:00,09:30:00,270,2024-05-30,available,,,,,20.0,16.0,6.0,79.0,169.0,282.0
0,HAT221,LGA,BOS,17:00:00,20:00:00,180,2024-05-01,landed,2024-05-01T17:27:00,2024-05-01T20:04:00,,,,,,,,
0,HAT221,LGA,BOS,17:00:00,20:00:00,180,2024-05-02,landed,2024-05-02T17:24:00,2024-05-02T19:52:00,,,,,,,,
0,HAT221,LGA,BOS,17:00:00,20:00:00,180,2024-05-03,landed,2024-05-03T17:03:00,2024-05-03T20:21:00,,,,,,,,
0,HAT221,LGA,BOS,17:00:00,20:00:00,180,2024-05-04,cancelled,,,,,,,,,,
0,HAT221,LGA,BOS,17:00:00,20:00:00,180,2024-05-05,cancelled,,,,,,,,,,
0,HAT221,LGA,BOS,17:00:00,20:00:00,180,2024-05-06,landed,2024-05-06T17:34:00,2024-05-06T20:02:00,,,,,,,,
0,HAT221,LGA,BOS,17:00:00,20:00:00,180,2024-05-07,landed,2024-05-07T17:28:00,2024-05-07T20:18:00,,,,,,,,
0,HAT221,LGA,BOS,17:00:00,20:00:00,180,2024-05-08,landed,2024-05-08T17:31:00,2024-05-08T20:42:00,,,,,,,,
0,HAT221,LGA,BOS,17:00:00,20:00:00,180,2024-05-09,landed,2024-05-09T16:40:00,2024-05-09T20:30:00,,,,,,,,
0,HAT221,LGA,BOS,17:00:00,20:00:00,180,2024-05-10,cancelled,,,,,,,,,,
0,HAT221,LGA,BOS,17:00:00,20:00:00,180,2024-05-11,landed,2024-05-11T17:39:00,2024-05-11T20:10:00,,,,,,,,
0,HAT221,LGA,BOS,17:00:00,20:00:00,180,2024-05-12,landed,2024-05-12T16:51:00,2024-05-12T19:39:00,,,,,,,,
0,HAT221,LGA,BOS,17:00:00,20:00:00,180,2024-05-13,landed,2024-05-13T16:58:00,2024-05-13T20:43:00,,,,,,,,
0,HAT221,LGA,BOS,17:00:00,20:00:00,180,2024-05-14,landed,2024-05-14T17:13:00,2024-05-14T20:15:00,,,,,,,,
0,HAT221,LGA,BOS,17:00:00,20:00:00,180,2024-05-15,on time,,,2024-05-15T17:12:00,2024-05-15T20:25:00,,,,,,
0,HAT221,LGA,BOS,17:00:00,20:00:00,180,2024-05-16,available,,,,,18.0,13.0,0.0,79.0,167.0,429.0
0,HAT221,LGA,BOS,17:00:00,20:00:00,180,2024-05-17,available,,,,,5.0,7.0,4.0,58.0,194.0,358.0
0,HAT221,LGA,BOS,17:00:00,20:00:00,180,2024-05-18,available,,,,,4.0,20.0,15.0,59.0,146.0,360.0
0,HAT221,LGA,BOS,17:00:00,20:00:00,180,2024-05-19,available,,,,,19.0,0.0,14.0,99.0,157.0,210.0
0,HAT221,LGA,BOS,17:00:00,20:00:00,180,2024-05-20,available,,,,,8.0,18.0,20.0,84.0,174.0,496.0
0,HAT221,LGA,BOS,17:00:00,20:00:00,180,2024-05-21,available,,,,,10.0,1.0,19.0,86.0,162.0,316.0
0,HAT221,LGA,BOS,17:00:00,20:00:00,180,2024-05-22,available,,,,,2.0,9.0,15.0,61.0,144.0,367.0
0,HAT221,LGA,BOS,17:00:00,20:00:00,180,2024-05-23,available,,,,,1.0,6.0,15.0,97.0,159.0,392.0
0,HAT221,LGA,BOS,17:00:00,20:00:00,180,2024-05-24,available,,,,,5.0,11.0,0.0,54.0,192.0,489.0
0,HAT221,LGA,BOS,17:00:00,20:00:00,180,2024-05-25,available,,,,,15.0,8.0,0.0,70.0,108.0,397.0
0,HAT221,LGA,BOS,17:00:00,20:00:00,180,2024-05-26,available,,,,,16.0,9.0,15.0,79.0,134.0,205.0
0,HAT221,LGA,BOS,17:00:00,20:00:00,180,2024-05-27,available,,,,,17.0,13.0,15.0,83.0,123.0,219.0
0,HAT221,LGA,BOS,17:00:00,20:00:00,180,2024-05-28,available,,,,,19.0,12.0,10.0,94.0,110.0,353.0
0,HAT221,LGA,BOS,17:00:00,20:00:00,180,2024-05-29,available,,,,,19.0,5.0,19.0,52.0,185.0,499.0
0,HAT221,LGA,BOS,17:00:00,20:00:00,180,2024-05-30,available,,,,,11.0,9.0,12.0,53.0,116.0,414.0
0,HAT222,LGA,BOS,06:00:00,09:00:00,180,2024-05-01,landed,2024-05-01T06:06:00,2024-05-01T09:16:00,,,,,,,,
0,HAT222,LGA,BOS,06:00:00,09:00:00,180,2024-05-02,landed,2024-05-02T05:48:00,2024-05-02T09:30:00,,,,,,,,
0,HAT222,LGA,BOS,06:00:00,09:00:00,180,2024-05-03,landed,2024-05-03T05:47:00,2024-05-03T09:36:00,,,,,,,,
0,HAT222,LGA,BOS,06:00:00,09:00:00,180,2024-05-04,landed,2024-05-04T06:34:00,2024-05-04T08:36:00,,,,,,,,
0,HAT222,LGA,BOS,06:00:00,09:00:00,180,2024-05-05,landed,2024-05-05T06:29:00,2024-05-05T09:52:00,,,,,,,,
0,HAT222,LGA,BOS,06:00:00,09:00:00,180,2024-05-06,landed,2024-05-06T06:28:00,2024-05-06T09:48:00,,,,,,,,
0,HAT222,LGA,BOS,06:00:00,09:00:00,180,2024-05-07,landed,2024-05-07T06:36:00,2024-05-07T08:59:00,,,,,,,,
0,HAT222,LGA,BOS,06:00:00,09:00:00,180,2024-05-08,landed,2024-05-08T06:01:00,2024-05-08T09:50:00,,,,,,,,
0,HAT222,LGA,BOS,06:00:00,09:00:00,180,2024-05-09,landed,2024-05-09T06:32:00,2024-05-09T09:42:00,,,,,,,,
0,HAT222,LGA,BOS,06:00:00,09:00:00,180,2024-05-10,landed,2024-05-10T06:29:00,2024-05-10T09:16:00,,,,,,,,
0,HAT222,LGA,BOS,06:00:00,09:00:00,180,2024-05-11,landed,2024-05-11T05:45:00,2024-05-11T09:11:00,,,,,,,,
0,HAT222,LGA,BOS,06:00:00,09:00:00,180,2024-05-12,landed,2024-05-12T05:41:00,2024-05-12T09:29:00,,,,,,,,
0,HAT222,LGA,BOS,06:00:00,09:00:00,180,2024-05-13,landed,2024-05-13T06:17:00,2024-05-13T09:51:00,,,,,,,,
0,HAT222,LGA,BOS,06:00:00,09:00:00,180,2024-05-14,cancelled,,,,,,,,,,
0,HAT222,LGA,BOS,06:00:00,09:00:00,180,2024-05-15,landed,2024-05-15T06:28:00,2024-05-15T08:49:00,,,,,,,,
0,HAT222,LGA,BOS,06:00:00,09:00:00,180,2024-05-16,available,,,,,11.0,6.0,0.0,82.0,190.0,326.0
0,HAT222,LGA,BOS,06:00:00,09:00:00,180,2024-05-17,available,,,,,14.0,12.0,3.0,78.0,185.0,401.0
0,HAT222,LGA,BOS,06:00:00,09:00:00,180,2024-05-18,available,,,,,11.0,16.0,19.0,91.0,171.0,234.0
0,HAT222,LGA,BOS,06:00:00,09:00:00,180,2024-05-19,available,,,,,8.0,17.0,2.0,56.0,132.0,443.0
0,HAT222,LGA,BOS,06:00:00,09:00:00,180,2024-05-20,available,,,,,13.0,7.0,19.0,86.0,173.0,350.0
0,HAT222,LGA,BOS,06:00:00,09:00:00,180,2024-05-21,available,,,,,8.0,17.0,0.0,50.0,199.0,221.0
0,HAT222,LGA,BOS,06:00:00,09:00:00,180,2024-05-22,available,,,,,0.0,8.0,0.0,100.0,141.0,490.0
0,HAT222,LGA,BOS,06:00:00,09:00:00,180,2024-05-23,available,,,,,2.0,13.0,3.0,80.0,125.0,401.0
0,HAT222,LGA,BOS,06:00:00,09:00:00,180,2024-05-24,available,,,,,3.0,2.0,16.0,58.0,154.0,356.0
0,HAT222,LGA,BOS,06:00:00,09:00:00,180,2024-05-25,available,,,,,9.0,4.0,1.0,83.0,178.0,296.0
0,HAT222,LGA,BOS,06:00:00,09:00:00,180,2024-05-26,available,,,,,0.0,14.0,9.0,99.0,180.0,298.0
0,HAT222,LGA,BOS,06:00:00,09:00:00,180,2024-05-27,available,,,,,20.0,14.0,1.0,60.0,116.0,286.0
0,HAT222,LGA,BOS,06:00:00,09:00:00,180,2024-05-28,available,,,,,0.0,0.0,17.0,59.0,116.0,344.0
0,HAT222,LGA,BOS,06:00:00,09:00:00,180,2024-05-29,available,,,,,12.0,6.0,2.0,57.0,150.0,438.0
0,HAT222,LGA,BOS,06:00:00,09:00:00,180,2024-05-30,available,,,,,1.0,17.0,19.0,87.0,101.0,416.0
0,HAT223,PHX,MSP,23:00:00,02:00:00+1,180,2024-05-01,landed,2024-05-01T23:17:00,2024-05-02T02:19:00,,,,,,,,
0,HAT223,PHX,MSP,23:00:00,02:00:00+1,180,2024-05-02,landed,2024-05-02T23:11:00,2024-05-03T01:49:00,,,,,,,,
0,HAT223,PHX,MSP,23:00:00,02:00:00+1,180,2024-05-03,cancelled,,,,,,,,,,
0,HAT223,PHX,MSP,23:00:00,02:00:00+1,180,2024-05-04,landed,2024-05-04T22:49:00,2024-05-05T02:02:00,,,,,,,,
0,HAT223,PHX,MSP,23:00:00,02:00:00+1,180,2024-05-05,landed,2024-05-05T22:49:00,2024-05-06T01:42:00,,,,,,,,
0,HAT223,PHX,MSP,23:00:00,02:00:00+1,180,2024-05-06,landed,2024-05-06T22:54:00,2024-05-07T02:05:00,,,,,,,,
0,HAT223,PHX,MSP,23:00:00,02:00:00+1,180,2024-05-07,landed,2024-05-07T23:23:00,2024-05-08T02:04:00,,,,,,,,
0,HAT223,PHX,MSP,23:00:00,02:00:00+1,180,2024-05-08,landed,2024-05-08T23:37:00,2024-05-09T01:54:00,,,,,,,,
0,HAT223,PHX,MSP,23:00:00,02:00:00+1,180,2024-05-09,landed,2024-05-09T23:13:00,2024-05-10T02:21:00,,,,,,,,
0,HAT223,PHX,MSP,23:00:00,02:00:00+1,180,2024-05-10,landed,2024-05-10T23:09:00,2024-05-11T02:07:00,,,,,,,,
0,HAT223,PHX,MSP,23:00:00,02:00:00+1,180,2024-05-11,landed,2024-05-11T23:36:00,2024-05-12T01:58:00,,,,,,,,
0,HAT223,PHX,MSP,23:00:00,02:00:00+1,180,2024-05-12,cancelled,,,,,,,,,,
0,HAT223,PHX,MSP,23:00:00,02:00:00+1,180,2024-05-13,landed,2024-05-13T23:14:00,2024-05-14T02:51:00,,,,,,,,
0,HAT223,PHX,MSP,23:00:00,02:00:00+1,180,2024-05-14,landed,2024-05-14T23:09:00,2024-05-15T02:10:00,,,,,,,,
0,HAT223,PHX,MSP,23:00:00,02:00:00+1,180,2024-05-15,on time,,,2024-05-15T22:44:00,2024-05-16T01:56:00,,,,,,
0,HAT223,PHX,MSP,23:00:00,02:00:00+1,180,2024-05-16,available,,,,,0.0,17.0,17.0,63.0,191.0,419.0
0,HAT223,PHX,MSP,23:00:00,02:00:00+1,180,2024-05-17,available,,,,,18.0,7.0,17.0,60.0,102.0,296.0
0,HAT223,PHX,MSP,23:00:00,02:00:00+1,180,2024-05-18,available,,,,,0.0,8.0,16.0,76.0,164.0,366.0
0,HAT223,PHX,MSP,23:00:00,02:00:00+1,180,2024-05-19,available,,,,,15.0,2.0,17.0,61.0,163.0,389.0
0,HAT223,PHX,MSP,23:00:00,02:00:00+1,180,2024-05-20,available,,,,,3.0,11.0,2.0,97.0,127.0,483.0
0,HAT223,PHX,MSP,23:00:00,02:00:00+1,180,2024-05-21,available,,,,,12.0,18.0,15.0,79.0,144.0,314.0
0,HAT223,PHX,MSP,23:00:00,02:00:00+1,180,2024-05-22,available,,,,,1.0,17.0,4.0,55.0,142.0,392.0
0,HAT223,PHX,MSP,23:00:00,02:00:00+1,180,2024-05-23,available,,,,,13.0,1.0,17.0,75.0,129.0,356.0
0,HAT223,PHX,MSP,23:00:00,02:00:00+1,180,2024-05-24,available,,,,,18.0,3.0,15.0,95.0,187.0,209.0
0,HAT223,PHX,MSP,23:00:00,02:00:00+1,180,2024-05-25,available,,,,,4.0,18.0,17.0,98.0,145.0,423.0
0,HAT223,PHX,MSP,23:00:00,02:00:00+1,180,2024-05-26,available,,,,,1.0,19.0,3.0,63.0,138.0,294.0
0,HAT223,PHX,MSP,23:00:00,02:00:00+1,180,2024-05-27,available,,,,,4.0,13.0,20.0,85.0,128.0,297.0
0,HAT223,PHX,MSP,23:00:00,02:00:00+1,180,2024-05-28,available,,,,,18.0,11.0,3.0,51.0,151.0,467.0
0,HAT223,PHX,MSP,23:00:00,02:00:00+1,180,2024-05-29,available,,,,,20.0,14.0,0.0,98.0,101.0,407.0
0,HAT223,PHX,MSP,23:00:00,02:00:00+1,180,2024-05-30,available,,,,,6.0,12.0,13.0,82.0,153.0,264.0
0,HAT224,PHX,MSP,21:00:00,00:00:00+1,180,2024-05-01,landed,2024-05-01T21:32:00,2024-05-01T23:40:00,,,,,,,,
0,HAT224,PHX,MSP,21:00:00,00:00:00+1,180,2024-05-02,landed,2024-05-02T21:30:00,2024-05-03T00:12:00,,,,,,,,
0,HAT224,PHX,MSP,21:00:00,00:00:00+1,180,2024-05-03,landed,2024-05-03T21:08:00,2024-05-03T23:58:00,,,,,,,,
0,HAT224,PHX,MSP,21:00:00,00:00:00+1,180,2024-05-04,landed,2024-05-04T21:40:00,2024-05-04T23:46:00,,,,,,,,
0,HAT224,PHX,MSP,21:00:00,00:00:00+1,180,2024-05-05,cancelled,,,,,,,,,,
0,HAT224,PHX,MSP,21:00:00,00:00:00+1,180,2024-05-06,landed,2024-05-06T21:28:00,2024-05-06T23:43:00,,,,,,,,
0,HAT224,PHX,MSP,21:00:00,00:00:00+1,180,2024-05-07,landed,2024-05-07T21:32:00,2024-05-07T23:53:00,,,,,,,,
0,HAT224,PHX,MSP,21:00:00,00:00:00+1,180,2024-05-08,landed,2024-05-08T21:40:00,2024-05-08T23:57:00,,,,,,,,
0,HAT224,PHX,MSP,21:00:00,00:00:00+1,180,2024-05-09,landed,2024-05-09T21:00:00,2024-05-09T23:56:00,,,,,,,,
0,HAT224,PHX,MSP,21:00:00,00:00:00+1,180,2024-05-10,landed,2024-05-10T21:10:00,2024-05-10T23:49:00,,,,,,,,
0,HAT224,PHX,MSP,21:00:00,00:00:00+1,180,2024-05-11,landed,2024-05-11T21:14:00,2024-05-12T00:10:00,,,,,,,,
0,HAT224,PHX,MSP,21:00:00,00:00:00+1,180,2024-05-12,landed,2024-05-12T21:09:00,2024-05-12T23:45:00,,,,,,,,
0,HAT224,PHX,MSP,21:00:00,00:00:00+1,180,2024-05-13,landed,2024-05-13T21:23:00,2024-05-14T00:11:00,,,,,,,,
0,HAT224,PHX,MSP,21:00:00,00:00:00+1,180,2024-05-14,landed,2024-05-14T21:13:00,2024-05-15T00:00:00,,,,,,,,
0,HAT224,PHX,MSP,21:00:00,00:00:00+1,180,2024-05-15,delayed,,,2024-05-15T22:08:00,2024-05-16T02:29:00,,,,,,
0,HAT224,PHX,MSP,21:00:00,00:00:00+1,180,2024-05-16,available,,,,,16.0,20.0,10.0,69.0,121.0,218.0
0,HAT224,PHX,MSP,21:00:00,00:00:00+1,180,2024-05-17,available,,,,,4.0,4.0,20.0,90.0,111.0,422.0
0,HAT224,PHX,MSP,21:00:00,00:00:00+1,180,2024-05-18,available,,,,,0.0,4.0,15.0,52.0,130.0,373.0
0,HAT224,PHX,MSP,21:00:00,00:00:00+1,180,2024-05-19,available,,,,,11.0,8.0,13.0,52.0,162.0,213.0
0,HAT224,PHX,MSP,21:00:00,00:00:00+1,180,2024-05-20,available,,,,,16.0,11.0,19.0,96.0,100.0,233.0
0,HAT224,PHX,MSP,21:00:00,00:00:00+1,180,2024-05-21,available,,,,,17.0,12.0,16.0,66.0,182.0,301.0
0,HAT224,PHX,MSP,21:00:00,00:00:00+1,180,2024-05-22,available,,,,,13.0,10.0,18.0,57.0,178.0,216.0
0,HAT224,PHX,MSP,21:00:00,00:00:00+1,180,2024-05-23,available,,,,,8.0,6.0,11.0,82.0,135.0,483.0
0,HAT224,PHX,MSP,21:00:00,00:00:00+1,180,2024-05-24,available,,,,,3.0,4.0,4.0,89.0,107.0,363.0
0,HAT224,PHX,MSP,21:00:00,00:00:00+1,180,2024-05-25,available,,,,,1.0,5.0,18.0,61.0,137.0,284.0
0,HAT224,PHX,MSP,21:00:00,00:00:00+1,180,2024-05-26,available,,,,,19.0,12.0,11.0,87.0,160.0,288.0
0,HAT224,PHX,MSP,21:00:00,00:00:00+1,180,2024-05-27,available,,,,,0.0,15.0,3.0,60.0,184.0,438.0
0,HAT224,PHX,MSP,21:00:00,00:00:00+1,180,2024-05-28,available,,,,,13.0,7.0,14.0,77.0,132.0,424.0
0,HAT224,PHX,MSP,21:00:00,00:00:00+1,180,2024-05-29,available,,,,,18.0,18.0,2.0,90.0,190.0,400.0
0,HAT224,PHX,MSP,21:00:00,00:00:00+1,180,2024-05-30,available,,,,,14.0,4.0,3.0,95.0,178.0,282.0
0,HAT225,PHX,MSP,06:00:00,09:00:00,180,2024-05-01,landed,2024-05-01T06:08:00,2024-05-01T08:39:00,,,,,,,,
0,HAT225,PHX,MSP,06:00:00,09:00:00,180,2024-05-02,landed,2024-05-02T05:56:00,2024-05-02T09:43:00,,,,,,,,
0,HAT225,PHX,MSP,06:00:00,09:00:00,180,2024-05-03,cancelled,,,,,,,,,,
0,HAT225,PHX,MSP,06:00:00,09:00:00,180,2024-05-04,landed,2024-05-04T05:58:00,2024-05-04T09:02:00,,,,,,,,
0,HAT225,PHX,MSP,06:00:00,09:00:00,180,2024-05-05,landed,2024-05-05T06:11:00,2024-05-05T08:36:00,,,,,,,,
0,HAT225,PHX,MSP,06:00:00,09:00:00,180,2024-05-06,landed,2024-05-06T05:45:00,2024-05-06T08:41:00,,,,,,,,
0,HAT225,PHX,MSP,06:00:00,09:00:00,180,2024-05-07,landed,2024-05-07T06:40:00,2024-05-07T08:39:00,,,,,,,,
0,HAT225,PHX,MSP,06:00:00,09:00:00,180,2024-05-08,landed,2024-05-08T06:32:00,2024-05-08T08:37:00,,,,,,,,
0,HAT225,PHX,MSP,06:00:00,09:00:00,180,2024-05-09,landed,2024-05-09T06:07:00,2024-05-09T09:26:00,,,,,,,,
0,HAT225,PHX,MSP,06:00:00,09:00:00,180,2024-05-10,landed,2024-05-10T06:07:00,2024-05-10T09:12:00,,,,,,,,
0,HAT225,PHX,MSP,06:00:00,09:00:00,180,2024-05-11,landed,2024-05-11T06:14:00,2024-05-11T09:16:00,,,,,,,,
0,HAT225,PHX,MSP,06:00:00,09:00:00,180,2024-05-12,landed,2024-05-12T05:58:00,2024-05-12T08:52:00,,,,,,,,
0,HAT225,PHX,MSP,06:00:00,09:00:00,180,2024-05-13,landed,2024-05-13T05:46:00,2024-05-13T08:55:00,,,,,,,,
0,HAT225,PHX,MSP,06:00:00,09:00:00,180,2024-05-14,landed,2024-05-14T06:02:00,2024-05-14T08:46:00,,,,,,,,
0,HAT225,PHX,MSP,06:00:00,09:00:00,180,2024-05-15,landed,2024-05-15T06:12:00,2024-05-15T08:59:00,,,,,,,,
0,HAT225,PHX,MSP,06:00:00,09:00:00,180,2024-05-16,available,,,,,4.0,20.0,9.0,92.0,166.0,388.0
0,HAT225,PHX,MSP,06:00:00,09:00:00,180,2024-05-17,available,,,,,19.0,17.0,19.0,88.0,166.0,363.0
0,HAT225,PHX,MSP,06:00:00,09:00:00,180,2024-05-18,available,,,,,13.0,1.0,8.0,53.0,125.0,481.0
0,HAT225,PHX,MSP,06:00:00,09:00:00,180,2024-05-19,available,,,,,8.0,19.0,11.0,84.0,157.0,427.0
0,HAT225,PHX,MSP,06:00:00,09:00:00,180,2024-05-20,available,,,,,6.0,3.0,9.0,88.0,159.0,350.0
0,HAT225,PHX,MSP,06:00:00,09:00:00,180,2024-05-21,available,,,,,18.0,4.0,20.0,51.0,186.0,365.0
0,HAT225,PHX,MSP,06:00:00,09:00:00,180,2024-05-22,available,,,,,19.0,4.0,19.0,85.0,149.0,331.0
0,HAT225,PHX,MSP,06:00:00,09:00:00,180,2024-05-23,available,,,,,3.0,8.0,4.0,75.0,158.0,261.0
0,HAT225,PHX,MSP,06:00:00,09:00:00,180,2024-05-24,available,,,,,19.0,14.0,18.0,85.0,198.0,388.0
0,HAT225,PHX,MSP,06:00:00,09:00:00,180,2024-05-25,available,,,,,5.0,10.0,19.0,57.0,191.0,467.0
0,HAT225,PHX,MSP,06:00:00,09:00:00,180,2024-05-26,available,,,,,20.0,9.0,9.0,81.0,102.0,418.0
0,HAT225,PHX,MSP,06:00:00,09:00:00,180,2024-05-27,available,,,,,8.0,1.0,16.0,77.0,127.0,402.0
0,HAT225,PHX,MSP,06:00:00,09:00:00,180,2024-05-28,available,,,,,13.0,8.0,9.0,66.0,165.0,239.0
0,HAT225,PHX,MSP,06:00:00,09:00:00,180,2024-05-29,available,,,,,2.0,15.0,13.0,78.0,140.0,279.0
0,HAT225,PHX,MSP,06:00:00,09:00:00,180,2024-05-30,available,,,,,1.0,7.0,4.0,66.0,195.0,409.0
0,HAT226,IAH,LAX,06:00:00,09:00:00,180,2024-05-01,landed,2024-05-01T06:24:00,2024-05-01T08:51:00,,,,,,,,
0,HAT226,IAH,LAX,06:00:00,09:00:00,180,2024-05-02,landed,2024-05-02T05:57:00,2024-05-02T08:43:00,,,,,,,,
0,HAT226,IAH,LAX,06:00:00,09:00:00,180,2024-05-03,landed,2024-05-03T06:34:00,2024-05-03T09:13:00,,,,,,,,
0,HAT226,IAH,LAX,06:00:00,09:00:00,180,2024-05-04,landed,2024-05-04T06:30:00,2024-05-04T09:41:00,,,,,,,,
0,HAT226,IAH,LAX,06:00:00,09:00:00,180,2024-05-05,landed,2024-05-05T06:10:00,2024-05-05T08:55:00,,,,,,,,
0,HAT226,IAH,LAX,06:00:00,09:00:00,180,2024-05-06,landed,2024-05-06T06:14:00,2024-05-06T09:10:00,,,,,,,,
0,HAT226,IAH,LAX,06:00:00,09:00:00,180,2024-05-07,landed,2024-05-07T06:16:00,2024-05-07T09:43:00,,,,,,,,
0,HAT226,IAH,LAX,06:00:00,09:00:00,180,2024-05-08,landed,2024-05-08T06:10:00,2024-05-08T08:42:00,,,,,,,,
0,HAT226,IAH,LAX,06:00:00,09:00:00,180,2024-05-09,landed,2024-05-09T06:24:00,2024-05-09T09:29:00,,,,,,,,
0,HAT226,IAH,LAX,06:00:00,09:00:00,180,2024-05-10,landed,2024-05-10T05:40:00,2024-05-10T09:14:00,,,,,,,,
0,HAT226,IAH,LAX,06:00:00,09:00:00,180,2024-05-11,landed,2024-05-11T06:34:00,2024-05-11T09:28:00,,,,,,,,
0,HAT226,IAH,LAX,06:00:00,09:00:00,180,2024-05-12,landed,2024-05-12T06:30:00,2024-05-12T08:48:00,,,,,,,,
0,HAT226,IAH,LAX,06:00:00,09:00:00,180,2024-05-13,landed,2024-05-13T06:18:00,2024-05-13T08:51:00,,,,,,,,
0,HAT226,IAH,LAX,06:00:00,09:00:00,180,2024-05-14,cancelled,,,,,,,,,,
0,HAT226,IAH,LAX,06:00:00,09:00:00,180,2024-05-15,landed,2024-05-15T06:15:00,2024-05-15T08:38:00,,,,,,,,
0,HAT226,IAH,LAX,06:00:00,09:00:00,180,2024-05-16,available,,,,,14.0,13.0,16.0,78.0,200.0,301.0
0,HAT226,IAH,LAX,06:00:00,09:00:00,180,2024-05-17,available,,,,,16.0,11.0,1.0,79.0,180.0,491.0
0,HAT226,IAH,LAX,06:00:00,09:00:00,180,2024-05-18,available,,,,,13.0,3.0,3.0,100.0,179.0,331.0
0,HAT226,IAH,LAX,06:00:00,09:00:00,180,2024-05-19,available,,,,,8.0,5.0,6.0,99.0,112.0,287.0
0,HAT226,IAH,LAX,06:00:00,09:00:00,180,2024-05-20,available,,,,,19.0,10.0,15.0,61.0,122.0,471.0
0,HAT226,IAH,LAX,06:00:00,09:00:00,180,2024-05-21,available,,,,,2.0,17.0,15.0,75.0,112.0,350.0
0,HAT226,IAH,LAX,06:00:00,09:00:00,180,2024-05-22,available,,,,,13.0,8.0,19.0,63.0,153.0,483.0
0,HAT226,IAH,LAX,06:00:00,09:00:00,180,2024-05-23,available,,,,,1.0,19.0,1.0,91.0,139.0,332.0
0,HAT226,IAH,LAX,06:00:00,09:00:00,180,2024-05-24,available,,,,,19.0,16.0,16.0,59.0,164.0,343.0
0,HAT226,IAH,LAX,06:00:00,09:00:00,180,2024-05-25,available,,,,,4.0,12.0,4.0,83.0,136.0,440.0
0,HAT226,IAH,LAX,06:00:00,09:00:00,180,2024-05-26,available,,,,,10.0,10.0,19.0,69.0,118.0,203.0
0,HAT226,IAH,LAX,06:00:00,09:00:00,180,2024-05-27,available,,,,,18.0,14.0,9.0,100.0,152.0,267.0
0,HAT226,IAH,LAX,06:00:00,09:00:00,180,2024-05-28,available,,,,,14.0,16.0,12.0,94.0,112.0,344.0
0,HAT226,IAH,LAX,06:00:00,09:00:00,180,2024-05-29,available,,,,,5.0,0.0,18.0,88.0,123.0,498.0
0,HAT226,IAH,LAX,06:00:00,09:00:00,180,2024-05-30,available,,,,,20.0,16.0,6.0,76.0,122.0,311.0
0,HAT227,IAH,LAX,16:00:00,19:00:00,180,2024-05-01,cancelled,,,,,,,,,,
0,HAT227,IAH,LAX,16:00:00,19:00:00,180,2024-05-02,landed,2024-05-02T16:14:00,2024-05-02T19:27:00,,,,,,,,
0,HAT227,IAH,LAX,16:00:00,19:00:00,180,2024-05-03,landed,2024-05-03T16:38:00,2024-05-03T19:22:00,,,,,,,,
0,HAT227,IAH,LAX,16:00:00,19:00:00,180,2024-05-04,landed,2024-05-04T16:40:00,2024-05-04T18:57:00,,,,,,,,
0,HAT227,IAH,LAX,16:00:00,19:00:00,180,2024-05-05,landed,2024-05-05T15:43:00,2024-05-05T19:22:00,,,,,,,,
0,HAT227,IAH,LAX,16:00:00,19:00:00,180,2024-05-06,landed,2024-05-06T16:05:00,2024-05-06T19:21:00,,,,,,,,
0,HAT227,IAH,LAX,16:00:00,19:00:00,180,2024-05-07,landed,2024-05-07T15:51:00,2024-05-07T19:02:00,,,,,,,,
0,HAT227,IAH,LAX,16:00:00,19:00:00,180,2024-05-08,landed,2024-05-08T16:30:00,2024-05-08T19:22:00,,,,,,,,
0,HAT227,IAH,LAX,16:00:00,19:00:00,180,2024-05-09,cancelled,,,,,,,,,,
0,HAT227,IAH,LAX,16:00:00,19:00:00,180,2024-05-10,landed,2024-05-10T15:51:00,2024-05-10T18:43:00,,,,,,,,
0,HAT227,IAH,LAX,16:00:00,19:00:00,180,2024-05-11,landed,2024-05-11T16:13:00,2024-05-11T19:30:00,,,,,,,,
0,HAT227,IAH,LAX,16:00:00,19:00:00,180,2024-05-12,landed,2024-05-12T15:59:00,2024-05-12T18:53:00,,,,,,,,
0,HAT227,IAH,LAX,16:00:00,19:00:00,180,2024-05-13,landed,2024-05-13T15:41:00,2024-05-13T19:38:00,,,,,,,,
0,HAT227,IAH,LAX,16:00:00,19:00:00,180,2024-05-14,landed,2024-05-14T15:59:00,2024-05-14T19:17:00,,,,,,,,
0,HAT227,IAH,LAX,16:00:00,19:00:00,180,2024-05-15,on time,,,2024-05-15T15:58:00,2024-05-15T18:50:00,,,,,,
0,HAT227,IAH,LAX,16:00:00,19:00:00,180,2024-05-16,available,,,,,0.0,9.0,3.0,61.0,167.0,435.0
0,HAT227,IAH,LAX,16:00:00,19:00:00,180,2024-05-17,available,,,,,10.0,19.0,17.0,61.0,122.0,452.0
0,HAT227,IAH,LAX,16:00:00,19:00:00,180,2024-05-18,available,,,,,15.0,5.0,18.0,60.0,100.0,449.0
0,HAT227,IAH,LAX,16:00:00,19:00:00,180,2024-05-19,available,,,,,11.0,10.0,7.0,85.0,193.0,379.0
0,HAT227,IAH,LAX,16:00:00,19:00:00,180,2024-05-20,available,,,,,14.0,18.0,4.0,92.0,184.0,387.0
0,HAT227,IAH,LAX,16:00:00,19:00:00,180,2024-05-21,available,,,,,9.0,8.0,17.0,98.0,141.0,385.0
0,HAT227,IAH,LAX,16:00:00,19:00:00,180,2024-05-22,available,,,,,9.0,2.0,0.0,55.0,165.0,375.0
0,HAT227,IAH,LAX,16:00:00,19:00:00,180,2024-05-23,available,,,,,20.0,3.0,16.0,60.0,171.0,290.0
0,HAT227,IAH,LAX,16:00:00,19:00:00,180,2024-05-24,available,,,,,5.0,12.0,19.0,76.0,137.0,487.0
0,HAT227,IAH,LAX,16:00:00,19:00:00,180,2024-05-25,available,,,,,2.0,17.0,18.0,60.0,172.0,490.0
0,HAT227,IAH,LAX,16:00:00,19:00:00,180,2024-05-26,available,,,,,0.0,3.0,3.0,90.0,156.0,413.0
0,HAT227,IAH,LAX,16:00:00,19:00:00,180,2024-05-27,available,,,,,11.0,14.0,14.0,84.0,156.0,316.0
0,HAT227,IAH,LAX,16:00:00,19:00:00,180,2024-05-28,available,,,,,15.0,14.0,2.0,55.0,135.0,361.0
0,HAT227,IAH,LAX,16:00:00,19:00:00,180,2024-05-29,available,,,,,18.0,9.0,11.0,85.0,180.0,312.0
0,HAT227,IAH,LAX,16:00:00,19:00:00,180,2024-05-30,available,,,,,17.0,11.0,7.0,82.0,127.0,327.0
0,HAT228,IAH,LAX,07:00:00,10:00:00,180,2024-05-01,landed,2024-05-01T06:50:00,2024-05-01T09:51:00,,,,,,,,
0,HAT228,IAH,LAX,07:00:00,10:00:00,180,2024-05-02,landed,2024-05-02T06:59:00,2024-05-02T10:50:00,,,,,,,,
0,HAT228,IAH,LAX,07:00:00,10:00:00,180,2024-05-03,landed,2024-05-03T06:43:00,2024-05-03T09:49:00,,,,,,,,
0,HAT228,IAH,LAX,07:00:00,10:00:00,180,2024-05-04,landed,2024-05-04T07:32:00,2024-05-04T09:46:00,,,,,,,,
0,HAT228,IAH,LAX,07:00:00,10:00:00,180,2024-05-05,landed,2024-05-05T06:47:00,2024-05-05T10:53:00,,,,,,,,
0,HAT228,IAH,LAX,07:00:00,10:00:00,180,2024-05-06,landed,2024-05-06T07:13:00,2024-05-06T10:14:00,,,,,,,,
0,HAT228,IAH,LAX,07:00:00,10:00:00,180,2024-05-07,landed,2024-05-07T07:07:00,2024-05-07T10:30:00,,,,,,,,
0,HAT228,IAH,LAX,07:00:00,10:00:00,180,2024-05-08,landed,2024-05-08T06:47:00,2024-05-08T10:22:00,,,,,,,,
0,HAT228,IAH,LAX,07:00:00,10:00:00,180,2024-05-09,landed,2024-05-09T06:57:00,2024-05-09T09:49:00,,,,,,,,
0,HAT228,IAH,LAX,07:00:00,10:00:00,180,2024-05-10,landed,2024-05-10T06:45:00,2024-05-10T10:36:00,,,,,,,,
0,HAT228,IAH,LAX,07:00:00,10:00:00,180,2024-05-11,landed,2024-05-11T06:50:00,2024-05-11T10:11:00,,,,,,,,
0,HAT228,IAH,LAX,07:00:00,10:00:00,180,2024-05-12,landed,2024-05-12T07:23:00,2024-05-12T10:49:00,,,,,,,,
0,HAT228,IAH,LAX,07:00:00,10:00:00,180,2024-05-13,landed,2024-05-13T07:20:00,2024-05-13T10:40:00,,,,,,,,
0,HAT228,IAH,LAX,07:00:00,10:00:00,180,2024-05-14,landed,2024-05-14T07:36:00,2024-05-14T10:51:00,,,,,,,,
0,HAT228,IAH,LAX,07:00:00,10:00:00,180,2024-05-15,landed,2024-05-15T07:39:00,2024-05-15T10:36:00,,,,,,,,
0,HAT228,IAH,LAX,07:00:00,10:00:00,180,2024-05-16,available,,,,,12.0,19.0,19.0,68.0,174.0,247.0
0,HAT228,IAH,LAX,07:00:00,10:00:00,180,2024-05-17,available,,,,,3.0,4.0,17.0,99.0,100.0,218.0
0,HAT228,IAH,LAX,07:00:00,10:00:00,180,2024-05-18,available,,,,,6.0,1.0,18.0,50.0,128.0,270.0
0,HAT228,IAH,LAX,07:00:00,10:00:00,180,2024-05-19,available,,,,,20.0,1.0,12.0,61.0,171.0,204.0
0,HAT228,IAH,LAX,07:00:00,10:00:00,180,2024-05-20,available,,,,,2.0,12.0,12.0,65.0,123.0,384.0
0,HAT228,IAH,LAX,07:00:00,10:00:00,180,2024-05-21,available,,,,,13.0,19.0,11.0,58.0,138.0,319.0
0,HAT228,IAH,LAX,07:00:00,10:00:00,180,2024-05-22,available,,,,,6.0,0.0,5.0,62.0,125.0,293.0
0,HAT228,IAH,LAX,07:00:00,10:00:00,180,2024-05-23,available,,,,,14.0,7.0,1.0,50.0,126.0,412.0
0,HAT228,IAH,LAX,07:00:00,10:00:00,180,2024-05-24,available,,,,,2.0,5.0,2.0,62.0,163.0,258.0
0,HAT228,IAH,LAX,07:00:00,10:00:00,180,2024-05-25,available,,,,,15.0,4.0,7.0,82.0,178.0,500.0
0,HAT228,IAH,LAX,07:00:00,10:00:00,180,2024-05-26,available,,,,,1.0,20.0,18.0,88.0,181.0,322.0
0,HAT228,IAH,LAX,07:00:00,10:00:00,180,2024-05-27,available,,,,,3.0,10.0,10.0,88.0,185.0,416.0
0,HAT228,IAH,LAX,07:00:00,10:00:00,180,2024-05-28,available,,,,,16.0,7.0,19.0,61.0,186.0,376.0
0,HAT228,IAH,LAX,07:00:00,10:00:00,180,2024-05-29,available,,,,,1.0,4.0,0.0,96.0,120.0,304.0
0,HAT228,IAH,LAX,07:00:00,10:00:00,180,2024-05-30,available,,,,,14.0,13.0,5.0,74.0,199.0,404.0
0,HAT229,IAH,LAX,22:00:00,01:00:00+1,180,2024-05-01,landed,2024-05-01T22:21:00,2024-05-02T00:58:00,,,,,,,,
0,HAT229,IAH,LAX,22:00:00,01:00:00+1,180,2024-05-02,landed,2024-05-02T21:43:00,2024-05-03T00:58:00,,,,,,,,
0,HAT229,IAH,LAX,22:00:00,01:00:00+1,180,2024-05-03,landed,2024-05-03T22:04:00,2024-05-04T01:31:00,,,,,,,,
0,HAT229,IAH,LAX,22:00:00,01:00:00+1,180,2024-05-04,landed,2024-05-04T22:01:00,2024-05-05T01:35:00,,,,,,,,
0,HAT229,IAH,LAX,22:00:00,01:00:00+1,180,2024-05-05,landed,2024-05-05T21:55:00,2024-05-06T01:15:00,,,,,,,,
0,HAT229,IAH,LAX,22:00:00,01:00:00+1,180,2024-05-06,landed,2024-05-06T22:10:00,2024-05-07T01:51:00,,,,,,,,
0,HAT229,IAH,LAX,22:00:00,01:00:00+1,180,2024-05-07,landed,2024-05-07T22:11:00,2024-05-08T00:45:00,,,,,,,,
0,HAT229,IAH,LAX,22:00:00,01:00:00+1,180,2024-05-08,landed,2024-05-08T22:25:00,2024-05-09T00:50:00,,,,,,,,
0,HAT229,IAH,LAX,22:00:00,01:00:00+1,180,2024-05-09,landed,2024-05-09T21:45:00,2024-05-10T00:48:00,,,,,,,,
0,HAT229,IAH,LAX,22:00:00,01:00:00+1,180,2024-05-10,landed,2024-05-10T22:03:00,2024-05-11T01:10:00,,,,,,,,
0,HAT229,IAH,LAX,22:00:00,01:00:00+1,180,2024-05-11,landed,2024-05-11T22:34:00,2024-05-12T01:35:00,,,,,,,,
0,HAT229,IAH,LAX,22:00:00,01:00:00+1,180,2024-05-12,cancelled,,,,,,,,,,
0,HAT229,IAH,LAX,22:00:00,01:00:00+1,180,2024-05-13,landed,2024-05-13T21:52:00,2024-05-14T01:48:00,,,,,,,,
0,HAT229,IAH,LAX,22:00:00,01:00:00+1,180,2024-05-14,landed,2024-05-14T21:59:00,2024-05-15T01:44:00,,,,,,,,
0,HAT229,IAH,LAX,22:00:00,01:00:00+1,180,2024-05-15,on time,,,2024-05-15T22:18:00,2024-05-16T01:31:00,,,,,,
0,HAT229,IAH,LAX,22:00:00,01:00:00+1,180,2024-05-16,available,,,,,4.0,7.0,4.0,75.0,100.0,208.0
0,HAT229,IAH,LAX,22:00:00,01:00:00+1,180,2024-05-17,available,,,,,12.0,12.0,14.0,88.0,161.0,328.0
0,HAT229,IAH,LAX,22:00:00,01:00:00+1,180,2024-05-18,available,,,,,10.0,20.0,13.0,50.0,141.0,376.0
0,HAT229,IAH,LAX,22:00:00,01:00:00+1,180,2024-05-19,available,,,,,5.0,18.0,4.0,93.0,173.0,390.0
0,HAT229,IAH,LAX,22:00:00,01:00:00+1,180,2024-05-20,available,,,,,0.0,12.0,1.0,97.0,137.0,388.0
0,HAT229,IAH,LAX,22:00:00,01:00:00+1,180,2024-05-21,available,,,,,20.0,2.0,6.0,83.0,157.0,425.0
0,HAT229,IAH,LAX,22:00:00,01:00:00+1,180,2024-05-22,available,,,,,20.0,14.0,17.0,96.0,110.0,206.0
0,HAT229,IAH,LAX,22:00:00,01:00:00+1,180,2024-05-23,available,,,,,6.0,2.0,19.0,62.0,171.0,494.0
0,HAT229,IAH,LAX,22:00:00,01:00:00+1,180,2024-05-24,available,,,,,9.0,7.0,15.0,50.0,111.0,226.0
0,HAT229,IAH,LAX,22:00:00,01:00:00+1,180,2024-05-25,available,,,,,10.0,12.0,3.0,68.0,175.0,267.0
0,HAT229,IAH,LAX,22:00:00,01:00:00+1,180,2024-05-26,available,,,,,19.0,8.0,12.0,89.0,170.0,472.0
0,HAT229,IAH,LAX,22:00:00,01:00:00+1,180,2024-05-27,available,,,,,1.0,0.0,1.0,100.0,174.0,289.0
0,HAT229,IAH,LAX,22:00:00,01:00:00+1,180,2024-05-28,available,,,,,14.0,6.0,7.0,65.0,193.0,363.0
0,HAT229,IAH,LAX,22:00:00,01:00:00+1,180,2024-05-29,available,,,,,17.0,19.0,9.0,75.0,153.0,225.0
0,HAT229,IAH,LAX,22:00:00,01:00:00+1,180,2024-05-30,available,,,,,19.0,16.0,15.0,84.0,196.0,336.0
0,HAT230,IAH,LAX,12:00:00,15:00:00,180,2024-05-01,landed,2024-05-01T11:45:00,2024-05-01T14:45:00,,,,,,,,
0,HAT230,IAH,LAX,12:00:00,15:00:00,180,2024-05-02,landed,2024-05-02T11:47:00,2024-05-02T14:57:00,,,,,,,,
0,HAT230,IAH,LAX,12:00:00,15:00:00,180,2024-05-03,landed,2024-05-03T12:15:00,2024-05-03T15:02:00,,,,,,,,
0,HAT230,IAH,LAX,12:00:00,15:00:00,180,2024-05-04,landed,2024-05-04T12:04:00,2024-05-04T14:38:00,,,,,,,,
0,HAT230,IAH,LAX,12:00:00,15:00:00,180,2024-05-05,landed,2024-05-05T11:46:00,2024-05-05T14:45:00,,,,,,,,
0,HAT230,IAH,LAX,12:00:00,15:00:00,180,2024-05-06,landed,2024-05-06T12:23:00,2024-05-06T15:48:00,,,,,,,,
0,HAT230,IAH,LAX,12:00:00,15:00:00,180,2024-05-07,landed,2024-05-07T11:56:00,2024-05-07T14:45:00,,,,,,,,
0,HAT230,IAH,LAX,12:00:00,15:00:00,180,2024-05-08,landed,2024-05-08T12:13:00,2024-05-08T14:51:00,,,,,,,,
0,HAT230,IAH,LAX,12:00:00,15:00:00,180,2024-05-09,landed,2024-05-09T11:57:00,2024-05-09T15:31:00,,,,,,,,
0,HAT230,IAH,LAX,12:00:00,15:00:00,180,2024-05-10,landed,2024-05-10T12:06:00,2024-05-10T14:57:00,,,,,,,,
0,HAT230,IAH,LAX,12:00:00,15:00:00,180,2024-05-11,landed,2024-05-11T11:58:00,2024-05-11T15:34:00,,,,,,,,
0,HAT230,IAH,LAX,12:00:00,15:00:00,180,2024-05-12,landed,2024-05-12T12:31:00,2024-05-12T15:12:00,,,,,,,,
0,HAT230,IAH,LAX,12:00:00,15:00:00,180,2024-05-13,landed,2024-05-13T12:24:00,2024-05-13T15:33:00,,,,,,,,
0,HAT230,IAH,LAX,12:00:00,15:00:00,180,2024-05-14,landed,2024-05-14T11:44:00,2024-05-14T14:35:00,,,,,,,,
0,HAT230,IAH,LAX,12:00:00,15:00:00,180,2024-05-15,landed,2024-05-15T12:34:00,2024-05-15T14:41:00,,,,,,,,
0,HAT230,IAH,LAX,12:00:00,15:00:00,180,2024-05-16,available,,,,,1.0,5.0,16.0,93.0,159.0,307.0
0,HAT230,IAH,LAX,12:00:00,15:00:00,180,2024-05-17,available,,,,,17.0,12.0,19.0,74.0,114.0,371.0
0,HAT230,IAH,LAX,12:00:00,15:00:00,180,2024-05-18,available,,,,,2.0,8.0,6.0,67.0,177.0,222.0
0,HAT230,IAH,LAX,12:00:00,15:00:00,180,2024-05-19,available,,,,,10.0,10.0,8.0,65.0,193.0,377.0
0,HAT230,IAH,LAX,12:00:00,15:00:00,180,2024-05-20,available,,,,,14.0,8.0,6.0,55.0,126.0,456.0
0,HAT230,IAH,LAX,12:00:00,15:00:00,180,2024-05-21,available,,,,,6.0,15.0,12.0,57.0,153.0,284.0
0,HAT230,IAH,LAX,12:00:00,15:00:00,180,2024-05-22,available,,,,,15.0,6.0,12.0,76.0,171.0,467.0
0,HAT230,IAH,LAX,12:00:00,15:00:00,180,2024-05-23,available,,,,,11.0,5.0,4.0,99.0,184.0,254.0
0,HAT230,IAH,LAX,12:00:00,15:00:00,180,2024-05-24,available,,,,,3.0,16.0,20.0,57.0,167.0,203.0
0,HAT230,IAH,LAX,12:00:00,15:00:00,180,2024-05-25,available,,,,,10.0,5.0,10.0,70.0,195.0,440.0
0,HAT230,IAH,LAX,12:00:00,15:00:00,180,2024-05-26,available,,,,,18.0,6.0,16.0,60.0,148.0,323.0
0,HAT230,IAH,LAX,12:00:00,15:00:00,180,2024-05-27,available,,,,,2.0,20.0,11.0,76.0,101.0,277.0
0,HAT230,IAH,LAX,12:00:00,15:00:00,180,2024-05-28,available,,,,,10.0,5.0,19.0,78.0,152.0,243.0
0,HAT230,IAH,LAX,12:00:00,15:00:00,180,2024-05-29,available,,,,,15.0,11.0,6.0,83.0,170.0,260.0
0,HAT230,IAH,LAX,12:00:00,15:00:00,180,2024-05-30,available,,,,,20.0,14.0,12.0,98.0,155.0,276.0
0,HAT231,MIA,CLT,12:00:00,13:30:00,90,2024-05-01,cancelled,,,,,,,,,,
0,HAT231,MIA,CLT,12:00:00,13:30:00,90,2024-05-02,landed,2024-05-02T12:21:00,2024-05-02T13:18:00,,,,,,,,
0,HAT231,MIA,CLT,12:00:00,13:30:00,90,2024-05-03,cancelled,,,,,,,,,,
0,HAT231,MIA,CLT,12:00:00,13:30:00,90,2024-05-04,landed,2024-05-04T12:04:00,2024-05-04T14:08:00,,,,,,,,
0,HAT231,MIA,CLT,12:00:00,13:30:00,90,2024-05-05,landed,2024-05-05T12:22:00,2024-05-05T13:46:00,,,,,,,,
0,HAT231,MIA,CLT,12:00:00,13:30:00,90,2024-05-06,landed,2024-05-06T12:24:00,2024-05-06T13:58:00,,,,,,,,
0,HAT231,MIA,CLT,12:00:00,13:30:00,90,2024-05-07,landed,2024-05-07T12:15:00,2024-05-07T13:13:00,,,,,,,,
0,HAT231,MIA,CLT,12:00:00,13:30:00,90,2024-05-08,landed,2024-05-08T12:08:00,2024-05-08T13:26:00,,,,,,,,
0,HAT231,MIA,CLT,12:00:00,13:30:00,90,2024-05-09,landed,2024-05-09T12:33:00,2024-05-09T14:12:00,,,,,,,,
0,HAT231,MIA,CLT,12:00:00,13:30:00,90,2024-05-10,landed,2024-05-10T11:47:00,2024-05-10T14:05:00,,,,,,,,
0,HAT231,MIA,CLT,12:00:00,13:30:00,90,2024-05-11,landed,2024-05-11T11:46:00,2024-05-11T13:32:00,,,,,,,,
0,HAT231,MIA,CLT,12:00:00,13:30:00,90,2024-05-12,landed,2024-05-12T11:49:00,2024-05-12T14:19:00,,,,,,,,
0,HAT231,MIA,CLT,12:00:00,13:30:00,90,2024-05-13,landed,2024-05-13T12:14:00,2024-05-13T14:15:00,,,,,,,,
0,HAT231,MIA,CLT,12:00:00,13:30:00,90,2024-05-14,landed,2024-05-14T12:24:00,2024-05-14T13:26:00,,,,,,,,
0,HAT231,MIA,CLT,12:00:00,13:30:00,90,2024-05-15,landed,2024-05-15T12:17:00,2024-05-15T14:10:00,,,,,,,,
0,HAT231,MIA,CLT,12:00:00,13:30:00,90,2024-05-16,available,,,,,20.0,6.0,15.0,68.0,163.0,247.0
0,HAT231,MIA,CLT,12:00:00,13:30:00,90,2024-05-17,available,,,,,15.0,5.0,6.0,73.0,174.0,362.0
0,HAT231,MIA,CLT,12:00:00,13:30:00,90,2024-05-18,available,,,,,9.0,1.0,11.0,59.0,188.0,213.0
0,HAT231,MIA,CLT,12:00:00,13:30:00,90,2024-05-19,available,,,,,15.0,2.0,18.0,64.0,165.0,223.0
0,HAT231,MIA,CLT,12:00:00,13:30:00,90,2024-05-20,available,,,,,9.0,13.0,16.0,59.0,132.0,259.0
0,HAT231,MIA,CLT,12:00:00,13:30:00,90,2024-05-21,available,,,,,16.0,16.0,19.0,52.0,158.0,261.0
0,HAT231,MIA,CLT,12:00:00,13:30:00,90,2024-05-22,available,,,,,0.0,9.0,8.0,73.0,114.0,229.0
0,HAT231,MIA,CLT,12:00:00,13:30:00,90,2024-05-23,available,,,,,11.0,9.0,16.0,50.0,161.0,465.0
0,HAT231,MIA,CLT,12:00:00,13:30:00,90,2024-05-24,available,,,,,19.0,14.0,1.0,85.0,161.0,333.0
0,HAT231,MIA,CLT,12:00:00,13:30:00,90,2024-05-25,available,,,,,12.0,0.0,18.0,61.0,133.0,331.0
0,HAT231,MIA,CLT,12:00:00,13:30:00,90,2024-05-26,available,,,,,4.0,19.0,16.0,75.0,120.0,394.0
0,HAT231,MIA,CLT,12:00:00,13:30:00,90,2024-05-27,available,,,,,0.0,15.0,4.0,70.0,194.0,438.0
0,HAT231,MIA,CLT,12:00:00,13:30:00,90,2024-05-28,available,,,,,0.0,14.0,10.0,60.0,152.0,460.0
0,HAT231,MIA,CLT,12:00:00,13:30:00,90,2024-05-29,available,,,,,9.0,19.0,7.0,85.0,130.0,442.0
0,HAT231,MIA,CLT,12:00:00,13:30:00,90,2024-05-30,available,,,,,19.0,17.0,6.0,59.0,149.0,338.0
0,HAT232,MIA,CLT,17:00:00,18:30:00,90,2024-05-01,landed,2024-05-01T17:24:00,2024-05-01T18:39:00,,,,,,,,
0,HAT232,MIA,CLT,17:00:00,18:30:00,90,2024-05-02,landed,2024-05-02T17:31:00,2024-05-02T18:43:00,,,,,,,,
0,HAT232,MIA,CLT,17:00:00,18:30:00,90,2024-05-03,landed,2024-05-03T16:41:00,2024-05-03T18:36:00,,,,,,,,
0,HAT232,MIA,CLT,17:00:00,18:30:00,90,2024-05-04,landed,2024-05-04T16:45:00,2024-05-04T19:24:00,,,,,,,,
0,HAT232,MIA,CLT,17:00:00,18:30:00,90,2024-05-05,landed,2024-05-05T17:13:00,2024-05-05T19:17:00,,,,,,,,
0,HAT232,MIA,CLT,17:00:00,18:30:00,90,2024-05-06,landed,2024-05-06T17:40:00,2024-05-06T18:24:00,,,,,,,,
0,HAT232,MIA,CLT,17:00:00,18:30:00,90,2024-05-07,landed,2024-05-07T17:02:00,2024-05-07T18:41:00,,,,,,,,
0,HAT232,MIA,CLT,17:00:00,18:30:00,90,2024-05-08,landed,2024-05-08T17:04:00,2024-05-08T18:42:00,,,,,,,,
0,HAT232,MIA,CLT,17:00:00,18:30:00,90,2024-05-09,landed,2024-05-09T17:02:00,2024-05-09T18:53:00,,,,,,,,
0,HAT232,MIA,CLT,17:00:00,18:30:00,90,2024-05-10,cancelled,,,,,,,,,,
0,HAT232,MIA,CLT,17:00:00,18:30:00,90,2024-05-11,landed,2024-05-11T16:51:00,2024-05-11T19:11:00,,,,,,,,
0,HAT232,MIA,CLT,17:00:00,18:30:00,90,2024-05-12,landed,2024-05-12T16:45:00,2024-05-12T18:18:00,,,,,,,,
0,HAT232,MIA,CLT,17:00:00,18:30:00,90,2024-05-13,landed,2024-05-13T17:22:00,2024-05-13T18:37:00,,,,,,,,
0,HAT232,MIA,CLT,17:00:00,18:30:00,90,2024-05-14,landed,2024-05-14T17:17:00,2024-05-14T18:42:00,,,,,,,,
0,HAT232,MIA,CLT,17:00:00,18:30:00,90,2024-05-15,on time,,,2024-05-15T17:27:00,2024-05-15T19:04:00,,,,,,
0,HAT232,MIA,CLT,17:00:00,18:30:00,90,2024-05-16,available,,,,,2.0,15.0,8.0,100.0,128.0,498.0
0,HAT232,MIA,CLT,17:00:00,18:30:00,90,2024-05-17,available,,,,,6.0,8.0,7.0,91.0,173.0,432.0
0,HAT232,MIA,CLT,17:00:00,18:30:00,90,2024-05-18,available,,,,,6.0,0.0,20.0,50.0,188.0,418.0
0,HAT232,MIA,CLT,17:00:00,18:30:00,90,2024-05-19,available,,,,,12.0,13.0,3.0,52.0,105.0,203.0
0,HAT232,MIA,CLT,17:00:00,18:30:00,90,2024-05-20,available,,,,,4.0,0.0,2.0,72.0,139.0,388.0
0,HAT232,MIA,CLT,17:00:00,18:30:00,90,2024-05-21,available,,,,,3.0,8.0,4.0,85.0,179.0,344.0
0,HAT232,MIA,CLT,17:00:00,18:30:00,90,2024-05-22,available,,,,,15.0,0.0,5.0,57.0,187.0,224.0
0,HAT232,MIA,CLT,17:00:00,18:30:00,90,2024-05-23,available,,,,,16.0,7.0,13.0,80.0,108.0,468.0
0,HAT232,MIA,CLT,17:00:00,18:30:00,90,2024-05-24,available,,,,,18.0,2.0,2.0,67.0,162.0,341.0
0,HAT232,MIA,CLT,17:00:00,18:30:00,90,2024-05-25,available,,,,,18.0,17.0,15.0,93.0,164.0,281.0
0,HAT232,MIA,CLT,17:00:00,18:30:00,90,2024-05-26,available,,,,,5.0,14.0,5.0,100.0,146.0,431.0
0,HAT232,MIA,CLT,17:00:00,18:30:00,90,2024-05-27,available,,,,,1.0,16.0,14.0,98.0,131.0,437.0
0,HAT232,MIA,CLT,17:00:00,18:30:00,90,2024-05-28,available,,,,,1.0,20.0,12.0,99.0,169.0,234.0
0,HAT232,MIA,CLT,17:00:00,18:30:00,90,2024-05-29,available,,,,,2.0,14.0,16.0,68.0,126.0,445.0
0,HAT232,MIA,CLT,17:00:00,18:30:00,90,2024-05-30,available,,,,,14.0,20.0,12.0,56.0,125.0,274.0
0,HAT233,MIA,CLT,07:00:00,08:30:00,90,2024-05-01,landed,2024-05-01T07:02:00,2024-05-01T08:06:00,,,,,,,,
0,HAT233,MIA,CLT,07:00:00,08:30:00,90,2024-05-02,landed,2024-05-02T07:20:00,2024-05-02T09:10:00,,,,,,,,
0,HAT233,MIA,CLT,07:00:00,08:30:00,90,2024-05-03,landed,2024-05-03T07:10:00,2024-05-03T08:40:00,,,,,,,,
0,HAT233,MIA,CLT,07:00:00,08:30:00,90,2024-05-04,landed,2024-05-04T07:14:00,2024-05-04T08:30:00,,,,,,,,
0,HAT233,MIA,CLT,07:00:00,08:30:00,90,2024-05-05,landed,2024-05-05T07:10:00,2024-05-05T08:12:00,,,,,,,,
0,HAT233,MIA,CLT,07:00:00,08:30:00,90,2024-05-06,landed,2024-05-06T06:53:00,2024-05-06T08:43:00,,,,,,,,
0,HAT233,MIA,CLT,07:00:00,08:30:00,90,2024-05-07,landed,2024-05-07T06:47:00,2024-05-07T09:03:00,,,,,,,,
0,HAT233,MIA,CLT,07:00:00,08:30:00,90,2024-05-08,landed,2024-05-08T07:11:00,2024-05-08T09:09:00,,,,,,,,
0,HAT233,MIA,CLT,07:00:00,08:30:00,90,2024-05-09,landed,2024-05-09T07:33:00,2024-05-09T09:03:00,,,,,,,,
0,HAT233,MIA,CLT,07:00:00,08:30:00,90,2024-05-10,landed,2024-05-10T07:23:00,2024-05-10T08:42:00,,,,,,,,
0,HAT233,MIA,CLT,07:00:00,08:30:00,90,2024-05-11,landed,2024-05-11T07:40:00,2024-05-11T08:31:00,,,,,,,,
0,HAT233,MIA,CLT,07:00:00,08:30:00,90,2024-05-12,cancelled,,,,,,,,,,
0,HAT233,MIA,CLT,07:00:00,08:30:00,90,2024-05-13,landed,2024-05-13T07:09:00,2024-05-13T09:22:00,,,,,,,,
0,HAT233,MIA,CLT,07:00:00,08:30:00,90,2024-05-14,landed,2024-05-14T07:34:00,2024-05-14T08:41:00,,,,,,,,
0,HAT233,MIA,CLT,07:00:00,08:30:00,90,2024-05-15,landed,2024-05-15T07:28:00,2024-05-15T08:16:00,,,,,,,,
0,HAT233,MIA,CLT,07:00:00,08:30:00,90,2024-05-16,available,,,,,4.0,20.0,14.0,72.0,124.0,241.0
0,HAT233,MIA,CLT,07:00:00,08:30:00,90,2024-05-17,available,,,,,6.0,19.0,9.0,83.0,194.0,410.0
0,HAT233,MIA,CLT,07:00:00,08:30:00,90,2024-05-18,available,,,,,13.0,13.0,6.0,87.0,197.0,215.0
0,HAT233,MIA,CLT,07:00:00,08:30:00,90,2024-05-19,available,,,,,20.0,2.0,3.0,61.0,145.0,463.0
0,HAT233,MIA,CLT,07:00:00,08:30:00,90,2024-05-20,available,,,,,18.0,15.0,0.0,50.0,197.0,378.0
0,HAT233,MIA,CLT,07:00:00,08:30:00,90,2024-05-21,available,,,,,9.0,4.0,1.0,51.0,194.0,473.0
0,HAT233,MIA,CLT,07:00:00,08:30:00,90,2024-05-22,available,,,,,0.0,13.0,5.0,67.0,145.0,247.0
0,HAT233,MIA,CLT,07:00:00,08:30:00,90,2024-05-23,available,,,,,3.0,1.0,19.0,78.0,157.0,219.0
0,HAT233,MIA,CLT,07:00:00,08:30:00,90,2024-05-24,available,,,,,13.0,2.0,13.0,92.0,136.0,221.0
0,HAT233,MIA,CLT,07:00:00,08:30:00,90,2024-05-25,available,,,,,11.0,2.0,3.0,70.0,172.0,406.0
0,HAT233,MIA,CLT,07:00:00,08:30:00,90,2024-05-26,available,,,,,0.0,14.0,14.0,65.0,115.0,384.0
0,HAT233,MIA,CLT,07:00:00,08:30:00,90,2024-05-27,available,,,,,5.0,1.0,15.0,78.0,156.0,249.0
0,HAT233,MIA,CLT,07:00:00,08:30:00,90,2024-05-28,available,,,,,4.0,16.0,13.0,66.0,102.0,490.0
0,HAT233,MIA,CLT,07:00:00,08:30:00,90,2024-05-29,available,,,,,13.0,2.0,15.0,95.0,144.0,351.0
0,HAT233,MIA,CLT,07:00:00,08:30:00,90,2024-05-30,available,,,,,7.0,20.0,16.0,70.0,174.0,346.0
0,HAT234,BOS,JFK,13:00:00,17:00:00,240,2024-05-01,landed,2024-05-01T13:25:00,2024-05-01T16:59:00,,,,,,,,
0,HAT234,BOS,JFK,13:00:00,17:00:00,240,2024-05-02,landed,2024-05-02T13:10:00,2024-05-02T17:13:00,,,,,,,,
0,HAT234,BOS,JFK,13:00:00,17:00:00,240,2024-05-03,landed,2024-05-03T12:52:00,2024-05-03T16:48:00,,,,,,,,
0,HAT234,BOS,JFK,13:00:00,17:00:00,240,2024-05-04,landed,2024-05-04T13:37:00,2024-05-04T16:41:00,,,,,,,,
0,HAT234,BOS,JFK,13:00:00,17:00:00,240,2024-05-05,landed,2024-05-05T12:43:00,2024-05-05T17:30:00,,,,,,,,
0,HAT234,BOS,JFK,13:00:00,17:00:00,240,2024-05-06,landed,2024-05-06T13:09:00,2024-05-06T16:53:00,,,,,,,,
0,HAT234,BOS,JFK,13:00:00,17:00:00,240,2024-05-07,landed,2024-05-07T12:44:00,2024-05-07T17:50:00,,,,,,,,
0,HAT234,BOS,JFK,13:00:00,17:00:00,240,2024-05-08,cancelled,,,,,,,,,,
0,HAT234,BOS,JFK,13:00:00,17:00:00,240,2024-05-09,landed,2024-05-09T13:25:00,2024-05-09T17:28:00,,,,,,,,
0,HAT234,BOS,JFK,13:00:00,17:00:00,240,2024-05-10,cancelled,,,,,,,,,,
0,HAT234,BOS,JFK,13:00:00,17:00:00,240,2024-05-11,landed,2024-05-11T13:32:00,2024-05-11T17:05:00,,,,,,,,
0,HAT234,BOS,JFK,13:00:00,17:00:00,240,2024-05-12,landed,2024-05-12T13:27:00,2024-05-12T17:42:00,,,,,,,,
0,HAT234,BOS,JFK,13:00:00,17:00:00,240,2024-05-13,landed,2024-05-13T13:20:00,2024-05-13T17:27:00,,,,,,,,
0,HAT234,BOS,JFK,13:00:00,17:00:00,240,2024-05-14,landed,2024-05-14T13:16:00,2024-05-14T17:12:00,,,,,,,,
0,HAT234,BOS,JFK,13:00:00,17:00:00,240,2024-05-15,flying,2024-05-15T13:19:00,,,2024-05-15T17:55:00,,,,,,
0,HAT234,BOS,JFK,13:00:00,17:00:00,240,2024-05-16,available,,,,,0.0,15.0,1.0,74.0,132.0,370.0
0,HAT234,BOS,JFK,13:00:00,17:00:00,240,2024-05-17,available,,,,,7.0,7.0,10.0,84.0,165.0,206.0
0,HAT234,BOS,JFK,13:00:00,17:00:00,240,2024-05-18,available,,,,,11.0,12.0,19.0,60.0,115.0,283.0
0,HAT234,BOS,JFK,13:00:00,17:00:00,240,2024-05-19,available,,,,,20.0,14.0,6.0,60.0,135.0,338.0
0,HAT234,BOS,JFK,13:00:00,17:00:00,240,2024-05-20,available,,,,,14.0,19.0,19.0,68.0,100.0,433.0
0,HAT234,BOS,JFK,13:00:00,17:00:00,240,2024-05-21,available,,,,,19.0,2.0,6.0,58.0,171.0,325.0
0,HAT234,BOS,JFK,13:00:00,17:00:00,240,2024-05-22,available,,,,,16.0,17.0,7.0,63.0,148.0,463.0
0,HAT234,BOS,JFK,13:00:00,17:00:00,240,2024-05-23,available,,,,,1.0,11.0,18.0,58.0,180.0,412.0
0,HAT234,BOS,JFK,13:00:00,17:00:00,240,2024-05-24,available,,,,,8.0,12.0,3.0,74.0,178.0,266.0
0,HAT234,BOS,JFK,13:00:00,17:00:00,240,2024-05-25,available,,,,,13.0,5.0,20.0,89.0,176.0,233.0
0,HAT234,BOS,JFK,13:00:00,17:00:00,240,2024-05-26,available,,,,,2.0,20.0,3.0,93.0,163.0,212.0
0,HAT234,BOS,JFK,13:00:00,17:00:00,240,2024-05-27,available,,,,,8.0,16.0,6.0,57.0,200.0,430.0
0,HAT234,BOS,JFK,13:00:00,17:00:00,240,2024-05-28,available,,,,,0.0,5.0,7.0,73.0,173.0,398.0
0,HAT234,BOS,JFK,13:00:00,17:00:00,240,2024-05-29,available,,,,,7.0,1.0,5.0,87.0,164.0,219.0
0,HAT234,BOS,JFK,13:00:00,17:00:00,240,2024-05-30,available,,,,,16.0,15.0,14.0,72.0,114.0,477.0
0,HAT235,BOS,JFK,14:00:00,18:00:00,240,2024-05-01,landed,2024-05-01T14:13:00,2024-05-01T18:35:00,,,,,,,,
0,HAT235,BOS,JFK,14:00:00,18:00:00,240,2024-05-02,landed,2024-05-02T13:49:00,2024-05-02T18:04:00,,,,,,,,
0,HAT235,BOS,JFK,14:00:00,18:00:00,240,2024-05-03,landed,2024-05-03T14:02:00,2024-05-03T17:45:00,,,,,,,,
0,HAT235,BOS,JFK,14:00:00,18:00:00,240,2024-05-04,landed,2024-05-04T14:01:00,2024-05-04T17:51:00,,,,,,,,
0,HAT235,BOS,JFK,14:00:00,18:00:00,240,2024-05-05,landed,2024-05-05T14:16:00,2024-05-05T17:37:00,,,,,,,,
0,HAT235,BOS,JFK,14:00:00,18:00:00,240,2024-05-06,landed,2024-05-06T14:34:00,2024-05-06T18:52:00,,,,,,,,
0,HAT235,BOS,JFK,14:00:00,18:00:00,240,2024-05-07,landed,2024-05-07T14:30:00,2024-05-07T18:09:00,,,,,,,,
0,HAT235,BOS,JFK,14:00:00,18:00:00,240,2024-05-08,cancelled,,,,,,,,,,
0,HAT235,BOS,JFK,14:00:00,18:00:00,240,2024-05-09,landed,2024-05-09T14:10:00,2024-05-09T18:21:00,,,,,,,,
0,HAT235,BOS,JFK,14:00:00,18:00:00,240,2024-05-10,landed,2024-05-10T14:13:00,2024-05-10T17:37:00,,,,,,,,
0,HAT235,BOS,JFK,14:00:00,18:00:00,240,2024-05-11,landed,2024-05-11T14:40:00,2024-05-11T18:50:00,,,,,,,,
0,HAT235,BOS,JFK,14:00:00,18:00:00,240,2024-05-12,landed,2024-05-12T13:44:00,2024-05-12T18:47:00,,,,,,,,
0,HAT235,BOS,JFK,14:00:00,18:00:00,240,2024-05-13,landed,2024-05-13T13:51:00,2024-05-13T17:46:00,,,,,,,,
0,HAT235,BOS,JFK,14:00:00,18:00:00,240,2024-05-14,landed,2024-05-14T14:02:00,2024-05-14T17:59:00,,,,,,,,
0,HAT235,BOS,JFK,14:00:00,18:00:00,240,2024-05-15,flying,2024-05-15T14:01:00,,,2024-05-15T18:45:00,,,,,,
0,HAT235,BOS,JFK,14:00:00,18:00:00,240,2024-05-16,available,,,,,2.0,13.0,10.0,87.0,118.0,227.0
0,HAT235,BOS,JFK,14:00:00,18:00:00,240,2024-05-17,available,,,,,12.0,2.0,0.0,96.0,196.0,415.0
0,HAT235,BOS,JFK,14:00:00,18:00:00,240,2024-05-18,available,,,,,0.0,1.0,18.0,79.0,130.0,355.0
0,HAT235,BOS,JFK,14:00:00,18:00:00,240,2024-05-19,available,,,,,10.0,15.0,6.0,84.0,167.0,416.0
0,HAT235,BOS,JFK,14:00:00,18:00:00,240,2024-05-20,available,,,,,15.0,15.0,13.0,55.0,149.0,292.0
0,HAT235,BOS,JFK,14:00:00,18:00:00,240,2024-05-21,available,,,,,11.0,3.0,20.0,93.0,178.0,451.0
0,HAT235,BOS,JFK,14:00:00,18:00:00,240,2024-05-22,available,,,,,12.0,5.0,4.0,87.0,152.0,268.0
0,HAT235,BOS,JFK,14:00:00,18:00:00,240,2024-05-23,available,,,,,5.0,18.0,6.0,84.0,150.0,328.0
0,HAT235,BOS,JFK,14:00:00,18:00:00,240,2024-05-24,available,,,,,14.0,13.0,17.0,52.0,154.0,378.0
0,HAT235,BOS,JFK,14:00:00,18:00:00,240,2024-05-25,available,,,,,5.0,6.0,1.0,70.0,163.0,479.0
0,HAT235,BOS,JFK,14:00:00,18:00:00,240,2024-05-26,available,,,,,10.0,13.0,13.0,59.0,146.0,282.0
0,HAT235,BOS,JFK,14:00:00,18:00:00,240,2024-05-27,available,,,,,6.0,5.0,2.0,85.0,148.0,296.0
0,HAT235,BOS,JFK,14:00:00,18:00:00,240,2024-05-28,available,,,,,7.0,9.0,3.0,81.0,195.0,467.0
0,HAT235,BOS,JFK,14:00:00,18:00:00,240,2024-05-29,available,,,,,9.0,18.0,15.0,59.0,105.0,390.0
0,HAT235,BOS,JFK,14:00:00,18:00:00,240,2024-05-30,available,,,,,6.0,7.0,1.0,75.0,125.0,320.0
0,HAT236,BOS,JFK,12:00:00,16:00:00,240,2024-05-01,landed,2024-05-01T12:19:00,2024-05-01T16:51:00,,,,,,,,
0,HAT236,BOS,JFK,12:00:00,16:00:00,240,2024-05-02,landed,2024-05-02T11:51:00,2024-05-02T16:06:00,,,,,,,,
0,HAT236,BOS,JFK,12:00:00,16:00:00,240,2024-05-03,landed,2024-05-03T12:15:00,2024-05-03T15:38:00,,,,,,,,
0,HAT236,BOS,JFK,12:00:00,16:00:00,240,2024-05-04,landed,2024-05-04T11:40:00,2024-05-04T16:32:00,,,,,,,,
0,HAT236,BOS,JFK,12:00:00,16:00:00,240,2024-05-05,landed,2024-05-05T11:44:00,2024-05-05T16:06:00,,,,,,,,
0,HAT236,BOS,JFK,12:00:00,16:00:00,240,2024-05-06,landed,2024-05-06T12:20:00,2024-05-06T15:52:00,,,,,,,,
0,HAT236,BOS,JFK,12:00:00,16:00:00,240,2024-05-07,landed,2024-05-07T12:03:00,2024-05-07T16:17:00,,,,,,,,
0,HAT236,BOS,JFK,12:00:00,16:00:00,240,2024-05-08,landed,2024-05-08T12:12:00,2024-05-08T16:20:00,,,,,,,,
0,HAT236,BOS,JFK,12:00:00,16:00:00,240,2024-05-09,landed,2024-05-09T12:04:00,2024-05-09T15:39:00,,,,,,,,
0,HAT236,BOS,JFK,12:00:00,16:00:00,240,2024-05-10,cancelled,,,,,,,,,,
0,HAT236,BOS,JFK,12:00:00,16:00:00,240,2024-05-11,cancelled,,,,,,,,,,
0,HAT236,BOS,JFK,12:00:00,16:00:00,240,2024-05-12,landed,2024-05-12T11:53:00,2024-05-12T16:30:00,,,,,,,,
0,HAT236,BOS,JFK,12:00:00,16:00:00,240,2024-05-13,landed,2024-05-13T12:18:00,2024-05-13T15:58:00,,,,,,,,
0,HAT236,BOS,JFK,12:00:00,16:00:00,240,2024-05-14,landed,2024-05-14T12:09:00,2024-05-14T16:00:00,,,,,,,,
0,HAT236,BOS,JFK,12:00:00,16:00:00,240,2024-05-15,flying,2024-05-15T12:05:00,,,2024-05-15T15:54:00,,,,,,
0,HAT236,BOS,JFK,12:00:00,16:00:00,240,2024-05-16,available,,,,,2.0,12.0,17.0,60.0,132.0,315.0
0,HAT236,BOS,JFK,12:00:00,16:00:00,240,2024-05-17,available,,,,,20.0,6.0,20.0,52.0,108.0,396.0
0,HAT236,BOS,JFK,12:00:00,16:00:00,240,2024-05-18,available,,,,,14.0,13.0,13.0,76.0,176.0,434.0
0,HAT236,BOS,JFK,12:00:00,16:00:00,240,2024-05-19,available,,,,,19.0,0.0,15.0,84.0,129.0,459.0
0,HAT236,BOS,JFK,12:00:00,16:00:00,240,2024-05-20,available,,,,,11.0,14.0,17.0,83.0,155.0,218.0
0,HAT236,BOS,JFK,12:00:00,16:00:00,240,2024-05-21,available,,,,,8.0,6.0,7.0,55.0,145.0,489.0
0,HAT236,BOS,JFK,12:00:00,16:00:00,240,2024-05-22,available,,,,,2.0,2.0,20.0,82.0,185.0,434.0
0,HAT236,BOS,JFK,12:00:00,16:00:00,240,2024-05-23,available,,,,,20.0,0.0,10.0,99.0,122.0,294.0
0,HAT236,BOS,JFK,12:00:00,16:00:00,240,2024-05-24,available,,,,,16.0,1.0,0.0,66.0,146.0,404.0
0,HAT236,BOS,JFK,12:00:00,16:00:00,240,2024-05-25,available,,,,,19.0,13.0,17.0,81.0,108.0,486.0
0,HAT236,BOS,JFK,12:00:00,16:00:00,240,2024-05-26,available,,,,,18.0,15.0,2.0,88.0,109.0,353.0
0,HAT236,BOS,JFK,12:00:00,16:00:00,240,2024-05-27,available,,,,,18.0,7.0,1.0,59.0,155.0,258.0
0,HAT236,BOS,JFK,12:00:00,16:00:00,240,2024-05-28,available,,,,,2.0,1.0,14.0,50.0,122.0,447.0
0,HAT236,BOS,JFK,12:00:00,16:00:00,240,2024-05-29,available,,,,,17.0,10.0,20.0,97.0,187.0,489.0
0,HAT236,BOS,JFK,12:00:00,16:00:00,240,2024-05-30,available,,,,,9.0,12.0,0.0,93.0,141.0,297.0
0,HAT237,BOS,JFK,01:00:00,05:00:00,240,2024-05-01,landed,2024-05-01T01:15:00,2024-05-01T05:53:00,,,,,,,,
0,HAT237,BOS,JFK,01:00:00,05:00:00,240,2024-05-02,landed,2024-05-02T00:51:00,2024-05-02T05:14:00,,,,,,,,
0,HAT237,BOS,JFK,01:00:00,05:00:00,240,2024-05-03,landed,2024-05-03T01:14:00,2024-05-03T05:01:00,,,,,,,,
0,HAT237,BOS,JFK,01:00:00,05:00:00,240,2024-05-04,landed,2024-05-04T00:56:00,2024-05-04T04:35:00,,,,,,,,
0,HAT237,BOS,JFK,01:00:00,05:00:00,240,2024-05-05,cancelled,,,,,,,,,,
0,HAT237,BOS,JFK,01:00:00,05:00:00,240,2024-05-06,landed,2024-05-06T00:58:00,2024-05-06T05:43:00,,,,,,,,
0,HAT237,BOS,JFK,01:00:00,05:00:00,240,2024-05-07,cancelled,,,,,,,,,,
0,HAT237,BOS,JFK,01:00:00,05:00:00,240,2024-05-08,landed,2024-05-08T01:38:00,2024-05-08T04:53:00,,,,,,,,
0,HAT237,BOS,JFK,01:00:00,05:00:00,240,2024-05-09,landed,2024-05-09T00:59:00,2024-05-09T05:35:00,,,,,,,,
0,HAT237,BOS,JFK,01:00:00,05:00:00,240,2024-05-10,landed,2024-05-10T01:38:00,2024-05-10T05:54:00,,,,,,,,
0,HAT237,BOS,JFK,01:00:00,05:00:00,240,2024-05-11,landed,2024-05-11T00:56:00,2024-05-11T05:22:00,,,,,,,,
0,HAT237,BOS,JFK,01:00:00,05:00:00,240,2024-05-12,landed,2024-05-12T00:54:00,2024-05-12T05:17:00,,,,,,,,
0,HAT237,BOS,JFK,01:00:00,05:00:00,240,2024-05-13,landed,2024-05-13T01:35:00,2024-05-13T04:43:00,,,,,,,,
0,HAT237,BOS,JFK,01:00:00,05:00:00,240,2024-05-14,landed,2024-05-14T01:28:00,2024-05-14T04:35:00,,,,,,,,
0,HAT237,BOS,JFK,01:00:00,05:00:00,240,2024-05-15,landed,2024-05-15T01:24:00,2024-05-15T05:07:00,,,,,,,,
0,HAT237,BOS,JFK,01:00:00,05:00:00,240,2024-05-16,available,,,,,17.0,10.0,10.0,86.0,184.0,345.0
0,HAT237,BOS,JFK,01:00:00,05:00:00,240,2024-05-17,available,,,,,18.0,19.0,6.0,56.0,121.0,252.0
0,HAT237,BOS,JFK,01:00:00,05:00:00,240,2024-05-18,available,,,,,3.0,7.0,18.0,57.0,152.0,459.0
0,HAT237,BOS,JFK,01:00:00,05:00:00,240,2024-05-19,available,,,,,6.0,18.0,8.0,50.0,104.0,480.0
0,HAT237,BOS,JFK,01:00:00,05:00:00,240,2024-05-20,available,,,,,5.0,15.0,1.0,68.0,165.0,298.0
0,HAT237,BOS,JFK,01:00:00,05:00:00,240,2024-05-21,available,,,,,8.0,8.0,16.0,61.0,165.0,449.0
0,HAT237,BOS,JFK,01:00:00,05:00:00,240,2024-05-22,available,,,,,9.0,3.0,4.0,74.0,147.0,374.0
0,HAT237,BOS,JFK,01:00:00,05:00:00,240,2024-05-23,available,,,,,5.0,20.0,13.0,67.0,186.0,473.0
0,HAT237,BOS,JFK,01:00:00,05:00:00,240,2024-05-24,available,,,,,15.0,0.0,12.0,72.0,159.0,328.0
0,HAT237,BOS,JFK,01:00:00,05:00:00,240,2024-05-25,available,,,,,12.0,12.0,7.0,60.0,120.0,339.0
0,HAT237,BOS,JFK,01:00:00,05:00:00,240,2024-05-26,available,,,,,8.0,20.0,18.0,68.0,123.0,494.0
0,HAT237,BOS,JFK,01:00:00,05:00:00,240,2024-05-27,available,,,,,12.0,16.0,8.0,71.0,192.0,255.0
0,HAT237,BOS,JFK,01:00:00,05:00:00,240,2024-05-28,available,,,,,17.0,11.0,10.0,84.0,148.0,254.0
0,HAT237,BOS,JFK,01:00:00,05:00:00,240,2024-05-29,available,,,,,15.0,13.0,16.0,70.0,120.0,410.0
0,HAT237,BOS,JFK,01:00:00,05:00:00,240,2024-05-30,available,,,,,14.0,13.0,18.0,88.0,141.0,404.0
0,HAT238,ATL,IAH,12:00:00,14:00:00,120,2024-05-01,landed,2024-05-01T12:00:00,2024-05-01T13:58:00,,,,,,,,
0,HAT238,ATL,IAH,12:00:00,14:00:00,120,2024-05-02,landed,2024-05-02T12:03:00,2024-05-02T13:45:00,,,,,,,,
0,HAT238,ATL,IAH,12:00:00,14:00:00,120,2024-05-03,landed,2024-05-03T12:03:00,2024-05-03T14:53:00,,,,,,,,
0,HAT238,ATL,IAH,12:00:00,14:00:00,120,2024-05-04,landed,2024-05-04T11:46:00,2024-05-04T14:04:00,,,,,,,,
0,HAT238,ATL,IAH,12:00:00,14:00:00,120,2024-05-05,landed,2024-05-05T12:13:00,2024-05-05T14:00:00,,,,,,,,
0,HAT238,ATL,IAH,12:00:00,14:00:00,120,2024-05-06,landed,2024-05-06T12:26:00,2024-05-06T14:06:00,,,,,,,,
0,HAT238,ATL,IAH,12:00:00,14:00:00,120,2024-05-07,landed,2024-05-07T12:36:00,2024-05-07T14:43:00,,,,,,,,
0,HAT238,ATL,IAH,12:00:00,14:00:00,120,2024-05-08,landed,2024-05-08T12:06:00,2024-05-08T14:03:00,,,,,,,,
0,HAT238,ATL,IAH,12:00:00,14:00:00,120,2024-05-09,landed,2024-05-09T12:18:00,2024-05-09T14:19:00,,,,,,,,
0,HAT238,ATL,IAH,12:00:00,14:00:00,120,2024-05-10,landed,2024-05-10T11:51:00,2024-05-10T13:58:00,,,,,,,,
0,HAT238,ATL,IAH,12:00:00,14:00:00,120,2024-05-11,landed,2024-05-11T11:52:00,2024-05-11T14:09:00,,,,,,,,
0,HAT238,ATL,IAH,12:00:00,14:00:00,120,2024-05-12,landed,2024-05-12T12:11:00,2024-05-12T14:47:00,,,,,,,,
0,HAT238,ATL,IAH,12:00:00,14:00:00,120,2024-05-13,landed,2024-05-13T11:56:00,2024-05-13T14:50:00,,,,,,,,
0,HAT238,ATL,IAH,12:00:00,14:00:00,120,2024-05-14,landed,2024-05-14T11:54:00,2024-05-14T13:49:00,,,,,,,,
0,HAT238,ATL,IAH,12:00:00,14:00:00,120,2024-05-15,landed,2024-05-15T11:49:00,2024-05-15T14:43:00,,,,,,,,
0,HAT238,ATL,IAH,12:00:00,14:00:00,120,2024-05-16,available,,,,,6.0,19.0,5.0,53.0,176.0,317.0
0,HAT238,ATL,IAH,12:00:00,14:00:00,120,2024-05-17,available,,,,,5.0,2.0,16.0,78.0,162.0,404.0
0,HAT238,ATL,IAH,12:00:00,14:00:00,120,2024-05-18,available,,,,,2.0,14.0,12.0,57.0,127.0,310.0
0,HAT238,ATL,IAH,12:00:00,14:00:00,120,2024-05-19,available,,,,,17.0,11.0,8.0,75.0,121.0,489.0
0,HAT238,ATL,IAH,12:00:00,14:00:00,120,2024-05-20,available,,,,,2.0,13.0,16.0,94.0,180.0,282.0
0,HAT238,ATL,IAH,12:00:00,14:00:00,120,2024-05-21,available,,,,,5.0,3.0,1.0,78.0,168.0,461.0
0,HAT238,ATL,IAH,12:00:00,14:00:00,120,2024-05-22,available,,,,,20.0,9.0,2.0,56.0,151.0,496.0
0,HAT238,ATL,IAH,12:00:00,14:00:00,120,2024-05-23,available,,,,,11.0,9.0,8.0,62.0,164.0,202.0
0,HAT238,ATL,IAH,12:00:00,14:00:00,120,2024-05-24,available,,,,,18.0,8.0,19.0,89.0,170.0,460.0
0,HAT238,ATL,IAH,12:00:00,14:00:00,120,2024-05-25,available,,,,,11.0,4.0,0.0,68.0,160.0,239.0
0,HAT238,ATL,IAH,12:00:00,14:00:00,120,2024-05-26,available,,,,,0.0,15.0,16.0,70.0,176.0,261.0
0,HAT238,ATL,IAH,12:00:00,14:00:00,120,2024-05-27,available,,,,,14.0,11.0,7.0,92.0,199.0,375.0
0,HAT238,ATL,IAH,12:00:00,14:00:00,120,2024-05-28,available,,,,,6.0,7.0,9.0,71.0,103.0,248.0
0,HAT238,ATL,IAH,12:00:00,14:00:00,120,2024-05-29,available,,,,,12.0,18.0,10.0,59.0,170.0,379.0
0,HAT238,ATL,IAH,12:00:00,14:00:00,120,2024-05-30,available,,,,,8.0,15.0,11.0,89.0,187.0,330.0
0,HAT239,ATL,IAH,03:00:00,05:00:00,120,2024-05-01,landed,2024-05-01T03:21:00,2024-05-01T05:20:00,,,,,,,,
0,HAT239,ATL,IAH,03:00:00,05:00:00,120,2024-05-02,landed,2024-05-02T03:37:00,2024-05-02T04:42:00,,,,,,,,
0,HAT239,ATL,IAH,03:00:00,05:00:00,120,2024-05-03,landed,2024-05-03T03:28:00,2024-05-03T05:28:00,,,,,,,,
0,HAT239,ATL,IAH,03:00:00,05:00:00,120,2024-05-04,landed,2024-05-04T02:57:00,2024-05-04T05:35:00,,,,,,,,
0,HAT239,ATL,IAH,03:00:00,05:00:00,120,2024-05-05,landed,2024-05-05T02:58:00,2024-05-05T05:08:00,,,,,,,,
0,HAT239,ATL,IAH,03:00:00,05:00:00,120,2024-05-06,cancelled,,,,,,,,,,
0,HAT239,ATL,IAH,03:00:00,05:00:00,120,2024-05-07,landed,2024-05-07T03:35:00,2024-05-07T04:49:00,,,,,,,,
0,HAT239,ATL,IAH,03:00:00,05:00:00,120,2024-05-08,landed,2024-05-08T03:39:00,2024-05-08T04:59:00,,,,,,,,
0,HAT239,ATL,IAH,03:00:00,05:00:00,120,2024-05-09,landed,2024-05-09T02:42:00,2024-05-09T05:13:00,,,,,,,,
0,HAT239,ATL,IAH,03:00:00,05:00:00,120,2024-05-10,cancelled,,,,,,,,,,
0,HAT239,ATL,IAH,03:00:00,05:00:00,120,2024-05-11,landed,2024-05-11T02:47:00,2024-05-11T05:46:00,,,,,,,,
0,HAT239,ATL,IAH,03:00:00,05:00:00,120,2024-05-12,landed,2024-05-12T02:47:00,2024-05-12T04:52:00,,,,,,,,
0,HAT239,ATL,IAH,03:00:00,05:00:00,120,2024-05-13,landed,2024-05-13T02:43:00,2024-05-13T04:45:00,,,,,,,,
0,HAT239,ATL,IAH,03:00:00,05:00:00,120,2024-05-14,landed,2024-05-14T02:50:00,2024-05-14T05:23:00,,,,,,,,
0,HAT239,ATL,IAH,03:00:00,05:00:00,120,2024-05-15,landed,2024-05-15T02:43:00,2024-05-15T04:47:00,,,,,,,,
0,HAT239,ATL,IAH,03:00:00,05:00:00,120,2024-05-16,available,,,,,3.0,17.0,3.0,53.0,200.0,332.0
0,HAT239,ATL,IAH,03:00:00,05:00:00,120,2024-05-17,available,,,,,7.0,2.0,20.0,70.0,140.0,218.0
0,HAT239,ATL,IAH,03:00:00,05:00:00,120,2024-05-18,available,,,,,17.0,14.0,18.0,51.0,189.0,486.0
0,HAT239,ATL,IAH,03:00:00,05:00:00,120,2024-05-19,available,,,,,16.0,17.0,11.0,89.0,171.0,366.0
0,HAT239,ATL,IAH,03:00:00,05:00:00,120,2024-05-20,available,,,,,12.0,3.0,15.0,64.0,184.0,293.0
0,HAT239,ATL,IAH,03:00:00,05:00:00,120,2024-05-21,available,,,,,6.0,8.0,3.0,53.0,115.0,409.0
0,HAT239,ATL,IAH,03:00:00,05:00:00,120,2024-05-22,available,,,,,0.0,10.0,5.0,86.0,164.0,298.0
0,HAT239,ATL,IAH,03:00:00,05:00:00,120,2024-05-23,available,,,,,8.0,8.0,4.0,62.0,200.0,427.0
0,HAT239,ATL,IAH,03:00:00,05:00:00,120,2024-05-24,available,,,,,13.0,1.0,9.0,51.0,191.0,350.0
0,HAT239,ATL,IAH,03:00:00,05:00:00,120,2024-05-25,available,,,,,9.0,15.0,8.0,89.0,130.0,450.0
0,HAT239,ATL,IAH,03:00:00,05:00:00,120,2024-05-26,available,,,,,9.0,12.0,6.0,90.0,167.0,302.0
0,HAT239,ATL,IAH,03:00:00,05:00:00,120,2024-05-27,available,,,,,9.0,11.0,6.0,58.0,103.0,308.0
0,HAT239,ATL,IAH,03:00:00,05:00:00,120,2024-05-28,available,,,,,19.0,13.0,3.0,82.0,101.0,216.0
0,HAT239,ATL,IAH,03:00:00,05:00:00,120,2024-05-29,available,,,,,6.0,5.0,14.0,96.0,123.0,484.0
0,HAT239,ATL,IAH,03:00:00,05:00:00,120,2024-05-30,available,,,,,15.0,12.0,19.0,54.0,152.0,405.0
0,HAT240,ATL,IAH,08:00:00,10:00:00,120,2024-05-01,landed,2024-05-01T08:08:00,2024-05-01T10:51:00,,,,,,,,
0,HAT240,ATL,IAH,08:00:00,10:00:00,120,2024-05-02,landed,2024-05-02T08:36:00,2024-05-02T10:40:00,,,,,,,,
0,HAT240,ATL,IAH,08:00:00,10:00:00,120,2024-05-03,cancelled,,,,,,,,,,
0,HAT240,ATL,IAH,08:00:00,10:00:00,120,2024-05-04,landed,2024-05-04T07:48:00,2024-05-04T09:39:00,,,,,,,,
0,HAT240,ATL,IAH,08:00:00,10:00:00,120,2024-05-05,landed,2024-05-05T07:42:00,2024-05-05T10:50:00,,,,,,,,
0,HAT240,ATL,IAH,08:00:00,10:00:00,120,2024-05-06,landed,2024-05-06T08:29:00,2024-05-06T10:04:00,,,,,,,,
0,HAT240,ATL,IAH,08:00:00,10:00:00,120,2024-05-07,landed,2024-05-07T08:14:00,2024-05-07T10:25:00,,,,,,,,
0,HAT240,ATL,IAH,08:00:00,10:00:00,120,2024-05-08,landed,2024-05-08T07:53:00,2024-05-08T10:23:00,,,,,,,,
0,HAT240,ATL,IAH,08:00:00,10:00:00,120,2024-05-09,cancelled,,,,,,,,,,
0,HAT240,ATL,IAH,08:00:00,10:00:00,120,2024-05-10,landed,2024-05-10T07:50:00,2024-05-10T10:37:00,,,,,,,,
0,HAT240,ATL,IAH,08:00:00,10:00:00,120,2024-05-11,landed,2024-05-11T08:29:00,2024-05-11T10:13:00,,,,,,,,
0,HAT240,ATL,IAH,08:00:00,10:00:00,120,2024-05-12,landed,2024-05-12T08:18:00,2024-05-12T10:00:00,,,,,,,,
0,HAT240,ATL,IAH,08:00:00,10:00:00,120,2024-05-13,landed,2024-05-13T08:08:00,2024-05-13T10:30:00,,,,,,,,
0,HAT240,ATL,IAH,08:00:00,10:00:00,120,2024-05-14,landed,2024-05-14T08:30:00,2024-05-14T10:31:00,,,,,,,,
0,HAT240,ATL,IAH,08:00:00,10:00:00,120,2024-05-15,landed,2024-05-15T08:38:00,2024-05-15T09:35:00,,,,,,,,
0,HAT240,ATL,IAH,08:00:00,10:00:00,120,2024-05-16,available,,,,,1.0,15.0,10.0,88.0,129.0,219.0
0,HAT240,ATL,IAH,08:00:00,10:00:00,120,2024-05-17,available,,,,,18.0,12.0,16.0,53.0,114.0,276.0
0,HAT240,ATL,IAH,08:00:00,10:00:00,120,2024-05-18,available,,,,,8.0,11.0,5.0,97.0,171.0,266.0
0,HAT240,ATL,IAH,08:00:00,10:00:00,120,2024-05-19,available,,,,,16.0,9.0,18.0,52.0,145.0,360.0
0,HAT240,ATL,IAH,08:00:00,10:00:00,120,2024-05-20,available,,,,,20.0,3.0,20.0,63.0,134.0,422.0
0,HAT240,ATL,IAH,08:00:00,10:00:00,120,2024-05-21,available,,,,,20.0,10.0,4.0,68.0,106.0,273.0
0,HAT240,ATL,IAH,08:00:00,10:00:00,120,2024-05-22,available,,,,,9.0,18.0,7.0,71.0,184.0,223.0
0,HAT240,ATL,IAH,08:00:00,10:00:00,120,2024-05-23,available,,,,,2.0,4.0,4.0,51.0,124.0,296.0
0,HAT240,ATL,IAH,08:00:00,10:00:00,120,2024-05-24,available,,,,,15.0,9.0,14.0,82.0,182.0,220.0
0,HAT240,ATL,IAH,08:00:00,10:00:00,120,2024-05-25,available,,,,,13.0,12.0,2.0,62.0,121.0,460.0
0,HAT240,ATL,IAH,08:00:00,10:00:00,120,2024-05-26,available,,,,,6.0,17.0,20.0,64.0,149.0,261.0
0,HAT240,ATL,IAH,08:00:00,10:00:00,120,2024-05-27,available,,,,,7.0,14.0,2.0,74.0,107.0,342.0
0,HAT240,ATL,IAH,08:00:00,10:00:00,120,2024-05-28,available,,,,,14.0,9.0,7.0,57.0,105.0,386.0
0,HAT240,ATL,IAH,08:00:00,10:00:00,120,2024-05-29,available,,,,,9.0,15.0,5.0,74.0,175.0,275.0
0,HAT240,ATL,IAH,08:00:00,10:00:00,120,2024-05-30,available,,,,,4.0,12.0,10.0,92.0,136.0,459.0
0,HAT241,ATL,IAH,12:00:00,14:00:00,120,2024-05-01,landed,2024-05-01T12:15:00,2024-05-01T13:36:00,,,,,,,,
0,HAT241,ATL,IAH,12:00:00,14:00:00,120,2024-05-02,landed,2024-05-02T11:45:00,2024-05-02T14:25:00,,,,,,,,
0,HAT241,ATL,IAH,12:00:00,14:00:00,120,2024-05-03,landed,2024-05-03T12:34:00,2024-05-03T14:17:00,,,,,,,,
0,HAT241,ATL,IAH,12:00:00,14:00:00,120,2024-05-04,cancelled,,,,,,,,,,
0,HAT241,ATL,IAH,12:00:00,14:00:00,120,2024-05-05,landed,2024-05-05T12:07:00,2024-05-05T13:54:00,,,,,,,,
0,HAT241,ATL,IAH,12:00:00,14:00:00,120,2024-05-06,landed,2024-05-06T11:51:00,2024-05-06T14:25:00,,,,,,,,
0,HAT241,ATL,IAH,12:00:00,14:00:00,120,2024-05-07,landed,2024-05-07T12:29:00,2024-05-07T13:40:00,,,,,,,,
0,HAT241,ATL,IAH,12:00:00,14:00:00,120,2024-05-08,landed,2024-05-08T12:23:00,2024-05-08T14:53:00,,,,,,,,
0,HAT241,ATL,IAH,12:00:00,14:00:00,120,2024-05-09,landed,2024-05-09T12:31:00,2024-05-09T14:34:00,,,,,,,,
0,HAT241,ATL,IAH,12:00:00,14:00:00,120,2024-05-10,landed,2024-05-10T12:12:00,2024-05-10T14:10:00,,,,,,,,
0,HAT241,ATL,IAH,12:00:00,14:00:00,120,2024-05-11,landed,2024-05-11T11:59:00,2024-05-11T14:43:00,,,,,,,,
0,HAT241,ATL,IAH,12:00:00,14:00:00,120,2024-05-12,landed,2024-05-12T12:24:00,2024-05-12T14:36:00,,,,,,,,
0,HAT241,ATL,IAH,12:00:00,14:00:00,120,2024-05-13,landed,2024-05-13T11:49:00,2024-05-13T14:46:00,,,,,,,,
0,HAT241,ATL,IAH,12:00:00,14:00:00,120,2024-05-14,landed,2024-05-14T12:38:00,2024-05-14T14:15:00,,,,,,,,
0,HAT241,ATL,IAH,12:00:00,14:00:00,120,2024-05-15,landed,2024-05-15T12:11:00,2024-05-15T14:52:00,,,,,,,,
0,HAT241,ATL,IAH,12:00:00,14:00:00,120,2024-05-16,available,,,,,1.0,19.0,5.0,53.0,131.0,391.0
0,HAT241,ATL,IAH,12:00:00,14:00:00,120,2024-05-17,available,,,,,10.0,19.0,15.0,91.0,107.0,430.0
0,HAT241,ATL,IAH,12:00:00,14:00:00,120,2024-05-18,available,,,,,11.0,9.0,16.0,72.0,151.0,291.0
0,HAT241,ATL,IAH,12:00:00,14:00:00,120,2024-05-19,available,,,,,18.0,0.0,15.0,85.0,167.0,354.0
0,HAT241,ATL,IAH,12:00:00,14:00:00,120,2024-05-20,available,,,,,10.0,5.0,1.0,68.0,176.0,485.0
0,HAT241,ATL,IAH,12:00:00,14:00:00,120,2024-05-21,available,,,,,0.0,14.0,13.0,55.0,182.0,427.0
0,HAT241,ATL,IAH,12:00:00,14:00:00,120,2024-05-22,available,,,,,14.0,13.0,7.0,79.0,147.0,419.0
0,HAT241,ATL,IAH,12:00:00,14:00:00,120,2024-05-23,available,,,,,5.0,10.0,5.0,96.0,108.0,228.0
0,HAT241,ATL,IAH,12:00:00,14:00:00,120,2024-05-24,available,,,,,4.0,14.0,7.0,86.0,189.0,260.0
0,HAT241,ATL,IAH,12:00:00,14:00:00,120,2024-05-25,available,,,,,5.0,19.0,11.0,69.0,197.0,322.0
0,HAT241,ATL,IAH,12:00:00,14:00:00,120,2024-05-26,available,,,,,13.0,16.0,14.0,95.0,161.0,377.0
0,HAT241,ATL,IAH,12:00:00,14:00:00,120,2024-05-27,available,,,,,15.0,18.0,11.0,85.0,117.0,330.0
0,HAT241,ATL,IAH,12:00:00,14:00:00,120,2024-05-28,available,,,,,13.0,19.0,12.0,100.0,176.0,445.0
0,HAT241,ATL,IAH,12:00:00,14:00:00,120,2024-05-29,available,,,,,3.0,14.0,3.0,68.0,120.0,310.0
0,HAT241,ATL,IAH,12:00:00,14:00:00,120,2024-05-30,available,,,,,18.0,19.0,19.0,59.0,190.0,290.0
0,HAT242,PHX,LAX,13:00:00,16:00:00,180,2024-05-01,landed,2024-05-01T13:24:00,2024-05-01T16:43:00,,,,,,,,
0,HAT242,PHX,LAX,13:00:00,16:00:00,180,2024-05-02,cancelled,,,,,,,,,,
0,HAT242,PHX,LAX,13:00:00,16:00:00,180,2024-05-03,landed,2024-05-03T13:07:00,2024-05-03T16:39:00,,,,,,,,
0,HAT242,PHX,LAX,13:00:00,16:00:00,180,2024-05-04,landed,2024-05-04T13:40:00,2024-05-04T16:10:00,,,,,,,,
0,HAT242,PHX,LAX,13:00:00,16:00:00,180,2024-05-05,landed,2024-05-05T12:54:00,2024-05-05T16:15:00,,,,,,,,
0,HAT242,PHX,LAX,13:00:00,16:00:00,180,2024-05-06,landed,2024-05-06T13:22:00,2024-05-06T15:54:00,,,,,,,,
0,HAT242,PHX,LAX,13:00:00,16:00:00,180,2024-05-07,landed,2024-05-07T13:36:00,2024-05-07T16:43:00,,,,,,,,
0,HAT242,PHX,LAX,13:00:00,16:00:00,180,2024-05-08,landed,2024-05-08T13:39:00,2024-05-08T16:06:00,,,,,,,,
0,HAT242,PHX,LAX,13:00:00,16:00:00,180,2024-05-09,cancelled,,,,,,,,,,
0,HAT242,PHX,LAX,13:00:00,16:00:00,180,2024-05-10,landed,2024-05-10T12:41:00,2024-05-10T16:39:00,,,,,,,,
0,HAT242,PHX,LAX,13:00:00,16:00:00,180,2024-05-11,landed,2024-05-11T13:17:00,2024-05-11T16:21:00,,,,,,,,
0,HAT242,PHX,LAX,13:00:00,16:00:00,180,2024-05-12,landed,2024-05-12T13:36:00,2024-05-12T16:26:00,,,,,,,,
0,HAT242,PHX,LAX,13:00:00,16:00:00,180,2024-05-13,landed,2024-05-13T12:41:00,2024-05-13T16:08:00,,,,,,,,
0,HAT242,PHX,LAX,13:00:00,16:00:00,180,2024-05-14,landed,2024-05-14T13:19:00,2024-05-14T16:50:00,,,,,,,,
0,HAT242,PHX,LAX,13:00:00,16:00:00,180,2024-05-15,flying,2024-05-15T13:25:00,,,2024-05-15T16:42:00,,,,,,
0,HAT242,PHX,LAX,13:00:00,16:00:00,180,2024-05-16,available,,,,,14.0,4.0,17.0,74.0,119.0,286.0
0,HAT242,PHX,LAX,13:00:00,16:00:00,180,2024-05-17,available,,,,,16.0,13.0,18.0,96.0,108.0,395.0
0,HAT242,PHX,LAX,13:00:00,16:00:00,180,2024-05-18,available,,,,,3.0,15.0,0.0,95.0,183.0,234.0
0,HAT242,PHX,LAX,13:00:00,16:00:00,180,2024-05-19,available,,,,,18.0,2.0,8.0,89.0,176.0,363.0
0,HAT242,PHX,LAX,13:00:00,16:00:00,180,2024-05-20,available,,,,,6.0,17.0,18.0,99.0,178.0,392.0
0,HAT242,PHX,LAX,13:00:00,16:00:00,180,2024-05-21,available,,,,,11.0,1.0,10.0,94.0,163.0,292.0
0,HAT242,PHX,LAX,13:00:00,16:00:00,180,2024-05-22,available,,,,,9.0,20.0,8.0,75.0,106.0,262.0
0,HAT242,PHX,LAX,13:00:00,16:00:00,180,2024-05-23,available,,,,,12.0,7.0,2.0,81.0,189.0,424.0
0,HAT242,PHX,LAX,13:00:00,16:00:00,180,2024-05-24,available,,,,,18.0,19.0,4.0,81.0,176.0,314.0
0,HAT242,PHX,LAX,13:00:00,16:00:00,180,2024-05-25,available,,,,,20.0,18.0,17.0,70.0,159.0,277.0
0,HAT242,PHX,LAX,13:00:00,16:00:00,180,2024-05-26,available,,,,,16.0,8.0,3.0,61.0,117.0,261.0
0,HAT242,PHX,LAX,13:00:00,16:00:00,180,2024-05-27,available,,,,,5.0,8.0,11.0,58.0,106.0,383.0
0,HAT242,PHX,LAX,13:00:00,16:00:00,180,2024-05-28,available,,,,,5.0,6.0,3.0,65.0,122.0,359.0
0,HAT242,PHX,LAX,13:00:00,16:00:00,180,2024-05-29,available,,,,,6.0,20.0,15.0,72.0,190.0,247.0
0,HAT242,PHX,LAX,13:00:00,16:00:00,180,2024-05-30,available,,,,,8.0,19.0,11.0,69.0,123.0,428.0
0,HAT243,PHX,LAX,23:00:00,02:00:00+1,180,2024-05-01,landed,2024-05-01T23:12:00,2024-05-02T02:20:00,,,,,,,,
0,HAT243,PHX,LAX,23:00:00,02:00:00+1,180,2024-05-02,landed,2024-05-02T22:52:00,2024-05-03T01:55:00,,,,,,,,
0,HAT243,PHX,LAX,23:00:00,02:00:00+1,180,2024-05-03,landed,2024-05-03T23:14:00,2024-05-04T02:36:00,,,,,,,,
0,HAT243,PHX,LAX,23:00:00,02:00:00+1,180,2024-05-04,landed,2024-05-04T23:03:00,2024-05-05T02:20:00,,,,,,,,
0,HAT243,PHX,LAX,23:00:00,02:00:00+1,180,2024-05-05,landed,2024-05-05T23:20:00,2024-05-06T02:02:00,,,,,,,,
0,HAT243,PHX,LAX,23:00:00,02:00:00+1,180,2024-05-06,landed,2024-05-06T23:11:00,2024-05-07T02:39:00,,,,,,,,
0,HAT243,PHX,LAX,23:00:00,02:00:00+1,180,2024-05-07,landed,2024-05-07T22:46:00,2024-05-08T01:57:00,,,,,,,,
0,HAT243,PHX,LAX,23:00:00,02:00:00+1,180,2024-05-08,landed,2024-05-08T23:13:00,2024-05-09T02:35:00,,,,,,,,
0,HAT243,PHX,LAX,23:00:00,02:00:00+1,180,2024-05-09,landed,2024-05-09T23:08:00,2024-05-10T02:11:00,,,,,,,,
0,HAT243,PHX,LAX,23:00:00,02:00:00+1,180,2024-05-10,landed,2024-05-10T23:28:00,2024-05-11T02:41:00,,,,,,,,
0,HAT243,PHX,LAX,23:00:00,02:00:00+1,180,2024-05-11,cancelled,,,,,,,,,,
0,HAT243,PHX,LAX,23:00:00,02:00:00+1,180,2024-05-12,landed,2024-05-12T22:59:00,2024-05-13T01:45:00,,,,,,,,
0,HAT243,PHX,LAX,23:00:00,02:00:00+1,180,2024-05-13,landed,2024-05-13T22:49:00,2024-05-14T02:38:00,,,,,,,,
0,HAT243,PHX,LAX,23:00:00,02:00:00+1,180,2024-05-14,landed,2024-05-14T22:54:00,2024-05-15T02:27:00,,,,,,,,
0,HAT243,PHX,LAX,23:00:00,02:00:00+1,180,2024-05-15,delayed,,,2024-05-15T23:50:00,2024-05-16T03:08:00,,,,,,
0,HAT243,PHX,LAX,23:00:00,02:00:00+1,180,2024-05-16,available,,,,,0.0,12.0,2.0,75.0,146.0,208.0
0,HAT243,PHX,LAX,23:00:00,02:00:00+1,180,2024-05-17,available,,,,,16.0,14.0,19.0,68.0,182.0,361.0
0,HAT243,PHX,LAX,23:00:00,02:00:00+1,180,2024-05-18,available,,,,,15.0,17.0,12.0,69.0,172.0,439.0
0,HAT243,PHX,LAX,23:00:00,02:00:00+1,180,2024-05-19,available,,,,,5.0,8.0,13.0,77.0,165.0,441.0
0,HAT243,PHX,LAX,23:00:00,02:00:00+1,180,2024-05-20,available,,,,,2.0,2.0,0.0,67.0,157.0,233.0
0,HAT243,PHX,LAX,23:00:00,02:00:00+1,180,2024-05-21,available,,,,,13.0,2.0,6.0,68.0,162.0,403.0
0,HAT243,PHX,LAX,23:00:00,02:00:00+1,180,2024-05-22,available,,,,,11.0,5.0,19.0,88.0,159.0,500.0
0,HAT243,PHX,LAX,23:00:00,02:00:00+1,180,2024-05-23,available,,,,,19.0,0.0,11.0,66.0,179.0,355.0
0,HAT243,PHX,LAX,23:00:00,02:00:00+1,180,2024-05-24,available,,,,,0.0,1.0,15.0,67.0,146.0,392.0
0,HAT243,PHX,LAX,23:00:00,02:00:00+1,180,2024-05-25,available,,,,,8.0,20.0,10.0,97.0,125.0,281.0
0,HAT243,PHX,LAX,23:00:00,02:00:00+1,180,2024-05-26,available,,,,,7.0,9.0,17.0,75.0,145.0,444.0
0,HAT243,PHX,LAX,23:00:00,02:00:00+1,180,2024-05-27,available,,,,,7.0,8.0,10.0,77.0,200.0,393.0
0,HAT243,PHX,LAX,23:00:00,02:00:00+1,180,2024-05-28,available,,,,,18.0,6.0,2.0,53.0,199.0,311.0
0,HAT243,PHX,LAX,23:00:00,02:00:00+1,180,2024-05-29,available,,,,,8.0,4.0,3.0,52.0,107.0,353.0
0,HAT243,PHX,LAX,23:00:00,02:00:00+1,180,2024-05-30,available,,,,,14.0,13.0,2.0,53.0,102.0,248.0
0,HAT244,JFK,LAX,06:00:00,08:00:00,120,2024-05-01,landed,2024-05-01T05:57:00,2024-05-01T08:39:00,,,,,,,,
0,HAT244,JFK,LAX,06:00:00,08:00:00,120,2024-05-02,landed,2024-05-02T06:04:00,2024-05-02T08:01:00,,,,,,,,
0,HAT244,JFK,LAX,06:00:00,08:00:00,120,2024-05-03,landed,2024-05-03T06:33:00,2024-05-03T08:22:00,,,,,,,,
0,HAT244,JFK,LAX,06:00:00,08:00:00,120,2024-05-04,landed,2024-05-04T06:39:00,2024-05-04T08:45:00,,,,,,,,
0,HAT244,JFK,LAX,06:00:00,08:00:00,120,2024-05-05,cancelled,,,,,,,,,,
0,HAT244,JFK,LAX,06:00:00,08:00:00,120,2024-05-06,landed,2024-05-06T06:34:00,2024-05-06T08:28:00,,,,,,,,
0,HAT244,JFK,LAX,06:00:00,08:00:00,120,2024-05-07,landed,2024-05-07T06:01:00,2024-05-07T07:36:00,,,,,,,,
0,HAT244,JFK,LAX,06:00:00,08:00:00,120,2024-05-08,landed,2024-05-08T05:58:00,2024-05-08T08:42:00,,,,,,,,
0,HAT244,JFK,LAX,06:00:00,08:00:00,120,2024-05-09,landed,2024-05-09T06:28:00,2024-05-09T08:46:00,,,,,,,,
0,HAT244,JFK,LAX,06:00:00,08:00:00,120,2024-05-10,landed,2024-05-10T06:07:00,2024-05-10T08:14:00,,,,,,,,
0,HAT244,JFK,LAX,06:00:00,08:00:00,120,2024-05-11,landed,2024-05-11T05:42:00,2024-05-11T07:37:00,,,,,,,,
0,HAT244,JFK,LAX,06:00:00,08:00:00,120,2024-05-12,landed,2024-05-12T05:42:00,2024-05-12T07:53:00,,,,,,,,
0,HAT244,JFK,LAX,06:00:00,08:00:00,120,2024-05-13,landed,2024-05-13T05:54:00,2024-05-13T08:52:00,,,,,,,,
0,HAT244,JFK,LAX,06:00:00,08:00:00,120,2024-05-14,landed,2024-05-14T05:46:00,2024-05-14T08:37:00,,,,,,,,
0,HAT244,JFK,LAX,06:00:00,08:00:00,120,2024-05-15,landed,2024-05-15T06:20:00,2024-05-15T08:55:00,,,,,,,,
0,HAT244,JFK,LAX,06:00:00,08:00:00,120,2024-05-16,available,,,,,10.0,7.0,15.0,70.0,143.0,201.0
0,HAT244,JFK,LAX,06:00:00,08:00:00,120,2024-05-17,available,,,,,12.0,9.0,14.0,71.0,107.0,326.0
0,HAT244,JFK,LAX,06:00:00,08:00:00,120,2024-05-18,available,,,,,16.0,14.0,17.0,93.0,180.0,210.0
0,HAT244,JFK,LAX,06:00:00,08:00:00,120,2024-05-19,available,,,,,7.0,1.0,20.0,61.0,182.0,334.0
0,HAT244,JFK,LAX,06:00:00,08:00:00,120,2024-05-20,available,,,,,12.0,10.0,3.0,80.0,191.0,359.0
0,HAT244,JFK,LAX,06:00:00,08:00:00,120,2024-05-21,available,,,,,5.0,9.0,6.0,91.0,170.0,239.0
0,HAT244,JFK,LAX,06:00:00,08:00:00,120,2024-05-22,available,,,,,9.0,6.0,19.0,69.0,138.0,483.0
0,HAT244,JFK,LAX,06:00:00,08:00:00,120,2024-05-23,available,,,,,4.0,7.0,6.0,63.0,161.0,423.0
0,HAT244,JFK,LAX,06:00:00,08:00:00,120,2024-05-24,available,,,,,14.0,17.0,16.0,70.0,154.0,200.0
0,HAT244,JFK,LAX,06:00:00,08:00:00,120,2024-05-25,available,,,,,7.0,4.0,12.0,95.0,115.0,323.0
0,HAT244,JFK,LAX,06:00:00,08:00:00,120,2024-05-26,available,,,,,14.0,15.0,10.0,63.0,164.0,455.0
0,HAT244,JFK,LAX,06:00:00,08:00:00,120,2024-05-27,available,,,,,1.0,3.0,13.0,94.0,118.0,413.0
0,HAT244,JFK,LAX,06:00:00,08:00:00,120,2024-05-28,available,,,,,17.0,7.0,11.0,56.0,174.0,240.0
0,HAT244,JFK,LAX,06:00:00,08:00:00,120,2024-05-29,available,,,,,7.0,2.0,7.0,80.0,119.0,266.0
0,HAT244,JFK,LAX,06:00:00,08:00:00,120,2024-05-30,available,,,,,8.0,18.0,9.0,80.0,113.0,205.0
0,HAT245,JFK,LAX,19:00:00,21:00:00,120,2024-05-01,landed,2024-05-01T19:36:00,2024-05-01T21:38:00,,,,,,,,
0,HAT245,JFK,LAX,19:00:00,21:00:00,120,2024-05-02,landed,2024-05-02T19:18:00,2024-05-02T21:19:00,,,,,,,,
0,HAT245,JFK,LAX,19:00:00,21:00:00,120,2024-05-03,landed,2024-05-03T18:46:00,2024-05-03T21:41:00,,,,,,,,
0,HAT245,JFK,LAX,19:00:00,21:00:00,120,2024-05-04,landed,2024-05-04T18:45:00,2024-05-04T21:31:00,,,,,,,,
0,HAT245,JFK,LAX,19:00:00,21:00:00,120,2024-05-05,landed,2024-05-05T18:56:00,2024-05-05T21:11:00,,,,,,,,
0,HAT245,JFK,LAX,19:00:00,21:00:00,120,2024-05-06,landed,2024-05-06T19:06:00,2024-05-06T21:07:00,,,,,,,,
0,HAT245,JFK,LAX,19:00:00,21:00:00,120,2024-05-07,landed,2024-05-07T18:46:00,2024-05-07T21:29:00,,,,,,,,
0,HAT245,JFK,LAX,19:00:00,21:00:00,120,2024-05-08,landed,2024-05-08T19:40:00,2024-05-08T21:14:00,,,,,,,,
0,HAT245,JFK,LAX,19:00:00,21:00:00,120,2024-05-09,landed,2024-05-09T19:03:00,2024-05-09T21:14:00,,,,,,,,
0,HAT245,JFK,LAX,19:00:00,21:00:00,120,2024-05-10,landed,2024-05-10T19:30:00,2024-05-10T21:12:00,,,,,,,,
0,HAT245,JFK,LAX,19:00:00,21:00:00,120,2024-05-11,landed,2024-05-11T19:33:00,2024-05-11T20:42:00,,,,,,,,
0,HAT245,JFK,LAX,19:00:00,21:00:00,120,2024-05-12,landed,2024-05-12T18:41:00,2024-05-12T21:53:00,,,,,,,,
0,HAT245,JFK,LAX,19:00:00,21:00:00,120,2024-05-13,landed,2024-05-13T19:36:00,2024-05-13T21:15:00,,,,,,,,
0,HAT245,JFK,LAX,19:00:00,21:00:00,120,2024-05-14,landed,2024-05-14T18:41:00,2024-05-14T21:53:00,,,,,,,,
0,HAT245,JFK,LAX,19:00:00,21:00:00,120,2024-05-15,delayed,,,2024-05-15T21:12:00,2024-05-15T23:58:00,,,,,,
0,HAT245,JFK,LAX,19:00:00,21:00:00,120,2024-05-16,available,,,,,8.0,8.0,4.0,91.0,119.0,210.0
0,HAT245,JFK,LAX,19:00:00,21:00:00,120,2024-05-17,available,,,,,20.0,0.0,19.0,64.0,105.0,242.0
0,HAT245,JFK,LAX,19:00:00,21:00:00,120,2024-05-18,available,,,,,13.0,4.0,7.0,55.0,196.0,278.0
0,HAT245,JFK,LAX,19:00:00,21:00:00,120,2024-05-19,available,,,,,4.0,6.0,20.0,61.0,193.0,419.0
0,HAT245,JFK,LAX,19:00:00,21:00:00,120,2024-05-20,available,,,,,8.0,19.0,12.0,60.0,123.0,267.0
0,HAT245,JFK,LAX,19:00:00,21:00:00,120,2024-05-21,available,,,,,2.0,18.0,3.0,72.0,186.0,316.0
0,HAT245,JFK,LAX,19:00:00,21:00:00,120,2024-05-22,available,,,,,2.0,16.0,11.0,99.0,138.0,361.0
0,HAT245,JFK,LAX,19:00:00,21:00:00,120,2024-05-23,available,,,,,2.0,17.0,9.0,85.0,173.0,285.0
0,HAT245,JFK,LAX,19:00:00,21:00:00,120,2024-05-24,available,,,,,20.0,8.0,14.0,73.0,130.0,366.0
0,HAT245,JFK,LAX,19:00:00,21:00:00,120,2024-05-25,available,,,,,17.0,13.0,13.0,54.0,158.0,339.0
0,HAT245,JFK,LAX,19:00:00,21:00:00,120,2024-05-26,available,,,,,14.0,0.0,13.0,94.0,127.0,323.0
0,HAT245,JFK,LAX,19:00:00,21:00:00,120,2024-05-27,available,,,,,7.0,8.0,4.0,59.0,125.0,461.0
0,HAT245,JFK,LAX,19:00:00,21:00:00,120,2024-05-28,available,,,,,2.0,0.0,16.0,73.0,166.0,220.0
0,HAT245,JFK,LAX,19:00:00,21:00:00,120,2024-05-29,available,,,,,2.0,1.0,18.0,96.0,193.0,352.0
0,HAT245,JFK,LAX,19:00:00,21:00:00,120,2024-05-30,available,,,,,3.0,6.0,13.0,92.0,109.0,318.0
0,HAT246,JFK,LAX,16:00:00,18:00:00,120,2024-05-01,landed,2024-05-01T16:40:00,2024-05-01T18:29:00,,,,,,,,
0,HAT246,JFK,LAX,16:00:00,18:00:00,120,2024-05-02,landed,2024-05-02T15:46:00,2024-05-02T18:18:00,,,,,,,,
0,HAT246,JFK,LAX,16:00:00,18:00:00,120,2024-05-03,landed,2024-05-03T16:27:00,2024-05-03T18:13:00,,,,,,,,
0,HAT246,JFK,LAX,16:00:00,18:00:00,120,2024-05-04,landed,2024-05-04T15:55:00,2024-05-04T18:45:00,,,,,,,,
0,HAT246,JFK,LAX,16:00:00,18:00:00,120,2024-05-05,landed,2024-05-05T16:34:00,2024-05-05T18:25:00,,,,,,,,
0,HAT246,JFK,LAX,16:00:00,18:00:00,120,2024-05-06,landed,2024-05-06T16:31:00,2024-05-06T18:43:00,,,,,,,,
0,HAT246,JFK,LAX,16:00:00,18:00:00,120,2024-05-07,landed,2024-05-07T15:41:00,2024-05-07T18:46:00,,,,,,,,
0,HAT246,JFK,LAX,16:00:00,18:00:00,120,2024-05-08,landed,2024-05-08T15:40:00,2024-05-08T18:44:00,,,,,,,,
0,HAT246,JFK,LAX,16:00:00,18:00:00,120,2024-05-09,landed,2024-05-09T16:36:00,2024-05-09T18:00:00,,,,,,,,
0,HAT246,JFK,LAX,16:00:00,18:00:00,120,2024-05-10,landed,2024-05-10T16:12:00,2024-05-10T17:52:00,,,,,,,,
0,HAT246,JFK,LAX,16:00:00,18:00:00,120,2024-05-11,landed,2024-05-11T16:28:00,2024-05-11T18:18:00,,,,,,,,
0,HAT246,JFK,LAX,16:00:00,18:00:00,120,2024-05-12,landed,2024-05-12T15:44:00,2024-05-12T18:22:00,,,,,,,,
0,HAT246,JFK,LAX,16:00:00,18:00:00,120,2024-05-13,landed,2024-05-13T16:14:00,2024-05-13T18:47:00,,,,,,,,
0,HAT246,JFK,LAX,16:00:00,18:00:00,120,2024-05-14,landed,2024-05-14T16:32:00,2024-05-14T17:37:00,,,,,,,,
0,HAT246,JFK,LAX,16:00:00,18:00:00,120,2024-05-15,on time,,,2024-05-15T16:21:00,2024-05-15T18:16:00,,,,,,
0,HAT246,JFK,LAX,16:00:00,18:00:00,120,2024-05-16,available,,,,,1.0,7.0,1.0,81.0,117.0,206.0
0,HAT246,JFK,LAX,16:00:00,18:00:00,120,2024-05-17,available,,,,,14.0,16.0,18.0,95.0,168.0,478.0
0,HAT246,JFK,LAX,16:00:00,18:00:00,120,2024-05-18,available,,,,,5.0,13.0,9.0,57.0,175.0,434.0
0,HAT246,JFK,LAX,16:00:00,18:00:00,120,2024-05-19,available,,,,,9.0,12.0,14.0,95.0,155.0,488.0
0,HAT246,JFK,LAX,16:00:00,18:00:00,120,2024-05-20,available,,,,,2.0,11.0,7.0,60.0,117.0,442.0
0,HAT246,JFK,LAX,16:00:00,18:00:00,120,2024-05-21,available,,,,,9.0,14.0,19.0,71.0,195.0,451.0
0,HAT246,JFK,LAX,16:00:00,18:00:00,120,2024-05-22,available,,,,,12.0,20.0,17.0,58.0,137.0,263.0
0,HAT246,JFK,LAX,16:00:00,18:00:00,120,2024-05-23,available,,,,,5.0,15.0,11.0,58.0,168.0,218.0
0,HAT246,JFK,LAX,16:00:00,18:00:00,120,2024-05-24,available,,,,,3.0,7.0,4.0,72.0,179.0,290.0
0,HAT246,JFK,LAX,16:00:00,18:00:00,120,2024-05-25,available,,,,,16.0,18.0,11.0,63.0,171.0,226.0
0,HAT246,JFK,LAX,16:00:00,18:00:00,120,2024-05-26,available,,,,,19.0,18.0,16.0,62.0,164.0,207.0
0,HAT246,JFK,LAX,16:00:00,18:00:00,120,2024-05-27,available,,,,,12.0,18.0,20.0,70.0,187.0,264.0
0,HAT246,JFK,LAX,16:00:00,18:00:00,120,2024-05-28,available,,,,,16.0,5.0,2.0,59.0,146.0,363.0
0,HAT246,JFK,LAX,16:00:00,18:00:00,120,2024-05-29,available,,,,,6.0,8.0,0.0,85.0,135.0,451.0
0,HAT246,JFK,LAX,16:00:00,18:00:00,120,2024-05-30,available,,,,,3.0,10.0,5.0,56.0,185.0,443.0
0,HAT247,JFK,LAX,13:00:00,15:00:00,120,2024-05-01,landed,2024-05-01T13:24:00,2024-05-01T14:58:00,,,,,,,,
0,HAT247,JFK,LAX,13:00:00,15:00:00,120,2024-05-02,landed,2024-05-02T12:59:00,2024-05-02T15:22:00,,,,,,,,
0,HAT247,JFK,LAX,13:00:00,15:00:00,120,2024-05-03,landed,2024-05-03T13:04:00,2024-05-03T15:10:00,,,,,,,,
0,HAT247,JFK,LAX,13:00:00,15:00:00,120,2024-05-04,landed,2024-05-04T13:25:00,2024-05-04T14:47:00,,,,,,,,
0,HAT247,JFK,LAX,13:00:00,15:00:00,120,2024-05-05,landed,2024-05-05T13:09:00,2024-05-05T15:54:00,,,,,,,,
0,HAT247,JFK,LAX,13:00:00,15:00:00,120,2024-05-06,landed,2024-05-06T13:16:00,2024-05-06T15:43:00,,,,,,,,
0,HAT247,JFK,LAX,13:00:00,15:00:00,120,2024-05-07,landed,2024-05-07T13:27:00,2024-05-07T15:54:00,,,,,,,,
0,HAT247,JFK,LAX,13:00:00,15:00:00,120,2024-05-08,landed,2024-05-08T12:50:00,2024-05-08T15:49:00,,,,,,,,
0,HAT247,JFK,LAX,13:00:00,15:00:00,120,2024-05-09,landed,2024-05-09T12:47:00,2024-05-09T15:09:00,,,,,,,,
0,HAT247,JFK,LAX,13:00:00,15:00:00,120,2024-05-10,landed,2024-05-10T12:49:00,2024-05-10T14:51:00,,,,,,,,
0,HAT247,JFK,LAX,13:00:00,15:00:00,120,2024-05-11,landed,2024-05-11T12:45:00,2024-05-11T14:48:00,,,,,,,,
0,HAT247,JFK,LAX,13:00:00,15:00:00,120,2024-05-12,landed,2024-05-12T12:59:00,2024-05-12T15:04:00,,,,,,,,
0,HAT247,JFK,LAX,13:00:00,15:00:00,120,2024-05-13,landed,2024-05-13T13:23:00,2024-05-13T14:50:00,,,,,,,,
0,HAT247,JFK,LAX,13:00:00,15:00:00,120,2024-05-14,landed,2024-05-14T12:48:00,2024-05-14T15:41:00,,,,,,,,
0,HAT247,JFK,LAX,13:00:00,15:00:00,120,2024-05-15,landed,2024-05-15T12:48:00,2024-05-15T14:57:00,,,,,,,,
0,HAT247,JFK,LAX,13:00:00,15:00:00,120,2024-05-16,available,,,,,10.0,6.0,17.0,89.0,178.0,348.0
0,HAT247,JFK,LAX,13:00:00,15:00:00,120,2024-05-17,available,,,,,1.0,9.0,11.0,96.0,122.0,272.0
0,HAT247,JFK,LAX,13:00:00,15:00:00,120,2024-05-18,available,,,,,6.0,8.0,19.0,79.0,177.0,360.0
0,HAT247,JFK,LAX,13:00:00,15:00:00,120,2024-05-19,available,,,,,18.0,11.0,9.0,75.0,200.0,478.0
0,HAT247,JFK,LAX,13:00:00,15:00:00,120,2024-05-20,available,,,,,19.0,13.0,15.0,65.0,189.0,259.0
0,HAT247,JFK,LAX,13:00:00,15:00:00,120,2024-05-21,available,,,,,0.0,5.0,13.0,60.0,200.0,257.0
0,HAT247,JFK,LAX,13:00:00,15:00:00,120,2024-05-22,available,,,,,19.0,4.0,0.0,55.0,175.0,458.0
0,HAT247,JFK,LAX,13:00:00,15:00:00,120,2024-05-23,available,,,,,9.0,3.0,15.0,54.0,139.0,439.0
0,HAT247,JFK,LAX,13:00:00,15:00:00,120,2024-05-24,available,,,,,17.0,9.0,15.0,85.0,140.0,291.0
0,HAT247,JFK,LAX,13:00:00,15:00:00,120,2024-05-25,available,,,,,16.0,11.0,19.0,50.0,130.0,210.0
0,HAT247,JFK,LAX,13:00:00,15:00:00,120,2024-05-26,available,,,,,16.0,11.0,15.0,50.0,124.0,440.0
0,HAT247,JFK,LAX,13:00:00,15:00:00,120,2024-05-27,available,,,,,0.0,8.0,14.0,63.0,106.0,283.0
0,HAT247,JFK,LAX,13:00:00,15:00:00,120,2024-05-28,available,,,,,1.0,12.0,11.0,100.0,101.0,294.0
0,HAT247,JFK,LAX,13:00:00,15:00:00,120,2024-05-29,available,,,,,16.0,18.0,0.0,64.0,173.0,263.0
0,HAT247,JFK,LAX,13:00:00,15:00:00,120,2024-05-30,available,,,,,0.0,1.0,12.0,76.0,110.0,469.0
0,HAT248,DEN,PHX,23:00:00,03:00:00+1,240,2024-05-01,landed,2024-05-01T23:20:00,2024-05-02T02:49:00,,,,,,,,
0,HAT248,DEN,PHX,23:00:00,03:00:00+1,240,2024-05-02,landed,2024-05-02T22:59:00,2024-05-03T03:36:00,,,,,,,,
0,HAT248,DEN,PHX,23:00:00,03:00:00+1,240,2024-05-03,landed,2024-05-03T23:28:00,2024-05-04T03:26:00,,,,,,,,
0,HAT248,DEN,PHX,23:00:00,03:00:00+1,240,2024-05-04,landed,2024-05-04T23:26:00,2024-05-05T03:20:00,,,,,,,,
0,HAT248,DEN,PHX,23:00:00,03:00:00+1,240,2024-05-05,landed,2024-05-05T23:28:00,2024-05-06T03:49:00,,,,,,,,
0,HAT248,DEN,PHX,23:00:00,03:00:00+1,240,2024-05-06,landed,2024-05-06T23:16:00,2024-05-07T03:20:00,,,,,,,,
0,HAT248,DEN,PHX,23:00:00,03:00:00+1,240,2024-05-07,landed,2024-05-07T23:30:00,2024-05-08T03:05:00,,,,,,,,
0,HAT248,DEN,PHX,23:00:00,03:00:00+1,240,2024-05-08,landed,2024-05-08T22:43:00,2024-05-09T02:56:00,,,,,,,,
0,HAT248,DEN,PHX,23:00:00,03:00:00+1,240,2024-05-09,landed,2024-05-09T22:54:00,2024-05-10T02:38:00,,,,,,,,
0,HAT248,DEN,PHX,23:00:00,03:00:00+1,240,2024-05-10,landed,2024-05-10T22:45:00,2024-05-11T03:53:00,,,,,,,,
0,HAT248,DEN,PHX,23:00:00,03:00:00+1,240,2024-05-11,landed,2024-05-11T23:34:00,2024-05-12T03:32:00,,,,,,,,
0,HAT248,DEN,PHX,23:00:00,03:00:00+1,240,2024-05-12,landed,2024-05-12T23:04:00,2024-05-13T02:36:00,,,,,,,,
0,HAT248,DEN,PHX,23:00:00,03:00:00+1,240,2024-05-13,landed,2024-05-13T23:31:00,2024-05-14T02:51:00,,,,,,,,
0,HAT248,DEN,PHX,23:00:00,03:00:00+1,240,2024-05-14,landed,2024-05-14T23:19:00,2024-05-15T03:39:00,,,,,,,,
0,HAT248,DEN,PHX,23:00:00,03:00:00+1,240,2024-05-15,on time,,,2024-05-15T23:25:00,2024-05-16T03:18:00,,,,,,
0,HAT248,DEN,PHX,23:00:00,03:00:00+1,240,2024-05-16,available,,,,,17.0,11.0,10.0,57.0,158.0,365.0
0,HAT248,DEN,PHX,23:00:00,03:00:00+1,240,2024-05-17,available,,,,,20.0,10.0,11.0,62.0,122.0,232.0
0,HAT248,DEN,PHX,23:00:00,03:00:00+1,240,2024-05-18,available,,,,,14.0,14.0,18.0,59.0,159.0,278.0
0,HAT248,DEN,PHX,23:00:00,03:00:00+1,240,2024-05-19,available,,,,,18.0,1.0,0.0,86.0,168.0,485.0
0,HAT248,DEN,PHX,23:00:00,03:00:00+1,240,2024-05-20,available,,,,,19.0,13.0,12.0,52.0,189.0,485.0
0,HAT248,DEN,PHX,23:00:00,03:00:00+1,240,2024-05-21,available,,,,,16.0,9.0,19.0,97.0,196.0,369.0
0,HAT248,DEN,PHX,23:00:00,03:00:00+1,240,2024-05-22,available,,,,,18.0,6.0,20.0,72.0,198.0,409.0
0,HAT248,DEN,PHX,23:00:00,03:00:00+1,240,2024-05-23,available,,,,,15.0,8.0,5.0,71.0,139.0,290.0
0,HAT248,DEN,PHX,23:00:00,03:00:00+1,240,2024-05-24,available,,,,,15.0,16.0,14.0,77.0,129.0,286.0
0,HAT248,DEN,PHX,23:00:00,03:00:00+1,240,2024-05-25,available,,,,,17.0,0.0,20.0,99.0,133.0,287.0
0,HAT248,DEN,PHX,23:00:00,03:00:00+1,240,2024-05-26,available,,,,,5.0,9.0,15.0,64.0,180.0,274.0
0,HAT248,DEN,PHX,23:00:00,03:00:00+1,240,2024-05-27,available,,,,,11.0,16.0,20.0,85.0,186.0,459.0
0,HAT248,DEN,PHX,23:00:00,03:00:00+1,240,2024-05-28,available,,,,,0.0,20.0,16.0,81.0,157.0,436.0
0,HAT248,DEN,PHX,23:00:00,03:00:00+1,240,2024-05-29,available,,,,,10.0,13.0,15.0,53.0,146.0,486.0
0,HAT248,DEN,PHX,23:00:00,03:00:00+1,240,2024-05-30,available,,,,,20.0,2.0,16.0,62.0,133.0,384.0
0,HAT249,DFW,MCO,12:00:00,13:30:00,90,2024-05-01,cancelled,,,,,,,,,,
0,HAT249,DFW,MCO,12:00:00,13:30:00,90,2024-05-02,landed,2024-05-02T12:26:00,2024-05-02T13:08:00,,,,,,,,
0,HAT249,DFW,MCO,12:00:00,13:30:00,90,2024-05-03,landed,2024-05-03T11:55:00,2024-05-03T13:33:00,,,,,,,,
0,HAT249,DFW,MCO,12:00:00,13:30:00,90,2024-05-04,landed,2024-05-04T11:49:00,2024-05-04T13:46:00,,,,,,,,
0,HAT249,DFW,MCO,12:00:00,13:30:00,90,2024-05-05,landed,2024-05-05T12:18:00,2024-05-05T14:01:00,,,,,,,,
0,HAT249,DFW,MCO,12:00:00,13:30:00,90,2024-05-06,landed,2024-05-06T12:38:00,2024-05-06T14:21:00,,,,,,,,
0,HAT249,DFW,MCO,12:00:00,13:30:00,90,2024-05-07,landed,2024-05-07T12:36:00,2024-05-07T13:38:00,,,,,,,,
0,HAT249,DFW,MCO,12:00:00,13:30:00,90,2024-05-08,landed,2024-05-08T11:58:00,2024-05-08T13:31:00,,,,,,,,
0,HAT249,DFW,MCO,12:00:00,13:30:00,90,2024-05-09,landed,2024-05-09T12:17:00,2024-05-09T14:10:00,,,,,,,,
0,HAT249,DFW,MCO,12:00:00,13:30:00,90,2024-05-10,landed,2024-05-10T12:16:00,2024-05-10T13:32:00,,,,,,,,
0,HAT249,DFW,MCO,12:00:00,13:30:00,90,2024-05-11,landed,2024-05-11T12:10:00,2024-05-11T13:40:00,,,,,,,,
0,HAT249,DFW,MCO,12:00:00,13:30:00,90,2024-05-12,landed,2024-05-12T12:16:00,2024-05-12T14:13:00,,,,,,,,
0,HAT249,DFW,MCO,12:00:00,13:30:00,90,2024-05-13,landed,2024-05-13T11:46:00,2024-05-13T13:29:00,,,,,,,,
0,HAT249,DFW,MCO,12:00:00,13:30:00,90,2024-05-14,landed,2024-05-14T12:18:00,2024-05-14T13:25:00,,,,,,,,
0,HAT249,DFW,MCO,12:00:00,13:30:00,90,2024-05-15,landed,2024-05-15T12:32:00,2024-05-15T13:35:00,,,,,,,,
0,HAT249,DFW,MCO,12:00:00,13:30:00,90,2024-05-16,available,,,,,18.0,4.0,19.0,90.0,123.0,394.0
0,HAT249,DFW,MCO,12:00:00,13:30:00,90,2024-05-17,available,,,,,6.0,20.0,9.0,78.0,106.0,488.0
0,HAT249,DFW,MCO,12:00:00,13:30:00,90,2024-05-18,available,,,,,18.0,8.0,13.0,60.0,101.0,416.0
0,HAT249,DFW,MCO,12:00:00,13:30:00,90,2024-05-19,available,,,,,4.0,2.0,2.0,81.0,190.0,210.0
0,HAT249,DFW,MCO,12:00:00,13:30:00,90,2024-05-20,available,,,,,19.0,5.0,19.0,81.0,196.0,257.0
0,HAT249,DFW,MCO,12:00:00,13:30:00,90,2024-05-21,available,,,,,11.0,3.0,0.0,84.0,121.0,352.0
0,HAT249,DFW,MCO,12:00:00,13:30:00,90,2024-05-22,available,,,,,5.0,18.0,16.0,58.0,182.0,458.0
0,HAT249,DFW,MCO,12:00:00,13:30:00,90,2024-05-23,available,,,,,11.0,19.0,2.0,87.0,119.0,408.0
0,HAT249,DFW,MCO,12:00:00,13:30:00,90,2024-05-24,available,,,,,6.0,3.0,3.0,63.0,175.0,228.0
0,HAT249,DFW,MCO,12:00:00,13:30:00,90,2024-05-25,available,,,,,2.0,15.0,2.0,81.0,148.0,366.0
0,HAT249,DFW,MCO,12:00:00,13:30:00,90,2024-05-26,available,,,,,2.0,5.0,4.0,63.0,139.0,454.0
0,HAT249,DFW,MCO,12:00:00,13:30:00,90,2024-05-27,available,,,,,7.0,0.0,19.0,66.0,141.0,452.0
0,HAT249,DFW,MCO,12:00:00,13:30:00,90,2024-05-28,available,,,,,15.0,9.0,1.0,63.0,167.0,383.0
0,HAT249,DFW,MCO,12:00:00,13:30:00,90,2024-05-29,available,,,,,5.0,8.0,4.0,76.0,187.0,333.0
0,HAT249,DFW,MCO,12:00:00,13:30:00,90,2024-05-30,available,,,,,5.0,0.0,3.0,65.0,173.0,403.0
0,HAT250,DFW,MCO,14:00:00,15:30:00,90,2024-05-01,landed,2024-05-01T14:22:00,2024-05-01T15:41:00,,,,,,,,
0,HAT250,DFW,MCO,14:00:00,15:30:00,90,2024-05-02,landed,2024-05-02T13:53:00,2024-05-02T16:05:00,,,,,,,,
0,HAT250,DFW,MCO,14:00:00,15:30:00,90,2024-05-03,landed,2024-05-03T14:16:00,2024-05-03T16:24:00,,,,,,,,
0,HAT250,DFW,MCO,14:00:00,15:30:00,90,2024-05-04,landed,2024-05-04T13:53:00,2024-05-04T15:31:00,,,,,,,,
0,HAT250,DFW,MCO,14:00:00,15:30:00,90,2024-05-05,landed,2024-05-05T14:02:00,2024-05-05T15:43:00,,,,,,,,
0,HAT250,DFW,MCO,14:00:00,15:30:00,90,2024-05-06,landed,2024-05-06T14:40:00,2024-05-06T15:19:00,,,,,,,,
0,HAT250,DFW,MCO,14:00:00,15:30:00,90,2024-05-07,landed,2024-05-07T14:36:00,2024-05-07T15:54:00,,,,,,,,
0,HAT250,DFW,MCO,14:00:00,15:30:00,90,2024-05-08,landed,2024-05-08T14:07:00,2024-05-08T15:39:00,,,,,,,,
0,HAT250,DFW,MCO,14:00:00,15:30:00,90,2024-05-09,landed,2024-05-09T14:25:00,2024-05-09T15:45:00,,,,,,,,
0,HAT250,DFW,MCO,14:00:00,15:30:00,90,2024-05-10,landed,2024-05-10T14:02:00,2024-05-10T15:05:00,,,,,,,,
0,HAT250,DFW,MCO,14:00:00,15:30:00,90,2024-05-11,landed,2024-05-11T14:10:00,2024-05-11T15:31:00,,,,,,,,
0,HAT250,DFW,MCO,14:00:00,15:30:00,90,2024-05-12,landed,2024-05-12T14:23:00,2024-05-12T15:38:00,,,,,,,,
0,HAT250,DFW,MCO,14:00:00,15:30:00,90,2024-05-13,landed,2024-05-13T13:51:00,2024-05-13T16:08:00,,,,,,,,
0,HAT250,DFW,MCO,14:00:00,15:30:00,90,2024-05-14,landed,2024-05-14T13:57:00,2024-05-14T15:47:00,,,,,,,,
0,HAT250,DFW,MCO,14:00:00,15:30:00,90,2024-05-15,flying,2024-05-15T13:46:00,,,2024-05-15T16:00:00,,,,,,
0,HAT250,DFW,MCO,14:00:00,15:30:00,90,2024-05-16,available,,,,,1.0,7.0,7.0,52.0,120.0,476.0
0,HAT250,DFW,MCO,14:00:00,15:30:00,90,2024-05-17,available,,,,,9.0,7.0,20.0,78.0,168.0,349.0
0,HAT250,DFW,MCO,14:00:00,15:30:00,90,2024-05-18,available,,,,,7.0,16.0,8.0,83.0,166.0,319.0
0,HAT250,DFW,MCO,14:00:00,15:30:00,90,2024-05-19,available,,,,,0.0,16.0,7.0,97.0,107.0,411.0
0,HAT250,DFW,MCO,14:00:00,15:30:00,90,2024-05-20,available,,,,,7.0,7.0,10.0,95.0,161.0,281.0
0,HAT250,DFW,MCO,14:00:00,15:30:00,90,2024-05-21,available,,,,,10.0,16.0,20.0,93.0,197.0,466.0
0,HAT250,DFW,MCO,14:00:00,15:30:00,90,2024-05-22,available,,,,,1.0,0.0,16.0,59.0,173.0,312.0
0,HAT250,DFW,MCO,14:00:00,15:30:00,90,2024-05-23,available,,,,,1.0,20.0,15.0,83.0,139.0,453.0
0,HAT250,DFW,MCO,14:00:00,15:30:00,90,2024-05-24,available,,,,,12.0,20.0,1.0,56.0,124.0,221.0
0,HAT250,DFW,MCO,14:00:00,15:30:00,90,2024-05-25,available,,,,,0.0,17.0,6.0,52.0,131.0,253.0
0,HAT250,DFW,MCO,14:00:00,15:30:00,90,2024-05-26,available,,,,,20.0,10.0,17.0,100.0,187.0,307.0
0,HAT250,DFW,MCO,14:00:00,15:30:00,90,2024-05-27,available,,,,,12.0,16.0,9.0,60.0,130.0,405.0
0,HAT250,DFW,MCO,14:00:00,15:30:00,90,2024-05-28,available,,,,,0.0,18.0,16.0,68.0,105.0,203.0
0,HAT250,DFW,MCO,14:00:00,15:30:00,90,2024-05-29,available,,,,,1.0,18.0,7.0,73.0,159.0,229.0
0,HAT250,DFW,MCO,14:00:00,15:30:00,90,2024-05-30,available,,,,,0.0,19.0,15.0,93.0,197.0,478.0
0,HAT251,DFW,MCO,10:00:00,11:30:00,90,2024-05-01,landed,2024-05-01T10:33:00,2024-05-01T12:02:00,,,,,,,,
0,HAT251,DFW,MCO,10:00:00,11:30:00,90,2024-05-02,landed,2024-05-02T10:21:00,2024-05-02T12:01:00,,,,,,,,
0,HAT251,DFW,MCO,10:00:00,11:30:00,90,2024-05-03,landed,2024-05-03T10:17:00,2024-05-03T11:16:00,,,,,,,,
0,HAT251,DFW,MCO,10:00:00,11:30:00,90,2024-05-04,cancelled,,,,,,,,,,
0,HAT251,DFW,MCO,10:00:00,11:30:00,90,2024-05-05,landed,2024-05-05T10:35:00,2024-05-05T11:40:00,,,,,,,,
0,HAT251,DFW,MCO,10:00:00,11:30:00,90,2024-05-06,landed,2024-05-06T10:11:00,2024-05-06T11:47:00,,,,,,,,
0,HAT251,DFW,MCO,10:00:00,11:30:00,90,2024-05-07,landed,2024-05-07T10:03:00,2024-05-07T12:05:00,,,,,,,,
0,HAT251,DFW,MCO,10:00:00,11:30:00,90,2024-05-08,landed,2024-05-08T10:10:00,2024-05-08T12:03:00,,,,,,,,
0,HAT251,DFW,MCO,10:00:00,11:30:00,90,2024-05-09,landed,2024-05-09T10:04:00,2024-05-09T11:15:00,,,,,,,,
0,HAT251,DFW,MCO,10:00:00,11:30:00,90,2024-05-10,landed,2024-05-10T10:23:00,2024-05-10T11:33:00,,,,,,,,
0,HAT251,DFW,MCO,10:00:00,11:30:00,90,2024-05-11,landed,2024-05-11T10:33:00,2024-05-11T11:22:00,,,,,,,,
0,HAT251,DFW,MCO,10:00:00,11:30:00,90,2024-05-12,landed,2024-05-12T10:20:00,2024-05-12T11:27:00,,,,,,,,
0,HAT251,DFW,MCO,10:00:00,11:30:00,90,2024-05-13,landed,2024-05-13T10:40:00,2024-05-13T11:43:00,,,,,,,,
0,HAT251,DFW,MCO,10:00:00,11:30:00,90,2024-05-14,landed,2024-05-14T10:40:00,2024-05-14T11:26:00,,,,,,,,
0,HAT251,DFW,MCO,10:00:00,11:30:00,90,2024-05-15,landed,2024-05-15T10:01:00,2024-05-15T11:31:00,,,,,,,,
0,HAT251,DFW,MCO,10:00:00,11:30:00,90,2024-05-16,available,,,,,15.0,5.0,19.0,94.0,126.0,207.0
0,HAT251,DFW,MCO,10:00:00,11:30:00,90,2024-05-17,available,,,,,8.0,9.0,18.0,82.0,146.0,362.0
0,HAT251,DFW,MCO,10:00:00,11:30:00,90,2024-05-18,available,,,,,20.0,2.0,17.0,66.0,172.0,269.0
0,HAT251,DFW,MCO,10:00:00,11:30:00,90,2024-05-19,available,,,,,16.0,9.0,5.0,76.0,139.0,265.0
0,HAT251,DFW,MCO,10:00:00,11:30:00,90,2024-05-20,available,,,,,9.0,11.0,18.0,56.0,186.0,307.0
0,HAT251,DFW,MCO,10:00:00,11:30:00,90,2024-05-21,available,,,,,17.0,12.0,11.0,72.0,184.0,299.0
0,HAT251,DFW,MCO,10:00:00,11:30:00,90,2024-05-22,available,,,,,6.0,19.0,18.0,84.0,174.0,396.0
0,HAT251,DFW,MCO,10:00:00,11:30:00,90,2024-05-23,available,,,,,15.0,0.0,2.0,50.0,160.0,336.0
0,HAT251,DFW,MCO,10:00:00,11:30:00,90,2024-05-24,available,,,,,6.0,5.0,8.0,96.0,101.0,261.0
0,HAT251,DFW,MCO,10:00:00,11:30:00,90,2024-05-25,available,,,,,18.0,20.0,9.0,63.0,142.0,431.0
0,HAT251,DFW,MCO,10:00:00,11:30:00,90,2024-05-26,available,,,,,10.0,7.0,19.0,87.0,156.0,440.0
0,HAT251,DFW,MCO,10:00:00,11:30:00,90,2024-05-27,available,,,,,12.0,1.0,2.0,59.0,177.0,311.0
0,HAT251,DFW,MCO,10:00:00,11:30:00,90,2024-05-28,available,,,,,12.0,1.0,17.0,53.0,159.0,240.0
0,HAT251,DFW,MCO,10:00:00,11:30:00,90,2024-05-29,available,,,,,17.0,12.0,0.0,74.0,197.0,373.0
0,HAT251,DFW,MCO,10:00:00,11:30:00,90,2024-05-30,available,,,,,1.0,9.0,9.0,80.0,200.0,350.0
0,HAT252,DFW,MCO,11:00:00,12:30:00,90,2024-05-01,landed,2024-05-01T10:42:00,2024-05-01T12:12:00,,,,,,,,
0,HAT252,DFW,MCO,11:00:00,12:30:00,90,2024-05-02,landed,2024-05-02T11:10:00,2024-05-02T12:38:00,,,,,,,,
0,HAT252,DFW,MCO,11:00:00,12:30:00,90,2024-05-03,landed,2024-05-03T11:25:00,2024-05-03T12:06:00,,,,,,,,
0,HAT252,DFW,MCO,11:00:00,12:30:00,90,2024-05-04,landed,2024-05-04T11:36:00,2024-05-04T13:04:00,,,,,,,,
0,HAT252,DFW,MCO,11:00:00,12:30:00,90,2024-05-05,landed,2024-05-05T10:47:00,2024-05-05T12:05:00,,,,,,,,
0,HAT252,DFW,MCO,11:00:00,12:30:00,90,2024-05-06,landed,2024-05-06T11:39:00,2024-05-06T12:58:00,,,,,,,,
0,HAT252,DFW,MCO,11:00:00,12:30:00,90,2024-05-07,landed,2024-05-07T10:56:00,2024-05-07T13:06:00,,,,,,,,
0,HAT252,DFW,MCO,11:00:00,12:30:00,90,2024-05-08,landed,2024-05-08T11:26:00,2024-05-08T13:10:00,,,,,,,,
0,HAT252,DFW,MCO,11:00:00,12:30:00,90,2024-05-09,landed,2024-05-09T10:40:00,2024-05-09T12:12:00,,,,,,,,
0,HAT252,DFW,MCO,11:00:00,12:30:00,90,2024-05-10,cancelled,,,,,,,,,,
0,HAT252,DFW,MCO,11:00:00,12:30:00,90,2024-05-11,cancelled,,,,,,,,,,
0,HAT252,DFW,MCO,11:00:00,12:30:00,90,2024-05-12,landed,2024-05-12T11:30:00,2024-05-12T12:43:00,,,,,,,,
0,HAT252,DFW,MCO,11:00:00,12:30:00,90,2024-05-13,landed,2024-05-13T11:12:00,2024-05-13T12:21:00,,,,,,,,
0,HAT252,DFW,MCO,11:00:00,12:30:00,90,2024-05-14,landed,2024-05-14T11:08:00,2024-05-14T12:15:00,,,,,,,,
0,HAT252,DFW,MCO,11:00:00,12:30:00,90,2024-05-15,landed,2024-05-15T11:09:00,2024-05-15T12:09:00,,,,,,,,
0,HAT252,DFW,MCO,11:00:00,12:30:00,90,2024-05-16,available,,,,,15.0,9.0,4.0,94.0,148.0,476.0
0,HAT252,DFW,MCO,11:00:00,12:30:00,90,2024-05-17,available,,,,,14.0,15.0,6.0,96.0,196.0,327.0
0,HAT252,DFW,MCO,11:00:00,12:30:00,90,2024-05-18,available,,,,,19.0,16.0,8.0,61.0,158.0,270.0
0,HAT252,DFW,MCO,11:00:00,12:30:00,90,2024-05-19,available,,,,,12.0,16.0,7.0,78.0,183.0,312.0
0,HAT252,DFW,MCO,11:00:00,12:30:00,90,2024-05-20,available,,,,,16.0,0.0,16.0,55.0,178.0,215.0
0,HAT252,DFW,MCO,11:00:00,12:30:00,90,2024-05-21,available,,,,,7.0,18.0,12.0,75.0,101.0,481.0
0,HAT252,DFW,MCO,11:00:00,12:30:00,90,2024-05-22,available,,,,,9.0,20.0,15.0,73.0,163.0,302.0
0,HAT252,DFW,MCO,11:00:00,12:30:00,90,2024-05-23,available,,,,,12.0,2.0,6.0,69.0,127.0,412.0
0,HAT252,DFW,MCO,11:00:00,12:30:00,90,2024-05-24,available,,,,,0.0,10.0,19.0,55.0,123.0,327.0
0,HAT252,DFW,MCO,11:00:00,12:30:00,90,2024-05-25,available,,,,,1.0,20.0,7.0,70.0,135.0,374.0
0,HAT252,DFW,MCO,11:00:00,12:30:00,90,2024-05-26,available,,,,,2.0,17.0,7.0,74.0,104.0,403.0
0,HAT252,DFW,MCO,11:00:00,12:30:00,90,2024-05-27,available,,,,,18.0,4.0,2.0,93.0,149.0,384.0
0,HAT252,DFW,MCO,11:00:00,12:30:00,90,2024-05-28,available,,,,,9.0,15.0,8.0,84.0,112.0,480.0
0,HAT252,DFW,MCO,11:00:00,12:30:00,90,2024-05-29,available,,,,,17.0,18.0,4.0,67.0,155.0,211.0
0,HAT252,DFW,MCO,11:00:00,12:30:00,90,2024-05-30,available,,,,,15.0,0.0,9.0,69.0,103.0,211.0
0,HAT253,ORD,DFW,09:00:00,11:00:00,120,2024-05-01,landed,2024-05-01T08:50:00,2024-05-01T11:20:00,,,,,,,,
0,HAT253,ORD,DFW,09:00:00,11:00:00,120,2024-05-02,landed,2024-05-02T09:17:00,2024-05-02T11:23:00,,,,,,,,
0,HAT253,ORD,DFW,09:00:00,11:00:00,120,2024-05-03,landed,2024-05-03T09:08:00,2024-05-03T11:38:00,,,,,,,,
0,HAT253,ORD,DFW,09:00:00,11:00:00,120,2024-05-04,landed,2024-05-04T08:53:00,2024-05-04T11:13:00,,,,,,,,
0,HAT253,ORD,DFW,09:00:00,11:00:00,120,2024-05-05,landed,2024-05-05T08:58:00,2024-05-05T11:33:00,,,,,,,,
0,HAT253,ORD,DFW,09:00:00,11:00:00,120,2024-05-06,landed,2024-05-06T08:43:00,2024-05-06T10:58:00,,,,,,,,
0,HAT253,ORD,DFW,09:00:00,11:00:00,120,2024-05-07,landed,2024-05-07T09:10:00,2024-05-07T10:53:00,,,,,,,,
0,HAT253,ORD,DFW,09:00:00,11:00:00,120,2024-05-08,landed,2024-05-08T09:05:00,2024-05-08T11:47:00,,,,,,,,
0,HAT253,ORD,DFW,09:00:00,11:00:00,120,2024-05-09,landed,2024-05-09T09:18:00,2024-05-09T11:49:00,,,,,,,,
0,HAT253,ORD,DFW,09:00:00,11:00:00,120,2024-05-10,landed,2024-05-10T09:13:00,2024-05-10T11:24:00,,,,,,,,
0,HAT253,ORD,DFW,09:00:00,11:00:00,120,2024-05-11,landed,2024-05-11T08:53:00,2024-05-11T10:35:00,,,,,,,,
0,HAT253,ORD,DFW,09:00:00,11:00:00,120,2024-05-12,landed,2024-05-12T09:16:00,2024-05-12T10:36:00,,,,,,,,
0,HAT253,ORD,DFW,09:00:00,11:00:00,120,2024-05-13,landed,2024-05-13T08:59:00,2024-05-13T10:48:00,,,,,,,,
0,HAT253,ORD,DFW,09:00:00,11:00:00,120,2024-05-14,landed,2024-05-14T09:11:00,2024-05-14T11:09:00,,,,,,,,
0,HAT253,ORD,DFW,09:00:00,11:00:00,120,2024-05-15,landed,2024-05-15T09:21:00,2024-05-15T11:30:00,,,,,,,,
0,HAT253,ORD,DFW,09:00:00,11:00:00,120,2024-05-16,available,,,,,20.0,10.0,2.0,76.0,175.0,296.0
0,HAT253,ORD,DFW,09:00:00,11:00:00,120,2024-05-17,available,,,,,8.0,20.0,13.0,96.0,100.0,343.0
0,HAT253,ORD,DFW,09:00:00,11:00:00,120,2024-05-18,available,,,,,1.0,18.0,5.0,87.0,120.0,366.0
0,HAT253,ORD,DFW,09:00:00,11:00:00,120,2024-05-19,available,,,,,20.0,0.0,17.0,59.0,155.0,266.0
0,HAT253,ORD,DFW,09:00:00,11:00:00,120,2024-05-20,available,,,,,14.0,1.0,20.0,59.0,156.0,333.0
0,HAT253,ORD,DFW,09:00:00,11:00:00,120,2024-05-21,available,,,,,9.0,1.0,1.0,71.0,196.0,278.0
0,HAT253,ORD,DFW,09:00:00,11:00:00,120,2024-05-22,available,,,,,0.0,20.0,10.0,50.0,168.0,353.0
0,HAT253,ORD,DFW,09:00:00,11:00:00,120,2024-05-23,available,,,,,5.0,19.0,13.0,93.0,191.0,334.0
0,HAT253,ORD,DFW,09:00:00,11:00:00,120,2024-05-24,available,,,,,3.0,2.0,0.0,86.0,110.0,482.0
0,HAT253,ORD,DFW,09:00:00,11:00:00,120,2024-05-25,available,,,,,20.0,13.0,2.0,77.0,198.0,495.0
0,HAT253,ORD,DFW,09:00:00,11:00:00,120,2024-05-26,available,,,,,16.0,18.0,13.0,67.0,138.0,232.0
0,HAT253,ORD,DFW,09:00:00,11:00:00,120,2024-05-27,available,,,,,12.0,2.0,1.0,65.0,174.0,407.0
0,HAT253,ORD,DFW,09:00:00,11:00:00,120,2024-05-28,available,,,,,17.0,17.0,15.0,98.0,151.0,341.0
0,HAT253,ORD,DFW,09:00:00,11:00:00,120,2024-05-29,available,,,,,3.0,0.0,4.0,81.0,145.0,253.0
0,HAT253,ORD,DFW,09:00:00,11:00:00,120,2024-05-30,available,,,,,18.0,14.0,5.0,91.0,165.0,437.0
0,HAT254,ORD,DFW,21:00:00,23:00:00,120,2024-05-01,landed,2024-05-01T20:57:00,2024-05-01T22:44:00,,,,,,,,
0,HAT254,ORD,DFW,21:00:00,23:00:00,120,2024-05-02,landed,2024-05-02T20:47:00,2024-05-02T23:18:00,,,,,,,,
0,HAT254,ORD,DFW,21:00:00,23:00:00,120,2024-05-03,landed,2024-05-03T21:39:00,2024-05-03T23:03:00,,,,,,,,
0,HAT254,ORD,DFW,21:00:00,23:00:00,120,2024-05-04,landed,2024-05-04T21:20:00,2024-05-04T23:14:00,,,,,,,,
0,HAT254,ORD,DFW,21:00:00,23:00:00,120,2024-05-05,landed,2024-05-05T21:39:00,2024-05-05T23:51:00,,,,,,,,
0,HAT254,ORD,DFW,21:00:00,23:00:00,120,2024-05-06,landed,2024-05-06T20:40:00,2024-05-06T23:46:00,,,,,,,,
0,HAT254,ORD,DFW,21:00:00,23:00:00,120,2024-05-07,landed,2024-05-07T20:57:00,2024-05-07T22:59:00,,,,,,,,
0,HAT254,ORD,DFW,21:00:00,23:00:00,120,2024-05-08,cancelled,,,,,,,,,,
0,HAT254,ORD,DFW,21:00:00,23:00:00,120,2024-05-09,landed,2024-05-09T21:37:00,2024-05-09T23:15:00,,,,,,,,
0,HAT254,ORD,DFW,21:00:00,23:00:00,120,2024-05-10,cancelled,,,,,,,,,,
0,HAT254,ORD,DFW,21:00:00,23:00:00,120,2024-05-11,landed,2024-05-11T20:58:00,2024-05-11T23:23:00,,,,,,,,
0,HAT254,ORD,DFW,21:00:00,23:00:00,120,2024-05-12,landed,2024-05-12T21:15:00,2024-05-12T23:43:00,,,,,,,,
0,HAT254,ORD,DFW,21:00:00,23:00:00,120,2024-05-13,landed,2024-05-13T21:04:00,2024-05-13T23:38:00,,,,,,,,
0,HAT254,ORD,DFW,21:00:00,23:00:00,120,2024-05-14,landed,2024-05-14T20:42:00,2024-05-14T22:49:00,,,,,,,,
0,HAT254,ORD,DFW,21:00:00,23:00:00,120,2024-05-15,on time,,,2024-05-15T20:46:00,2024-05-15T22:43:00,,,,,,
0,HAT254,ORD,DFW,21:00:00,23:00:00,120,2024-05-16,available,,,,,1.0,1.0,4.0,91.0,173.0,430.0
0,HAT254,ORD,DFW,21:00:00,23:00:00,120,2024-05-17,available,,,,,18.0,2.0,20.0,92.0,187.0,248.0
0,HAT254,ORD,DFW,21:00:00,23:00:00,120,2024-05-18,available,,,,,13.0,15.0,3.0,66.0,122.0,307.0
0,HAT254,ORD,DFW,21:00:00,23:00:00,120,2024-05-19,available,,,,,3.0,1.0,14.0,59.0,152.0,366.0
0,HAT254,ORD,DFW,21:00:00,23:00:00,120,2024-05-20,available,,,,,17.0,13.0,0.0,61.0,192.0,228.0
0,HAT254,ORD,DFW,21:00:00,23:00:00,120,2024-05-21,available,,,,,10.0,0.0,20.0,94.0,163.0,470.0
0,HAT254,ORD,DFW,21:00:00,23:00:00,120,2024-05-22,available,,,,,11.0,16.0,10.0,74.0,174.0,318.0
0,HAT254,ORD,DFW,21:00:00,23:00:00,120,2024-05-23,available,,,,,17.0,3.0,12.0,93.0,179.0,310.0
0,HAT254,ORD,DFW,21:00:00,23:00:00,120,2024-05-24,available,,,,,7.0,17.0,7.0,87.0,124.0,418.0
0,HAT254,ORD,DFW,21:00:00,23:00:00,120,2024-05-25,available,,,,,4.0,1.0,8.0,67.0,127.0,364.0
0,HAT254,ORD,DFW,21:00:00,23:00:00,120,2024-05-26,available,,,,,18.0,7.0,13.0,66.0,126.0,244.0
0,HAT254,ORD,DFW,21:00:00,23:00:00,120,2024-05-27,available,,,,,8.0,11.0,17.0,84.0,100.0,301.0
0,HAT254,ORD,DFW,21:00:00,23:00:00,120,2024-05-28,available,,,,,12.0,11.0,8.0,76.0,187.0,361.0
0,HAT254,ORD,DFW,21:00:00,23:00:00,120,2024-05-29,available,,,,,0.0,18.0,0.0,93.0,133.0,394.0
0,HAT254,ORD,DFW,21:00:00,23:00:00,120,2024-05-30,available,,,,,19.0,14.0,17.0,86.0,186.0,264.0
0,HAT255,LGA,MCO,22:00:00,02:00:00+1,240,2024-05-01,cancelled,,,,,,,,,,
0,HAT255,LGA,MCO,22:00:00,02:00:00+1,240,2024-05-02,cancelled,,,,,,,,,,
0,HAT255,LGA,MCO,22:00:00,02:00:00+1,240,2024-05-03,landed,2024-05-03T21:49:00,2024-05-04T01:46:00,,,,,,,,
0,HAT255,LGA,MCO,22:00:00,02:00:00+1,240,2024-05-04,landed,2024-05-04T22:35:00,2024-05-05T01:41:00,,,,,,,,
0,HAT255,LGA,MCO,22:00:00,02:00:00+1,240,2024-05-05,landed,2024-05-05T21:56:00,2024-05-06T02:09:00,,,,,,,,
0,HAT255,LGA,MCO,22:00:00,02:00:00+1,240,2024-05-06,landed,2024-05-06T21:58:00,2024-05-07T01:45:00,,,,,,,,
0,HAT255,LGA,MCO,22:00:00,02:00:00+1,240,2024-05-07,landed,2024-05-07T22:35:00,2024-05-08T01:41:00,,,,,,,,
0,HAT255,LGA,MCO,22:00:00,02:00:00+1,240,2024-05-08,landed,2024-05-08T22:28:00,2024-05-09T02:03:00,,,,,,,,
0,HAT255,LGA,MCO,22:00:00,02:00:00+1,240,2024-05-09,landed,2024-05-09T22:02:00,2024-05-10T02:19:00,,,,,,,,
0,HAT255,LGA,MCO,22:00:00,02:00:00+1,240,2024-05-10,landed,2024-05-10T21:50:00,2024-05-11T02:37:00,,,,,,,,
0,HAT255,LGA,MCO,22:00:00,02:00:00+1,240,2024-05-11,landed,2024-05-11T22:20:00,2024-05-12T02:34:00,,,,,,,,
0,HAT255,LGA,MCO,22:00:00,02:00:00+1,240,2024-05-12,landed,2024-05-12T21:48:00,2024-05-13T01:48:00,,,,,,,,
0,HAT255,LGA,MCO,22:00:00,02:00:00+1,240,2024-05-13,landed,2024-05-13T22:33:00,2024-05-14T02:27:00,,,,,,,,
0,HAT255,LGA,MCO,22:00:00,02:00:00+1,240,2024-05-14,landed,2024-05-14T21:46:00,2024-05-15T02:15:00,,,,,,,,
0,HAT255,LGA,MCO,22:00:00,02:00:00+1,240,2024-05-15,on time,,,2024-05-15T22:06:00,2024-05-16T02:02:00,,,,,,
0,HAT255,LGA,MCO,22:00:00,02:00:00+1,240,2024-05-16,available,,,,,14.0,20.0,8.0,59.0,140.0,331.0
0,HAT255,LGA,MCO,22:00:00,02:00:00+1,240,2024-05-17,available,,,,,19.0,9.0,0.0,94.0,130.0,500.0
0,HAT255,LGA,MCO,22:00:00,02:00:00+1,240,2024-05-18,available,,,,,19.0,9.0,12.0,74.0,197.0,432.0
0,HAT255,LGA,MCO,22:00:00,02:00:00+1,240,2024-05-19,available,,,,,18.0,4.0,13.0,68.0,111.0,458.0
0,HAT255,LGA,MCO,22:00:00,02:00:00+1,240,2024-05-20,available,,,,,7.0,19.0,14.0,69.0,178.0,337.0
0,HAT255,LGA,MCO,22:00:00,02:00:00+1,240,2024-05-21,available,,,,,2.0,17.0,9.0,64.0,155.0,459.0
0,HAT255,LGA,MCO,22:00:00,02:00:00+1,240,2024-05-22,available,,,,,15.0,3.0,17.0,78.0,110.0,238.0
0,HAT255,LGA,MCO,22:00:00,02:00:00+1,240,2024-05-23,available,,,,,4.0,12.0,12.0,58.0,142.0,360.0
0,HAT255,LGA,MCO,22:00:00,02:00:00+1,240,2024-05-24,available,,,,,11.0,6.0,13.0,89.0,177.0,461.0
0,HAT255,LGA,MCO,22:00:00,02:00:00+1,240,2024-05-25,available,,,,,13.0,20.0,16.0,55.0,115.0,421.0
0,HAT255,LGA,MCO,22:00:00,02:00:00+1,240,2024-05-26,available,,,,,17.0,17.0,14.0,56.0,110.0,420.0
0,HAT255,LGA,MCO,22:00:00,02:00:00+1,240,2024-05-27,available,,,,,6.0,8.0,15.0,67.0,120.0,343.0
0,HAT255,LGA,MCO,22:00:00,02:00:00+1,240,2024-05-28,available,,,,,15.0,18.0,17.0,61.0,151.0,393.0
0,HAT255,LGA,MCO,22:00:00,02:00:00+1,240,2024-05-29,available,,,,,5.0,2.0,3.0,75.0,173.0,484.0
0,HAT255,LGA,MCO,22:00:00,02:00:00+1,240,2024-05-30,available,,,,,7.0,12.0,6.0,92.0,155.0,350.0
0,HAT256,LGA,MCO,09:00:00,13:00:00,240,2024-05-01,landed,2024-05-01T09:14:00,2024-05-01T13:12:00,,,,,,,,
0,HAT256,LGA,MCO,09:00:00,13:00:00,240,2024-05-02,cancelled,,,,,,,,,,
0,HAT256,LGA,MCO,09:00:00,13:00:00,240,2024-05-03,landed,2024-05-03T09:33:00,2024-05-03T13:11:00,,,,,,,,
0,HAT256,LGA,MCO,09:00:00,13:00:00,240,2024-05-04,landed,2024-05-04T09:08:00,2024-05-04T13:46:00,,,,,,,,
0,HAT256,LGA,MCO,09:00:00,13:00:00,240,2024-05-05,landed,2024-05-05T09:22:00,2024-05-05T13:14:00,,,,,,,,
0,HAT256,LGA,MCO,09:00:00,13:00:00,240,2024-05-06,landed,2024-05-06T09:02:00,2024-05-06T13:52:00,,,,,,,,
0,HAT256,LGA,MCO,09:00:00,13:00:00,240,2024-05-07,landed,2024-05-07T09:01:00,2024-05-07T12:51:00,,,,,,,,
0,HAT256,LGA,MCO,09:00:00,13:00:00,240,2024-05-08,landed,2024-05-08T08:58:00,2024-05-08T13:15:00,,,,,,,,
0,HAT256,LGA,MCO,09:00:00,13:00:00,240,2024-05-09,landed,2024-05-09T08:58:00,2024-05-09T13:36:00,,,,,,,,
0,HAT256,LGA,MCO,09:00:00,13:00:00,240,2024-05-10,landed,2024-05-10T08:46:00,2024-05-10T13:34:00,,,,,,,,
0,HAT256,LGA,MCO,09:00:00,13:00:00,240,2024-05-11,landed,2024-05-11T09:38:00,2024-05-11T12:55:00,,,,,,,,
0,HAT256,LGA,MCO,09:00:00,13:00:00,240,2024-05-12,landed,2024-05-12T08:54:00,2024-05-12T13:51:00,,,,,,,,
0,HAT256,LGA,MCO,09:00:00,13:00:00,240,2024-05-13,landed,2024-05-13T09:36:00,2024-05-13T13:03:00,,,,,,,,
0,HAT256,LGA,MCO,09:00:00,13:00:00,240,2024-05-14,landed,2024-05-14T09:17:00,2024-05-14T13:51:00,,,,,,,,
0,HAT256,LGA,MCO,09:00:00,13:00:00,240,2024-05-15,landed,2024-05-15T09:08:00,2024-05-15T13:36:00,,,,,,,,
0,HAT256,LGA,MCO,09:00:00,13:00:00,240,2024-05-16,available,,,,,4.0,11.0,4.0,51.0,173.0,372.0
0,HAT256,LGA,MCO,09:00:00,13:00:00,240,2024-05-17,available,,,,,3.0,17.0,4.0,55.0,127.0,327.0
0,HAT256,LGA,MCO,09:00:00,13:00:00,240,2024-05-18,available,,,,,0.0,5.0,11.0,55.0,181.0,458.0
0,HAT256,LGA,MCO,09:00:00,13:00:00,240,2024-05-19,available,,,,,10.0,12.0,20.0,62.0,111.0,467.0
0,HAT256,LGA,MCO,09:00:00,13:00:00,240,2024-05-20,available,,,,,2.0,5.0,10.0,85.0,200.0,258.0
0,HAT256,LGA,MCO,09:00:00,13:00:00,240,2024-05-21,available,,,,,6.0,7.0,5.0,52.0,104.0,439.0
0,HAT256,LGA,MCO,09:00:00,13:00:00,240,2024-05-22,available,,,,,1.0,14.0,15.0,52.0,100.0,458.0
0,HAT256,LGA,MCO,09:00:00,13:00:00,240,2024-05-23,available,,,,,19.0,19.0,1.0,59.0,145.0,348.0
0,HAT256,LGA,MCO,09:00:00,13:00:00,240,2024-05-24,available,,,,,14.0,12.0,7.0,95.0,109.0,291.0
0,HAT256,LGA,MCO,09:00:00,13:00:00,240,2024-05-25,available,,,,,8.0,17.0,3.0,79.0,122.0,387.0
0,HAT256,LGA,MCO,09:00:00,13:00:00,240,2024-05-26,available,,,,,14.0,3.0,12.0,98.0,157.0,202.0
0,HAT256,LGA,MCO,09:00:00,13:00:00,240,2024-05-27,available,,,,,12.0,11.0,10.0,97.0,197.0,286.0
0,HAT256,LGA,MCO,09:00:00,13:00:00,240,2024-05-28,available,,,,,20.0,14.0,12.0,79.0,194.0,402.0
0,HAT256,LGA,MCO,09:00:00,13:00:00,240,2024-05-29,available,,,,,13.0,12.0,17.0,90.0,160.0,495.0
0,HAT256,LGA,MCO,09:00:00,13:00:00,240,2024-05-30,available,,,,,17.0,3.0,15.0,84.0,115.0,422.0
0,HAT257,LGA,MCO,22:00:00,02:00:00+1,240,2024-05-01,landed,2024-05-01T21:45:00,2024-05-02T02:07:00,,,,,,,,
0,HAT257,LGA,MCO,22:00:00,02:00:00+1,240,2024-05-02,landed,2024-05-02T22:18:00,2024-05-03T02:18:00,,,,,,,,
0,HAT257,LGA,MCO,22:00:00,02:00:00+1,240,2024-05-03,landed,2024-05-03T22:11:00,2024-05-04T01:36:00,,,,,,,,
0,HAT257,LGA,MCO,22:00:00,02:00:00+1,240,2024-05-04,landed,2024-05-04T22:07:00,2024-05-05T02:44:00,,,,,,,,
0,HAT257,LGA,MCO,22:00:00,02:00:00+1,240,2024-05-05,landed,2024-05-05T21:47:00,2024-05-06T01:44:00,,,,,,,,
0,HAT257,LGA,MCO,22:00:00,02:00:00+1,240,2024-05-06,cancelled,,,,,,,,,,
0,HAT257,LGA,MCO,22:00:00,02:00:00+1,240,2024-05-07,landed,2024-05-07T22:03:00,2024-05-08T02:32:00,,,,,,,,
0,HAT257,LGA,MCO,22:00:00,02:00:00+1,240,2024-05-08,landed,2024-05-08T21:45:00,2024-05-09T01:49:00,,,,,,,,
0,HAT257,LGA,MCO,22:00:00,02:00:00+1,240,2024-05-09,landed,2024-05-09T22:35:00,2024-05-10T02:46:00,,,,,,,,
0,HAT257,LGA,MCO,22:00:00,02:00:00+1,240,2024-05-10,landed,2024-05-10T22:17:00,2024-05-11T01:43:00,,,,,,,,
0,HAT257,LGA,MCO,22:00:00,02:00:00+1,240,2024-05-11,landed,2024-05-11T22:17:00,2024-05-12T02:44:00,,,,,,,,
0,HAT257,LGA,MCO,22:00:00,02:00:00+1,240,2024-05-12,landed,2024-05-12T22:15:00,2024-05-13T01:48:00,,,,,,,,
0,HAT257,LGA,MCO,22:00:00,02:00:00+1,240,2024-05-13,landed,2024-05-13T21:41:00,2024-05-14T02:07:00,,,,,,,,
0,HAT257,LGA,MCO,22:00:00,02:00:00+1,240,2024-05-14,cancelled,,,,,,,,,,
0,HAT257,LGA,MCO,22:00:00,02:00:00+1,240,2024-05-15,on time,,,2024-05-15T22:12:00,2024-05-16T02:08:00,,,,,,
0,HAT257,LGA,MCO,22:00:00,02:00:00+1,240,2024-05-16,available,,,,,0.0,19.0,16.0,68.0,169.0,238.0
0,HAT257,LGA,MCO,22:00:00,02:00:00+1,240,2024-05-17,available,,,,,8.0,17.0,12.0,58.0,190.0,304.0
0,HAT257,LGA,MCO,22:00:00,02:00:00+1,240,2024-05-18,available,,,,,16.0,15.0,2.0,55.0,181.0,204.0
0,HAT257,LGA,MCO,22:00:00,02:00:00+1,240,2024-05-19,available,,,,,0.0,8.0,20.0,62.0,119.0,333.0
0,HAT257,LGA,MCO,22:00:00,02:00:00+1,240,2024-05-20,available,,,,,18.0,20.0,20.0,58.0,107.0,317.0
0,HAT257,LGA,MCO,22:00:00,02:00:00+1,240,2024-05-21,available,,,,,8.0,13.0,11.0,76.0,144.0,272.0
0,HAT257,LGA,MCO,22:00:00,02:00:00+1,240,2024-05-22,available,,,,,14.0,3.0,1.0,93.0,162.0,424.0
0,HAT257,LGA,MCO,22:00:00,02:00:00+1,240,2024-05-23,available,,,,,0.0,5.0,9.0,70.0,106.0,322.0
0,HAT257,LGA,MCO,22:00:00,02:00:00+1,240,2024-05-24,available,,,,,3.0,19.0,15.0,59.0,116.0,339.0
0,HAT257,LGA,MCO,22:00:00,02:00:00+1,240,2024-05-25,available,,,,,16.0,0.0,0.0,80.0,153.0,240.0
0,HAT257,LGA,MCO,22:00:00,02:00:00+1,240,2024-05-26,available,,,,,19.0,20.0,16.0,72.0,110.0,436.0
0,HAT257,LGA,MCO,22:00:00,02:00:00+1,240,2024-05-27,available,,,,,10.0,10.0,7.0,60.0,178.0,351.0
0,HAT257,LGA,MCO,22:00:00,02:00:00+1,240,2024-05-28,available,,,,,8.0,18.0,11.0,57.0,145.0,218.0
0,HAT257,LGA,MCO,22:00:00,02:00:00+1,240,2024-05-29,available,,,,,1.0,13.0,6.0,82.0,132.0,311.0
0,HAT257,LGA,MCO,22:00:00,02:00:00+1,240,2024-05-30,available,,,,,0.0,11.0,14.0,54.0,103.0,322.0
0,HAT258,EWR,BOS,14:00:00,16:30:00,150,2024-05-01,landed,2024-05-01T14:17:00,2024-05-01T16:41:00,,,,,,,,
0,HAT258,EWR,BOS,14:00:00,16:30:00,150,2024-05-02,landed,2024-05-02T13:41:00,2024-05-02T17:10:00,,,,,,,,
0,HAT258,EWR,BOS,14:00:00,16:30:00,150,2024-05-03,landed,2024-05-03T14:13:00,2024-05-03T16:12:00,,,,,,,,
0,HAT258,EWR,BOS,14:00:00,16:30:00,150,2024-05-04,landed,2024-05-04T14:36:00,2024-05-04T17:19:00,,,,,,,,
0,HAT258,EWR,BOS,14:00:00,16:30:00,150,2024-05-05,landed,2024-05-05T13:41:00,2024-05-05T16:30:00,,,,,,,,
0,HAT258,EWR,BOS,14:00:00,16:30:00,150,2024-05-06,cancelled,,,,,,,,,,
0,HAT258,EWR,BOS,14:00:00,16:30:00,150,2024-05-07,landed,2024-05-07T14:23:00,2024-05-07T17:25:00,,,,,,,,
0,HAT258,EWR,BOS,14:00:00,16:30:00,150,2024-05-08,landed,2024-05-08T13:51:00,2024-05-08T17:07:00,,,,,,,,
0,HAT258,EWR,BOS,14:00:00,16:30:00,150,2024-05-09,landed,2024-05-09T14:18:00,2024-05-09T17:17:00,,,,,,,,
0,HAT258,EWR,BOS,14:00:00,16:30:00,150,2024-05-10,cancelled,,,,,,,,,,
0,HAT258,EWR,BOS,14:00:00,16:30:00,150,2024-05-11,landed,2024-05-11T14:22:00,2024-05-11T16:10:00,,,,,,,,
0,HAT258,EWR,BOS,14:00:00,16:30:00,150,2024-05-12,landed,2024-05-12T14:27:00,2024-05-12T16:16:00,,,,,,,,
0,HAT258,EWR,BOS,14:00:00,16:30:00,150,2024-05-13,landed,2024-05-13T14:16:00,2024-05-13T16:23:00,,,,,,,,
0,HAT258,EWR,BOS,14:00:00,16:30:00,150,2024-05-14,landed,2024-05-14T14:05:00,2024-05-14T17:08:00,,,,,,,,
0,HAT258,EWR,BOS,14:00:00,16:30:00,150,2024-05-15,flying,2024-05-15T14:27:00,,,2024-05-15T16:57:00,,,,,,
0,HAT258,EWR,BOS,14:00:00,16:30:00,150,2024-05-16,available,,,,,6.0,4.0,15.0,68.0,184.0,477.0
0,HAT258,EWR,BOS,14:00:00,16:30:00,150,2024-05-17,available,,,,,0.0,9.0,19.0,87.0,142.0,395.0
0,HAT258,EWR,BOS,14:00:00,16:30:00,150,2024-05-18,available,,,,,11.0,3.0,15.0,71.0,140.0,483.0
0,HAT258,EWR,BOS,14:00:00,16:30:00,150,2024-05-19,available,,,,,7.0,13.0,7.0,72.0,141.0,205.0
0,HAT258,EWR,BOS,14:00:00,16:30:00,150,2024-05-20,available,,,,,16.0,19.0,13.0,85.0,112.0,424.0
0,HAT258,EWR,BOS,14:00:00,16:30:00,150,2024-05-21,available,,,,,10.0,11.0,17.0,95.0,110.0,201.0
0,HAT258,EWR,BOS,14:00:00,16:30:00,150,2024-05-22,available,,,,,12.0,10.0,7.0,87.0,179.0,484.0
0,HAT258,EWR,BOS,14:00:00,16:30:00,150,2024-05-23,available,,,,,13.0,15.0,17.0,94.0,146.0,260.0
0,HAT258,EWR,BOS,14:00:00,16:30:00,150,2024-05-24,available,,,,,14.0,6.0,0.0,95.0,196.0,436.0
0,HAT258,EWR,BOS,14:00:00,16:30:00,150,2024-05-25,available,,,,,8.0,19.0,6.0,56.0,106.0,433.0
0,HAT258,EWR,BOS,14:00:00,16:30:00,150,2024-05-26,available,,,,,19.0,6.0,13.0,72.0,153.0,420.0
0,HAT258,EWR,BOS,14:00:00,16:30:00,150,2024-05-27,available,,,,,18.0,16.0,13.0,93.0,132.0,284.0
0,HAT258,EWR,BOS,14:00:00,16:30:00,150,2024-05-28,available,,,,,12.0,5.0,7.0,51.0,160.0,368.0
0,HAT258,EWR,BOS,14:00:00,16:30:00,150,2024-05-29,available,,,,,16.0,3.0,19.0,77.0,183.0,377.0
0,HAT258,EWR,BOS,14:00:00,16:30:00,150,2024-05-30,available,,,,,0.0,19.0,1.0,83.0,187.0,398.0
0,HAT259,EWR,BOS,20:00:00,22:30:00,150,2024-05-01,landed,2024-05-01T20:20:00,2024-05-01T23:11:00,,,,,,,,
0,HAT259,EWR,BOS,20:00:00,22:30:00,150,2024-05-02,landed,2024-05-02T20:03:00,2024-05-02T23:04:00,,,,,,,,
0,HAT259,EWR,BOS,20:00:00,22:30:00,150,2024-05-03,landed,2024-05-03T20:17:00,2024-05-03T23:03:00,,,,,,,,
0,HAT259,EWR,BOS,20:00:00,22:30:00,150,2024-05-04,landed,2024-05-04T20:33:00,2024-05-04T22:29:00,,,,,,,,
0,HAT259,EWR,BOS,20:00:00,22:30:00,150,2024-05-05,landed,2024-05-05T20:40:00,2024-05-05T22:15:00,,,,,,,,
0,HAT259,EWR,BOS,20:00:00,22:30:00,150,2024-05-06,landed,2024-05-06T20:20:00,2024-05-06T23:11:00,,,,,,,,
0,HAT259,EWR,BOS,20:00:00,22:30:00,150,2024-05-07,landed,2024-05-07T20:02:00,2024-05-07T22:18:00,,,,,,,,
0,HAT259,EWR,BOS,20:00:00,22:30:00,150,2024-05-08,landed,2024-05-08T20:19:00,2024-05-08T23:21:00,,,,,,,,
0,HAT259,EWR,BOS,20:00:00,22:30:00,150,2024-05-09,landed,2024-05-09T20:07:00,2024-05-09T22:08:00,,,,,,,,
0,HAT259,EWR,BOS,20:00:00,22:30:00,150,2024-05-10,cancelled,,,,,,,,,,
0,HAT259,EWR,BOS,20:00:00,22:30:00,150,2024-05-11,landed,2024-05-11T19:48:00,2024-05-11T22:39:00,,,,,,,,
0,HAT259,EWR,BOS,20:00:00,22:30:00,150,2024-05-12,landed,2024-05-12T20:14:00,2024-05-12T22:39:00,,,,,,,,
0,HAT259,EWR,BOS,20:00:00,22:30:00,150,2024-05-13,landed,2024-05-13T20:30:00,2024-05-13T23:21:00,,,,,,,,
0,HAT259,EWR,BOS,20:00:00,22:30:00,150,2024-05-14,cancelled,,,,,,,,,,
0,HAT259,EWR,BOS,20:00:00,22:30:00,150,2024-05-15,on time,,,2024-05-15T20:25:00,2024-05-15T23:05:00,,,,,,
0,HAT259,EWR,BOS,20:00:00,22:30:00,150,2024-05-16,available,,,,,1.0,18.0,7.0,99.0,186.0,211.0
0,HAT259,EWR,BOS,20:00:00,22:30:00,150,2024-05-17,available,,,,,5.0,6.0,16.0,79.0,165.0,490.0
0,HAT259,EWR,BOS,20:00:00,22:30:00,150,2024-05-18,available,,,,,11.0,14.0,13.0,100.0,192.0,443.0
0,HAT259,EWR,BOS,20:00:00,22:30:00,150,2024-05-19,available,,,,,11.0,10.0,10.0,57.0,106.0,393.0
0,HAT259,EWR,BOS,20:00:00,22:30:00,150,2024-05-20,available,,,,,15.0,14.0,6.0,89.0,127.0,328.0
0,HAT259,EWR,BOS,20:00:00,22:30:00,150,2024-05-21,available,,,,,9.0,5.0,18.0,79.0,139.0,280.0
0,HAT259,EWR,BOS,20:00:00,22:30:00,150,2024-05-22,available,,,,,18.0,1.0,11.0,99.0,159.0,274.0
0,HAT259,EWR,BOS,20:00:00,22:30:00,150,2024-05-23,available,,,,,1.0,7.0,0.0,98.0,146.0,480.0
0,HAT259,EWR,BOS,20:00:00,22:30:00,150,2024-05-24,available,,,,,17.0,16.0,7.0,67.0,189.0,457.0
0,HAT259,EWR,BOS,20:00:00,22:30:00,150,2024-05-25,available,,,,,11.0,16.0,12.0,72.0,104.0,499.0
0,HAT259,EWR,BOS,20:00:00,22:30:00,150,2024-05-26,available,,,,,5.0,15.0,15.0,74.0,133.0,483.0
0,HAT259,EWR,BOS,20:00:00,22:30:00,150,2024-05-27,available,,,,,2.0,16.0,7.0,80.0,125.0,211.0
0,HAT259,EWR,BOS,20:00:00,22:30:00,150,2024-05-28,available,,,,,0.0,15.0,7.0,68.0,137.0,448.0
0,HAT259,EWR,BOS,20:00:00,22:30:00,150,2024-05-29,available,,,,,18.0,5.0,8.0,87.0,102.0,487.0
0,HAT259,EWR,BOS,20:00:00,22:30:00,150,2024-05-30,available,,,,,20.0,10.0,13.0,68.0,101.0,491.0
0,HAT260,DTW,EWR,19:00:00,21:00:00,120,2024-05-01,landed,2024-05-01T19:05:00,2024-05-01T21:33:00,,,,,,,,
0,HAT260,DTW,EWR,19:00:00,21:00:00,120,2024-05-02,cancelled,,,,,,,,,,
0,HAT260,DTW,EWR,19:00:00,21:00:00,120,2024-05-03,landed,2024-05-03T19:09:00,2024-05-03T21:16:00,,,,,,,,
0,HAT260,DTW,EWR,19:00:00,21:00:00,120,2024-05-04,landed,2024-05-04T19:18:00,2024-05-04T20:54:00,,,,,,,,
0,HAT260,DTW,EWR,19:00:00,21:00:00,120,2024-05-05,landed,2024-05-05T18:40:00,2024-05-05T20:49:00,,,,,,,,
0,HAT260,DTW,EWR,19:00:00,21:00:00,120,2024-05-06,landed,2024-05-06T19:39:00,2024-05-06T21:24:00,,,,,,,,
0,HAT260,DTW,EWR,19:00:00,21:00:00,120,2024-05-07,landed,2024-05-07T19:10:00,2024-05-07T21:35:00,,,,,,,,
0,HAT260,DTW,EWR,19:00:00,21:00:00,120,2024-05-08,landed,2024-05-08T19:09:00,2024-05-08T21:49:00,,,,,,,,
0,HAT260,DTW,EWR,19:00:00,21:00:00,120,2024-05-09,landed,2024-05-09T18:43:00,2024-05-09T21:12:00,,,,,,,,
0,HAT260,DTW,EWR,19:00:00,21:00:00,120,2024-05-10,landed,2024-05-10T18:56:00,2024-05-10T21:09:00,,,,,,,,
0,HAT260,DTW,EWR,19:00:00,21:00:00,120,2024-05-11,landed,2024-05-11T18:49:00,2024-05-11T21:10:00,,,,,,,,
0,HAT260,DTW,EWR,19:00:00,21:00:00,120,2024-05-12,landed,2024-05-12T18:42:00,2024-05-12T20:39:00,,,,,,,,
0,HAT260,DTW,EWR,19:00:00,21:00:00,120,2024-05-13,landed,2024-05-13T19:02:00,2024-05-13T21:52:00,,,,,,,,
0,HAT260,DTW,EWR,19:00:00,21:00:00,120,2024-05-14,landed,2024-05-14T18:56:00,2024-05-14T21:35:00,,,,,,,,
0,HAT260,DTW,EWR,19:00:00,21:00:00,120,2024-05-15,on time,,,2024-05-15T18:54:00,2024-05-15T21:08:00,,,,,,
0,HAT260,DTW,EWR,19:00:00,21:00:00,120,2024-05-16,available,,,,,7.0,5.0,0.0,83.0,145.0,398.0
0,HAT260,DTW,EWR,19:00:00,21:00:00,120,2024-05-17,available,,,,,3.0,17.0,17.0,98.0,117.0,243.0
0,HAT260,DTW,EWR,19:00:00,21:00:00,120,2024-05-18,available,,,,,20.0,10.0,3.0,86.0,200.0,276.0
0,HAT260,DTW,EWR,19:00:00,21:00:00,120,2024-05-19,available,,,,,10.0,0.0,7.0,72.0,115.0,327.0
0,HAT260,DTW,EWR,19:00:00,21:00:00,120,2024-05-20,available,,,,,11.0,6.0,16.0,50.0,108.0,321.0
0,HAT260,DTW,EWR,19:00:00,21:00:00,120,2024-05-21,available,,,,,15.0,15.0,16.0,53.0,192.0,291.0
0,HAT260,DTW,EWR,19:00:00,21:00:00,120,2024-05-22,available,,,,,6.0,4.0,11.0,71.0,139.0,342.0
0,HAT260,DTW,EWR,19:00:00,21:00:00,120,2024-05-23,available,,,,,19.0,12.0,16.0,57.0,132.0,494.0
0,HAT260,DTW,EWR,19:00:00,21:00:00,120,2024-05-24,available,,,,,20.0,12.0,14.0,86.0,159.0,492.0
0,HAT260,DTW,EWR,19:00:00,21:00:00,120,2024-05-25,available,,,,,3.0,1.0,5.0,96.0,174.0,397.0
0,HAT260,DTW,EWR,19:00:00,21:00:00,120,2024-05-26,available,,,,,12.0,9.0,16.0,69.0,126.0,422.0
0,HAT260,DTW,EWR,19:00:00,21:00:00,120,2024-05-27,available,,,,,7.0,19.0,6.0,53.0,160.0,306.0
0,HAT260,DTW,EWR,19:00:00,21:00:00,120,2024-05-28,available,,,,,15.0,18.0,11.0,87.0,115.0,354.0
0,HAT260,DTW,EWR,19:00:00,21:00:00,120,2024-05-29,available,,,,,11.0,6.0,12.0,66.0,175.0,452.0
0,HAT260,DTW,EWR,19:00:00,21:00:00,120,2024-05-30,available,,,,,20.0,16.0,7.0,81.0,150.0,221.0
0,HAT261,DTW,EWR,00:00:00,02:00:00,120,2024-05-01,landed,2024-05-01T00:00:00,2024-05-01T02:44:00,,,,,,,,
0,HAT261,DTW,EWR,00:00:00,02:00:00,120,2024-05-02,landed,2024-05-02T00:03:00,2024-05-02T02:44:00,,,,,,,,
0,HAT261,DTW,EWR,00:00:00,02:00:00,120,2024-05-03,landed,2024-05-03T00:00:00,2024-05-03T02:41:00,,,,,,,,
0,HAT261,DTW,EWR,00:00:00,02:00:00,120,2024-05-04,landed,2024-05-04T00:06:00,2024-05-04T02:34:00,,,,,,,,
0,HAT261,DTW,EWR,00:00:00,02:00:00,120,2024-05-05,landed,2024-05-05T00:28:00,2024-05-05T01:47:00,,,,,,,,
0,HAT261,DTW,EWR,00:00:00,02:00:00,120,2024-05-06,landed,2024-05-06T00:00:00,2024-05-06T02:41:00,,,,,,,,
0,HAT261,DTW,EWR,00:00:00,02:00:00,120,2024-05-07,landed,2024-05-07T00:24:00,2024-05-07T02:06:00,,,,,,,,
0,HAT261,DTW,EWR,00:00:00,02:00:00,120,2024-05-08,landed,2024-05-08T00:00:00,2024-05-08T02:36:00,,,,,,,,
0,HAT261,DTW,EWR,00:00:00,02:00:00,120,2024-05-09,cancelled,,,,,,,,,,
0,HAT261,DTW,EWR,00:00:00,02:00:00,120,2024-05-10,landed,2024-05-10T00:07:00,2024-05-10T02:22:00,,,,,,,,
0,HAT261,DTW,EWR,00:00:00,02:00:00,120,2024-05-11,landed,2024-05-11T00:00:00,2024-05-11T02:25:00,,,,,,,,
0,HAT261,DTW,EWR,00:00:00,02:00:00,120,2024-05-12,landed,2024-05-12T00:29:00,2024-05-12T02:22:00,,,,,,,,
0,HAT261,DTW,EWR,00:00:00,02:00:00,120,2024-05-13,landed,2024-05-13T00:12:00,2024-05-13T02:19:00,,,,,,,,
0,HAT261,DTW,EWR,00:00:00,02:00:00,120,2024-05-14,landed,2024-05-14T00:10:00,2024-05-14T01:59:00,,,,,,,,
0,HAT261,DTW,EWR,00:00:00,02:00:00,120,2024-05-15,landed,2024-05-15T00:16:00,2024-05-15T01:53:00,,,,,,,,
0,HAT261,DTW,EWR,00:00:00,02:00:00,120,2024-05-16,available,,,,,14.0,16.0,12.0,95.0,118.0,232.0
0,HAT261,DTW,EWR,00:00:00,02:00:00,120,2024-05-17,available,,,,,2.0,5.0,0.0,85.0,115.0,255.0
0,HAT261,DTW,EWR,00:00:00,02:00:00,120,2024-05-18,available,,,,,11.0,4.0,15.0,82.0,103.0,222.0
0,HAT261,DTW,EWR,00:00:00,02:00:00,120,2024-05-19,available,,,,,5.0,3.0,15.0,98.0,113.0,456.0
0,HAT261,DTW,EWR,00:00:00,02:00:00,120,2024-05-20,available,,,,,5.0,2.0,15.0,63.0,117.0,293.0
0,HAT261,DTW,EWR,00:00:00,02:00:00,120,2024-05-21,available,,,,,19.0,6.0,0.0,93.0,104.0,394.0
0,HAT261,DTW,EWR,00:00:00,02:00:00,120,2024-05-22,available,,,,,4.0,19.0,6.0,74.0,158.0,268.0
0,HAT261,DTW,EWR,00:00:00,02:00:00,120,2024-05-23,available,,,,,2.0,4.0,12.0,59.0,163.0,447.0
0,HAT261,DTW,EWR,00:00:00,02:00:00,120,2024-05-24,available,,,,,1.0,13.0,9.0,83.0,109.0,436.0
0,HAT261,DTW,EWR,00:00:00,02:00:00,120,2024-05-25,available,,,,,20.0,12.0,18.0,73.0,108.0,283.0
0,HAT261,DTW,EWR,00:00:00,02:00:00,120,2024-05-26,available,,,,,0.0,20.0,10.0,78.0,147.0,301.0
0,HAT261,DTW,EWR,00:00:00,02:00:00,120,2024-05-27,available,,,,,16.0,13.0,13.0,61.0,114.0,355.0
0,HAT261,DTW,EWR,00:00:00,02:00:00,120,2024-05-28,available,,,,,3.0,0.0,1.0,66.0,125.0,484.0
0,HAT261,DTW,EWR,00:00:00,02:00:00,120,2024-05-29,available,,,,,18.0,0.0,10.0,61.0,132.0,202.0
0,HAT261,DTW,EWR,00:00:00,02:00:00,120,2024-05-30,available,,,,,15.0,1.0,1.0,66.0,189.0,214.0
0,HAT262,DEN,MCO,08:00:00,12:00:00,240,2024-05-01,landed,2024-05-01T07:48:00,2024-05-01T11:58:00,,,,,,,,
0,HAT262,DEN,MCO,08:00:00,12:00:00,240,2024-05-02,landed,2024-05-02T07:43:00,2024-05-02T12:55:00,,,,,,,,
0,HAT262,DEN,MCO,08:00:00,12:00:00,240,2024-05-03,landed,2024-05-03T07:42:00,2024-05-03T11:58:00,,,,,,,,
0,HAT262,DEN,MCO,08:00:00,12:00:00,240,2024-05-04,landed,2024-05-04T07:44:00,2024-05-04T12:00:00,,,,,,,,
0,HAT262,DEN,MCO,08:00:00,12:00:00,240,2024-05-05,landed,2024-05-05T08:05:00,2024-05-05T12:53:00,,,,,,,,
0,HAT262,DEN,MCO,08:00:00,12:00:00,240,2024-05-06,landed,2024-05-06T08:37:00,2024-05-06T12:41:00,,,,,,,,
0,HAT262,DEN,MCO,08:00:00,12:00:00,240,2024-05-07,cancelled,,,,,,,,,,
0,HAT262,DEN,MCO,08:00:00,12:00:00,240,2024-05-08,landed,2024-05-08T07:49:00,2024-05-08T12:03:00,,,,,,,,
0,HAT262,DEN,MCO,08:00:00,12:00:00,240,2024-05-09,landed,2024-05-09T08:23:00,2024-05-09T11:41:00,,,,,,,,
0,HAT262,DEN,MCO,08:00:00,12:00:00,240,2024-05-10,landed,2024-05-10T07:51:00,2024-05-10T12:41:00,,,,,,,,
0,HAT262,DEN,MCO,08:00:00,12:00:00,240,2024-05-11,cancelled,,,,,,,,,,
0,HAT262,DEN,MCO,08:00:00,12:00:00,240,2024-05-12,landed,2024-05-12T07:40:00,2024-05-12T12:46:00,,,,,,,,
0,HAT262,DEN,MCO,08:00:00,12:00:00,240,2024-05-13,landed,2024-05-13T08:24:00,2024-05-13T11:54:00,,,,,,,,
0,HAT262,DEN,MCO,08:00:00,12:00:00,240,2024-05-14,landed,2024-05-14T08:11:00,2024-05-14T12:43:00,,,,,,,,
0,HAT262,DEN,MCO,08:00:00,12:00:00,240,2024-05-15,landed,2024-05-15T08:01:00,2024-05-15T11:50:00,,,,,,,,
0,HAT262,DEN,MCO,08:00:00,12:00:00,240,2024-05-16,available,,,,,3.0,5.0,3.0,61.0,139.0,249.0
0,HAT262,DEN,MCO,08:00:00,12:00:00,240,2024-05-17,available,,,,,1.0,10.0,14.0,52.0,151.0,220.0
0,HAT262,DEN,MCO,08:00:00,12:00:00,240,2024-05-18,available,,,,,14.0,15.0,7.0,52.0,110.0,344.0
0,HAT262,DEN,MCO,08:00:00,12:00:00,240,2024-05-19,available,,,,,15.0,15.0,9.0,82.0,186.0,454.0
0,HAT262,DEN,MCO,08:00:00,12:00:00,240,2024-05-20,available,,,,,10.0,19.0,10.0,94.0,191.0,369.0
0,HAT262,DEN,MCO,08:00:00,12:00:00,240,2024-05-21,available,,,,,0.0,14.0,9.0,86.0,102.0,326.0
0,HAT262,DEN,MCO,08:00:00,12:00:00,240,2024-05-22,available,,,,,9.0,13.0,11.0,83.0,154.0,321.0
0,HAT262,DEN,MCO,08:00:00,12:00:00,240,2024-05-23,available,,,,,5.0,17.0,16.0,73.0,122.0,291.0
0,HAT262,DEN,MCO,08:00:00,12:00:00,240,2024-05-24,available,,,,,7.0,6.0,20.0,86.0,106.0,416.0
0,HAT262,DEN,MCO,08:00:00,12:00:00,240,2024-05-25,available,,,,,7.0,3.0,19.0,83.0,138.0,425.0
0,HAT262,DEN,MCO,08:00:00,12:00:00,240,2024-05-26,available,,,,,5.0,4.0,14.0,91.0,144.0,367.0
0,HAT262,DEN,MCO,08:00:00,12:00:00,240,2024-05-27,available,,,,,12.0,4.0,10.0,62.0,195.0,243.0
0,HAT262,DEN,MCO,08:00:00,12:00:00,240,2024-05-28,available,,,,,4.0,14.0,15.0,57.0,169.0,216.0
0,HAT262,DEN,MCO,08:00:00,12:00:00,240,2024-05-29,available,,,,,19.0,6.0,10.0,82.0,181.0,202.0
0,HAT262,DEN,MCO,08:00:00,12:00:00,240,2024-05-30,available,,,,,0.0,10.0,4.0,92.0,188.0,396.0
0,HAT263,DEN,MCO,19:00:00,23:00:00,240,2024-05-01,landed,2024-05-01T18:42:00,2024-05-01T23:21:00,,,,,,,,
0,HAT263,DEN,MCO,19:00:00,23:00:00,240,2024-05-02,cancelled,,,,,,,,,,
0,HAT263,DEN,MCO,19:00:00,23:00:00,240,2024-05-03,landed,2024-05-03T19:35:00,2024-05-03T22:47:00,,,,,,,,
0,HAT263,DEN,MCO,19:00:00,23:00:00,240,2024-05-04,landed,2024-05-04T19:36:00,2024-05-04T22:51:00,,,,,,,,
0,HAT263,DEN,MCO,19:00:00,23:00:00,240,2024-05-05,landed,2024-05-05T18:56:00,2024-05-05T23:21:00,,,,,,,,
0,HAT263,DEN,MCO,19:00:00,23:00:00,240,2024-05-06,landed,2024-05-06T18:47:00,2024-05-06T22:51:00,,,,,,,,
0,HAT263,DEN,MCO,19:00:00,23:00:00,240,2024-05-07,landed,2024-05-07T19:13:00,2024-05-07T23:45:00,,,,,,,,
0,HAT263,DEN,MCO,19:00:00,23:00:00,240,2024-05-08,landed,2024-05-08T19:24:00,2024-05-08T22:51:00,,,,,,,,
0,HAT263,DEN,MCO,19:00:00,23:00:00,240,2024-05-09,landed,2024-05-09T19:38:00,2024-05-09T23:16:00,,,,,,,,
0,HAT263,DEN,MCO,19:00:00,23:00:00,240,2024-05-10,landed,2024-05-10T19:21:00,2024-05-10T23:31:00,,,,,,,,
0,HAT263,DEN,MCO,19:00:00,23:00:00,240,2024-05-11,landed,2024-05-11T18:45:00,2024-05-11T23:14:00,,,,,,,,
0,HAT263,DEN,MCO,19:00:00,23:00:00,240,2024-05-12,landed,2024-05-12T19:22:00,2024-05-12T23:45:00,,,,,,,,
0,HAT263,DEN,MCO,19:00:00,23:00:00,240,2024-05-13,landed,2024-05-13T19:23:00,2024-05-13T22:51:00,,,,,,,,
0,HAT263,DEN,MCO,19:00:00,23:00:00,240,2024-05-14,landed,2024-05-14T19:39:00,2024-05-14T22:48:00,,,,,,,,
0,HAT263,DEN,MCO,19:00:00,23:00:00,240,2024-05-15,on time,,,2024-05-15T19:26:00,2024-05-15T23:11:00,,,,,,
0,HAT263,DEN,MCO,19:00:00,23:00:00,240,2024-05-16,available,,,,,17.0,6.0,17.0,76.0,125.0,270.0
0,HAT263,DEN,MCO,19:00:00,23:00:00,240,2024-05-17,available,,,,,18.0,19.0,1.0,64.0,180.0,212.0
0,HAT263,DEN,MCO,19:00:00,23:00:00,240,2024-05-18,available,,,,,10.0,4.0,20.0,83.0,113.0,425.0
0,HAT263,DEN,MCO,19:00:00,23:00:00,240,2024-05-19,available,,,,,11.0,0.0,6.0,78.0,109.0,428.0
0,HAT263,DEN,MCO,19:00:00,23:00:00,240,2024-05-20,available,,,,,6.0,4.0,10.0,50.0,189.0,462.0
0,HAT263,DEN,MCO,19:00:00,23:00:00,240,2024-05-21,available,,,,,19.0,11.0,8.0,77.0,161.0,312.0
0,HAT263,DEN,MCO,19:00:00,23:00:00,240,2024-05-22,available,,,,,1.0,18.0,11.0,65.0,174.0,319.0
0,HAT263,DEN,MCO,19:00:00,23:00:00,240,2024-05-23,available,,,,,15.0,17.0,12.0,52.0,167.0,235.0
0,HAT263,DEN,MCO,19:00:00,23:00:00,240,2024-05-24,available,,,,,10.0,11.0,6.0,59.0,124.0,495.0
0,HAT263,DEN,MCO,19:00:00,23:00:00,240,2024-05-25,available,,,,,19.0,2.0,1.0,51.0,185.0,272.0
0,HAT263,DEN,MCO,19:00:00,23:00:00,240,2024-05-26,available,,,,,0.0,7.0,14.0,79.0,199.0,395.0
0,HAT263,DEN,MCO,19:00:00,23:00:00,240,2024-05-27,available,,,,,16.0,14.0,8.0,51.0,186.0,350.0
0,HAT263,DEN,MCO,19:00:00,23:00:00,240,2024-05-28,available,,,,,11.0,4.0,4.0,96.0,184.0,493.0
0,HAT263,DEN,MCO,19:00:00,23:00:00,240,2024-05-29,available,,,,,18.0,20.0,7.0,71.0,149.0,266.0
0,HAT263,DEN,MCO,19:00:00,23:00:00,240,2024-05-30,available,,,,,1.0,1.0,10.0,72.0,159.0,267.0
0,HAT264,JFK,IAH,09:00:00,10:30:00,90,2024-05-01,landed,2024-05-01T09:29:00,2024-05-01T10:45:00,,,,,,,,
0,HAT264,JFK,IAH,09:00:00,10:30:00,90,2024-05-02,landed,2024-05-02T08:57:00,2024-05-02T10:33:00,,,,,,,,
0,HAT264,JFK,IAH,09:00:00,10:30:00,90,2024-05-03,landed,2024-05-03T09:39:00,2024-05-03T11:16:00,,,,,,,,
0,HAT264,JFK,IAH,09:00:00,10:30:00,90,2024-05-04,landed,2024-05-04T09:37:00,2024-05-04T10:55:00,,,,,,,,
0,HAT264,JFK,IAH,09:00:00,10:30:00,90,2024-05-05,landed,2024-05-05T09:08:00,2024-05-05T11:02:00,,,,,,,,
0,HAT264,JFK,IAH,09:00:00,10:30:00,90,2024-05-06,landed,2024-05-06T09:02:00,2024-05-06T11:03:00,,,,,,,,
0,HAT264,JFK,IAH,09:00:00,10:30:00,90,2024-05-07,cancelled,,,,,,,,,,
0,HAT264,JFK,IAH,09:00:00,10:30:00,90,2024-05-08,landed,2024-05-08T09:35:00,2024-05-08T11:16:00,,,,,,,,
0,HAT264,JFK,IAH,09:00:00,10:30:00,90,2024-05-09,landed,2024-05-09T09:25:00,2024-05-09T10:52:00,,,,,,,,
0,HAT264,JFK,IAH,09:00:00,10:30:00,90,2024-05-10,landed,2024-05-10T08:43:00,2024-05-10T11:04:00,,,,,,,,
0,HAT264,JFK,IAH,09:00:00,10:30:00,90,2024-05-11,landed,2024-05-11T09:15:00,2024-05-11T10:17:00,,,,,,,,
0,HAT264,JFK,IAH,09:00:00,10:30:00,90,2024-05-12,landed,2024-05-12T09:21:00,2024-05-12T10:41:00,,,,,,,,
0,HAT264,JFK,IAH,09:00:00,10:30:00,90,2024-05-13,landed,2024-05-13T09:31:00,2024-05-13T10:17:00,,,,,,,,
0,HAT264,JFK,IAH,09:00:00,10:30:00,90,2024-05-14,landed,2024-05-14T09:28:00,2024-05-14T10:13:00,,,,,,,,
0,HAT264,JFK,IAH,09:00:00,10:30:00,90,2024-05-15,landed,2024-05-15T08:42:00,2024-05-15T10:42:00,,,,,,,,
0,HAT264,JFK,IAH,09:00:00,10:30:00,90,2024-05-16,available,,,,,14.0,4.0,11.0,96.0,134.0,499.0
0,HAT264,JFK,IAH,09:00:00,10:30:00,90,2024-05-17,available,,,,,4.0,3.0,19.0,75.0,188.0,272.0
0,HAT264,JFK,IAH,09:00:00,10:30:00,90,2024-05-18,available,,,,,7.0,20.0,19.0,56.0,159.0,454.0
0,HAT264,JFK,IAH,09:00:00,10:30:00,90,2024-05-19,available,,,,,8.0,18.0,2.0,83.0,110.0,303.0
0,HAT264,JFK,IAH,09:00:00,10:30:00,90,2024-05-20,available,,,,,7.0,9.0,14.0,59.0,170.0,488.0
0,HAT264,JFK,IAH,09:00:00,10:30:00,90,2024-05-21,available,,,,,15.0,6.0,6.0,98.0,154.0,385.0
0,HAT264,JFK,IAH,09:00:00,10:30:00,90,2024-05-22,available,,,,,13.0,18.0,1.0,85.0,151.0,250.0
0,HAT264,JFK,IAH,09:00:00,10:30:00,90,2024-05-23,available,,,,,16.0,3.0,13.0,57.0,102.0,443.0
0,HAT264,JFK,IAH,09:00:00,10:30:00,90,2024-05-24,available,,,,,7.0,11.0,18.0,81.0,182.0,346.0
0,HAT264,JFK,IAH,09:00:00,10:30:00,90,2024-05-25,available,,,,,6.0,8.0,17.0,98.0,125.0,401.0
0,HAT264,JFK,IAH,09:00:00,10:30:00,90,2024-05-26,available,,,,,1.0,7.0,7.0,54.0,161.0,451.0
0,HAT264,JFK,IAH,09:00:00,10:30:00,90,2024-05-27,available,,,,,11.0,11.0,13.0,76.0,192.0,344.0
0,HAT264,JFK,IAH,09:00:00,10:30:00,90,2024-05-28,available,,,,,5.0,2.0,16.0,97.0,134.0,303.0
0,HAT264,JFK,IAH,09:00:00,10:30:00,90,2024-05-29,available,,,,,9.0,3.0,0.0,67.0,104.0,282.0
0,HAT264,JFK,IAH,09:00:00,10:30:00,90,2024-05-30,available,,,,,14.0,15.0,10.0,78.0,187.0,292.0
0,HAT265,BOS,DFW,00:00:00,02:00:00,120,2024-05-01,landed,2024-05-01T00:00:00,2024-05-01T02:21:00,,,,,,,,
0,HAT265,BOS,DFW,00:00:00,02:00:00,120,2024-05-02,landed,2024-05-02T00:21:00,2024-05-02T02:10:00,,,,,,,,
0,HAT265,BOS,DFW,00:00:00,02:00:00,120,2024-05-03,landed,2024-05-03T00:16:00,2024-05-03T02:02:00,,,,,,,,
0,HAT265,BOS,DFW,00:00:00,02:00:00,120,2024-05-04,landed,2024-05-04T00:04:00,2024-05-04T01:52:00,,,,,,,,
0,HAT265,BOS,DFW,00:00:00,02:00:00,120,2024-05-05,landed,2024-05-05T00:13:00,2024-05-05T01:38:00,,,,,,,,
0,HAT265,BOS,DFW,00:00:00,02:00:00,120,2024-05-06,cancelled,,,,,,,,,,
0,HAT265,BOS,DFW,00:00:00,02:00:00,120,2024-05-07,landed,2024-05-07T00:00:00,2024-05-07T02:08:00,,,,,,,,
0,HAT265,BOS,DFW,00:00:00,02:00:00,120,2024-05-08,landed,2024-05-08T00:15:00,2024-05-08T02:31:00,,,,,,,,
0,HAT265,BOS,DFW,00:00:00,02:00:00,120,2024-05-09,landed,2024-05-09T00:30:00,2024-05-09T01:43:00,,,,,,,,
0,HAT265,BOS,DFW,00:00:00,02:00:00,120,2024-05-10,landed,2024-05-10T00:00:00,2024-05-10T02:15:00,,,,,,,,
0,HAT265,BOS,DFW,00:00:00,02:00:00,120,2024-05-11,landed,2024-05-11T00:17:00,2024-05-11T02:22:00,,,,,,,,
0,HAT265,BOS,DFW,00:00:00,02:00:00,120,2024-05-12,landed,2024-05-12T00:04:00,2024-05-12T01:58:00,,,,,,,,
0,HAT265,BOS,DFW,00:00:00,02:00:00,120,2024-05-13,landed,2024-05-13T00:29:00,2024-05-13T01:54:00,,,,,,,,
0,HAT265,BOS,DFW,00:00:00,02:00:00,120,2024-05-14,landed,2024-05-14T00:18:00,2024-05-14T01:40:00,,,,,,,,
0,HAT265,BOS,DFW,00:00:00,02:00:00,120,2024-05-15,landed,2024-05-15T00:08:00,2024-05-15T02:37:00,,,,,,,,
0,HAT265,BOS,DFW,00:00:00,02:00:00,120,2024-05-16,available,,,,,16.0,4.0,5.0,58.0,141.0,276.0
0,HAT265,BOS,DFW,00:00:00,02:00:00,120,2024-05-17,available,,,,,1.0,19.0,9.0,81.0,195.0,286.0
0,HAT265,BOS,DFW,00:00:00,02:00:00,120,2024-05-18,available,,,,,1.0,17.0,8.0,88.0,192.0,373.0
0,HAT265,BOS,DFW,00:00:00,02:00:00,120,2024-05-19,available,,,,,0.0,12.0,2.0,61.0,177.0,481.0
0,HAT265,BOS,DFW,00:00:00,02:00:00,120,2024-05-20,available,,,,,6.0,4.0,1.0,65.0,130.0,317.0
0,HAT265,BOS,DFW,00:00:00,02:00:00,120,2024-05-21,available,,,,,6.0,20.0,10.0,62.0,194.0,496.0
0,HAT265,BOS,DFW,00:00:00,02:00:00,120,2024-05-22,available,,,,,15.0,0.0,2.0,85.0,139.0,312.0
0,HAT265,BOS,DFW,00:00:00,02:00:00,120,2024-05-23,available,,,,,2.0,16.0,14.0,72.0,128.0,309.0
0,HAT265,BOS,DFW,00:00:00,02:00:00,120,2024-05-24,available,,,,,12.0,11.0,2.0,60.0,179.0,428.0
0,HAT265,BOS,DFW,00:00:00,02:00:00,120,2024-05-25,available,,,,,2.0,1.0,10.0,55.0,182.0,383.0
0,HAT265,BOS,DFW,00:00:00,02:00:00,120,2024-05-26,available,,,,,11.0,7.0,5.0,89.0,121.0,356.0
0,HAT265,BOS,DFW,00:00:00,02:00:00,120,2024-05-27,available,,,,,10.0,16.0,15.0,57.0,103.0,462.0
0,HAT265,BOS,DFW,00:00:00,02:00:00,120,2024-05-28,available,,,,,20.0,8.0,19.0,94.0,130.0,430.0
0,HAT265,BOS,DFW,00:00:00,02:00:00,120,2024-05-29,available,,,,,15.0,10.0,18.0,50.0,155.0,442.0
0,HAT265,BOS,DFW,00:00:00,02:00:00,120,2024-05-30,available,,,,,9.0,20.0,13.0,64.0,138.0,357.0
0,HAT266,BOS,DFW,18:00:00,20:00:00,120,2024-05-01,landed,2024-05-01T18:22:00,2024-05-01T20:40:00,,,,,,,,
0,HAT266,BOS,DFW,18:00:00,20:00:00,120,2024-05-02,landed,2024-05-02T17:41:00,2024-05-02T19:50:00,,,,,,,,
0,HAT266,BOS,DFW,18:00:00,20:00:00,120,2024-05-03,landed,2024-05-03T17:47:00,2024-05-03T20:15:00,,,,,,,,
0,HAT266,BOS,DFW,18:00:00,20:00:00,120,2024-05-04,landed,2024-05-04T17:59:00,2024-05-04T20:54:00,,,,,,,,
0,HAT266,BOS,DFW,18:00:00,20:00:00,120,2024-05-05,landed,2024-05-05T18:19:00,2024-05-05T20:36:00,,,,,,,,
0,HAT266,BOS,DFW,18:00:00,20:00:00,120,2024-05-06,landed,2024-05-06T18:23:00,2024-05-06T20:11:00,,,,,,,,
0,HAT266,BOS,DFW,18:00:00,20:00:00,120,2024-05-07,landed,2024-05-07T18:06:00,2024-05-07T19:41:00,,,,,,,,
0,HAT266,BOS,DFW,18:00:00,20:00:00,120,2024-05-08,landed,2024-05-08T18:40:00,2024-05-08T20:38:00,,,,,,,,
0,HAT266,BOS,DFW,18:00:00,20:00:00,120,2024-05-09,landed,2024-05-09T17:55:00,2024-05-09T20:47:00,,,,,,,,
0,HAT266,BOS,DFW,18:00:00,20:00:00,120,2024-05-10,landed,2024-05-10T17:46:00,2024-05-10T20:04:00,,,,,,,,
0,HAT266,BOS,DFW,18:00:00,20:00:00,120,2024-05-11,landed,2024-05-11T17:50:00,2024-05-11T20:02:00,,,,,,,,
0,HAT266,BOS,DFW,18:00:00,20:00:00,120,2024-05-12,landed,2024-05-12T17:59:00,2024-05-12T20:48:00,,,,,,,,
0,HAT266,BOS,DFW,18:00:00,20:00:00,120,2024-05-13,landed,2024-05-13T18:27:00,2024-05-13T20:16:00,,,,,,,,
0,HAT266,BOS,DFW,18:00:00,20:00:00,120,2024-05-14,cancelled,,,,,,,,,,
0,HAT266,BOS,DFW,18:00:00,20:00:00,120,2024-05-15,on time,,,2024-05-15T18:15:00,2024-05-15T20:22:00,,,,,,
0,HAT266,BOS,DFW,18:00:00,20:00:00,120,2024-05-16,available,,,,,0.0,7.0,12.0,82.0,100.0,359.0
0,HAT266,BOS,DFW,18:00:00,20:00:00,120,2024-05-17,available,,,,,1.0,13.0,2.0,64.0,110.0,381.0
0,HAT266,BOS,DFW,18:00:00,20:00:00,120,2024-05-18,available,,,,,15.0,5.0,12.0,61.0,151.0,340.0
0,HAT266,BOS,DFW,18:00:00,20:00:00,120,2024-05-19,available,,,,,0.0,11.0,8.0,81.0,190.0,361.0
0,HAT266,BOS,DFW,18:00:00,20:00:00,120,2024-05-20,available,,,,,7.0,5.0,11.0,87.0,126.0,237.0
0,HAT266,BOS,DFW,18:00:00,20:00:00,120,2024-05-21,available,,,,,4.0,5.0,1.0,55.0,140.0,346.0
0,HAT266,BOS,DFW,18:00:00,20:00:00,120,2024-05-22,available,,,,,8.0,2.0,18.0,74.0,148.0,453.0
0,HAT266,BOS,DFW,18:00:00,20:00:00,120,2024-05-23,available,,,,,5.0,18.0,17.0,92.0,179.0,212.0
0,HAT266,BOS,DFW,18:00:00,20:00:00,120,2024-05-24,available,,,,,12.0,8.0,9.0,89.0,141.0,301.0
0,HAT266,BOS,DFW,18:00:00,20:00:00,120,2024-05-25,available,,,,,2.0,2.0,16.0,72.0,147.0,345.0
0,HAT266,BOS,DFW,18:00:00,20:00:00,120,2024-05-26,available,,,,,4.0,4.0,12.0,73.0,158.0,364.0
0,HAT266,BOS,DFW,18:00:00,20:00:00,120,2024-05-27,available,,,,,10.0,18.0,6.0,50.0,104.0,335.0
0,HAT266,BOS,DFW,18:00:00,20:00:00,120,2024-05-28,available,,,,,11.0,13.0,13.0,57.0,139.0,319.0
0,HAT266,BOS,DFW,18:00:00,20:00:00,120,2024-05-29,available,,,,,19.0,3.0,9.0,82.0,176.0,223.0
0,HAT266,BOS,DFW,18:00:00,20:00:00,120,2024-05-30,available,,,,,18.0,8.0,15.0,81.0,200.0,215.0
0,HAT267,BOS,DFW,02:00:00,04:00:00,120,2024-05-01,landed,2024-05-01T02:12:00,2024-05-01T03:47:00,,,,,,,,
0,HAT267,BOS,DFW,02:00:00,04:00:00,120,2024-05-02,landed,2024-05-02T02:14:00,2024-05-02T03:58:00,,,,,,,,
0,HAT267,BOS,DFW,02:00:00,04:00:00,120,2024-05-03,landed,2024-05-03T02:21:00,2024-05-03T04:23:00,,,,,,,,
0,HAT267,BOS,DFW,02:00:00,04:00:00,120,2024-05-04,landed,2024-05-04T02:10:00,2024-05-04T04:41:00,,,,,,,,
0,HAT267,BOS,DFW,02:00:00,04:00:00,120,2024-05-05,cancelled,,,,,,,,,,
0,HAT267,BOS,DFW,02:00:00,04:00:00,120,2024-05-06,landed,2024-05-06T01:40:00,2024-05-06T04:23:00,,,,,,,,
0,HAT267,BOS,DFW,02:00:00,04:00:00,120,2024-05-07,landed,2024-05-07T01:52:00,2024-05-07T04:43:00,,,,,,,,
0,HAT267,BOS,DFW,02:00:00,04:00:00,120,2024-05-08,landed,2024-05-08T02:21:00,2024-05-08T04:21:00,,,,,,,,
0,HAT267,BOS,DFW,02:00:00,04:00:00,120,2024-05-09,landed,2024-05-09T02:28:00,2024-05-09T03:36:00,,,,,,,,
0,HAT267,BOS,DFW,02:00:00,04:00:00,120,2024-05-10,landed,2024-05-10T02:05:00,2024-05-10T03:48:00,,,,,,,,
0,HAT267,BOS,DFW,02:00:00,04:00:00,120,2024-05-11,landed,2024-05-11T02:04:00,2024-05-11T04:16:00,,,,,,,,
0,HAT267,BOS,DFW,02:00:00,04:00:00,120,2024-05-12,landed,2024-05-12T02:08:00,2024-05-12T03:35:00,,,,,,,,
0,HAT267,BOS,DFW,02:00:00,04:00:00,120,2024-05-13,landed,2024-05-13T02:27:00,2024-05-13T03:46:00,,,,,,,,
0,HAT267,BOS,DFW,02:00:00,04:00:00,120,2024-05-14,landed,2024-05-14T02:04:00,2024-05-14T04:44:00,,,,,,,,
0,HAT267,BOS,DFW,02:00:00,04:00:00,120,2024-05-15,landed,2024-05-15T02:08:00,2024-05-15T04:25:00,,,,,,,,
0,HAT267,BOS,DFW,02:00:00,04:00:00,120,2024-05-16,available,,,,,1.0,14.0,15.0,54.0,121.0,449.0
0,HAT267,BOS,DFW,02:00:00,04:00:00,120,2024-05-17,available,,,,,4.0,13.0,8.0,99.0,171.0,415.0
0,HAT267,BOS,DFW,02:00:00,04:00:00,120,2024-05-18,available,,,,,14.0,4.0,20.0,94.0,103.0,498.0
0,HAT267,BOS,DFW,02:00:00,04:00:00,120,2024-05-19,available,,,,,20.0,11.0,8.0,95.0,177.0,488.0
0,HAT267,BOS,DFW,02:00:00,04:00:00,120,2024-05-20,available,,,,,16.0,13.0,13.0,73.0,183.0,382.0
0,HAT267,BOS,DFW,02:00:00,04:00:00,120,2024-05-21,available,,,,,12.0,2.0,8.0,93.0,189.0,424.0
0,HAT267,BOS,DFW,02:00:00,04:00:00,120,2024-05-22,available,,,,,0.0,18.0,4.0,97.0,167.0,391.0
0,HAT267,BOS,DFW,02:00:00,04:00:00,120,2024-05-23,available,,,,,1.0,0.0,4.0,51.0,163.0,390.0
0,HAT267,BOS,DFW,02:00:00,04:00:00,120,2024-05-24,available,,,,,10.0,4.0,15.0,78.0,145.0,487.0
0,HAT267,BOS,DFW,02:00:00,04:00:00,120,2024-05-25,available,,,,,2.0,6.0,8.0,84.0,111.0,278.0
0,HAT267,BOS,DFW,02:00:00,04:00:00,120,2024-05-26,available,,,,,15.0,14.0,14.0,67.0,124.0,235.0
0,HAT267,BOS,DFW,02:00:00,04:00:00,120,2024-05-27,available,,,,,8.0,7.0,13.0,68.0,132.0,497.0
0,HAT267,BOS,DFW,02:00:00,04:00:00,120,2024-05-28,available,,,,,4.0,13.0,12.0,97.0,118.0,490.0
0,HAT267,BOS,DFW,02:00:00,04:00:00,120,2024-05-29,available,,,,,15.0,17.0,12.0,73.0,141.0,276.0
0,HAT267,BOS,DFW,02:00:00,04:00:00,120,2024-05-30,available,,,,,10.0,5.0,12.0,80.0,109.0,226.0
0,HAT268,BOS,DFW,16:00:00,18:00:00,120,2024-05-01,landed,2024-05-01T16:07:00,2024-05-01T18:23:00,,,,,,,,
0,HAT268,BOS,DFW,16:00:00,18:00:00,120,2024-05-02,landed,2024-05-02T16:40:00,2024-05-02T18:01:00,,,,,,,,
0,HAT268,BOS,DFW,16:00:00,18:00:00,120,2024-05-03,landed,2024-05-03T16:33:00,2024-05-03T18:24:00,,,,,,,,
0,HAT268,BOS,DFW,16:00:00,18:00:00,120,2024-05-04,landed,2024-05-04T16:33:00,2024-05-04T18:32:00,,,,,,,,
0,HAT268,BOS,DFW,16:00:00,18:00:00,120,2024-05-05,landed,2024-05-05T15:48:00,2024-05-05T18:21:00,,,,,,,,
0,HAT268,BOS,DFW,16:00:00,18:00:00,120,2024-05-06,cancelled,,,,,,,,,,
0,HAT268,BOS,DFW,16:00:00,18:00:00,120,2024-05-07,landed,2024-05-07T16:22:00,2024-05-07T17:41:00,,,,,,,,
0,HAT268,BOS,DFW,16:00:00,18:00:00,120,2024-05-08,landed,2024-05-08T16:24:00,2024-05-08T18:43:00,,,,,,,,
0,HAT268,BOS,DFW,16:00:00,18:00:00,120,2024-05-09,landed,2024-05-09T15:47:00,2024-05-09T18:05:00,,,,,,,,
0,HAT268,BOS,DFW,16:00:00,18:00:00,120,2024-05-10,landed,2024-05-10T16:11:00,2024-05-10T18:09:00,,,,,,,,
0,HAT268,BOS,DFW,16:00:00,18:00:00,120,2024-05-11,landed,2024-05-11T16:36:00,2024-05-11T18:27:00,,,,,,,,
0,HAT268,BOS,DFW,16:00:00,18:00:00,120,2024-05-12,landed,2024-05-12T16:40:00,2024-05-12T17:55:00,,,,,,,,
0,HAT268,BOS,DFW,16:00:00,18:00:00,120,2024-05-13,landed,2024-05-13T16:37:00,2024-05-13T18:18:00,,,,,,,,
0,HAT268,BOS,DFW,16:00:00,18:00:00,120,2024-05-14,landed,2024-05-14T16:14:00,2024-05-14T18:36:00,,,,,,,,
0,HAT268,BOS,DFW,16:00:00,18:00:00,120,2024-05-15,on time,,,2024-05-15T15:49:00,2024-05-15T17:36:00,,,,,,
0,HAT268,BOS,DFW,16:00:00,18:00:00,120,2024-05-16,available,,,,,9.0,0.0,8.0,68.0,155.0,297.0
0,HAT268,BOS,DFW,16:00:00,18:00:00,120,2024-05-17,available,,,,,16.0,20.0,14.0,51.0,179.0,255.0
0,HAT268,BOS,DFW,16:00:00,18:00:00,120,2024-05-18,available,,,,,3.0,10.0,10.0,62.0,157.0,230.0
0,HAT268,BOS,DFW,16:00:00,18:00:00,120,2024-05-19,available,,,,,14.0,14.0,12.0,67.0,168.0,423.0
0,HAT268,BOS,DFW,16:00:00,18:00:00,120,2024-05-20,available,,,,,20.0,4.0,8.0,61.0,101.0,437.0
0,HAT268,BOS,DFW,16:00:00,18:00:00,120,2024-05-21,available,,,,,2.0,1.0,12.0,51.0,112.0,418.0
0,HAT268,BOS,DFW,16:00:00,18:00:00,120,2024-05-22,available,,,,,8.0,16.0,8.0,90.0,185.0,422.0
0,HAT268,BOS,DFW,16:00:00,18:00:00,120,2024-05-23,available,,,,,9.0,9.0,9.0,68.0,167.0,336.0
0,HAT268,BOS,DFW,16:00:00,18:00:00,120,2024-05-24,available,,,,,6.0,11.0,10.0,72.0,171.0,264.0
0,HAT268,BOS,DFW,16:00:00,18:00:00,120,2024-05-25,available,,,,,17.0,6.0,11.0,89.0,190.0,327.0
0,HAT268,BOS,DFW,16:00:00,18:00:00,120,2024-05-26,available,,,,,5.0,18.0,7.0,62.0,133.0,397.0
0,HAT268,BOS,DFW,16:00:00,18:00:00,120,2024-05-27,available,,,,,18.0,13.0,2.0,82.0,197.0,294.0
0,HAT268,BOS,DFW,16:00:00,18:00:00,120,2024-05-28,available,,,,,5.0,7.0,11.0,83.0,187.0,206.0
0,HAT268,BOS,DFW,16:00:00,18:00:00,120,2024-05-29,available,,,,,4.0,13.0,4.0,85.0,109.0,214.0
0,HAT268,BOS,DFW,16:00:00,18:00:00,120,2024-05-30,available,,,,,14.0,8.0,15.0,85.0,107.0,266.0
0,HAT269,LAS,IAH,01:00:00,05:00:00,240,2024-05-01,landed,2024-05-01T01:27:00,2024-05-01T05:43:00,,,,,,,,
0,HAT269,LAS,IAH,01:00:00,05:00:00,240,2024-05-02,landed,2024-05-02T01:07:00,2024-05-02T05:01:00,,,,,,,,
0,HAT269,LAS,IAH,01:00:00,05:00:00,240,2024-05-03,landed,2024-05-03T00:49:00,2024-05-03T05:40:00,,,,,,,,
0,HAT269,LAS,IAH,01:00:00,05:00:00,240,2024-05-04,landed,2024-05-04T01:25:00,2024-05-04T04:54:00,,,,,,,,
0,HAT269,LAS,IAH,01:00:00,05:00:00,240,2024-05-05,landed,2024-05-05T01:26:00,2024-05-05T05:27:00,,,,,,,,
0,HAT269,LAS,IAH,01:00:00,05:00:00,240,2024-05-06,landed,2024-05-06T01:40:00,2024-05-06T04:45:00,,,,,,,,
0,HAT269,LAS,IAH,01:00:00,05:00:00,240,2024-05-07,landed,2024-05-07T01:08:00,2024-05-07T05:49:00,,,,,,,,
0,HAT269,LAS,IAH,01:00:00,05:00:00,240,2024-05-08,landed,2024-05-08T00:45:00,2024-05-08T05:37:00,,,,,,,,
0,HAT269,LAS,IAH,01:00:00,05:00:00,240,2024-05-09,landed,2024-05-09T01:18:00,2024-05-09T05:24:00,,,,,,,,
0,HAT269,LAS,IAH,01:00:00,05:00:00,240,2024-05-10,landed,2024-05-10T01:38:00,2024-05-10T04:50:00,,,,,,,,
0,HAT269,LAS,IAH,01:00:00,05:00:00,240,2024-05-11,cancelled,,,,,,,,,,
0,HAT269,LAS,IAH,01:00:00,05:00:00,240,2024-05-12,landed,2024-05-12T01:39:00,2024-05-12T04:36:00,,,,,,,,
0,HAT269,LAS,IAH,01:00:00,05:00:00,240,2024-05-13,landed,2024-05-13T00:48:00,2024-05-13T05:54:00,,,,,,,,
0,HAT269,LAS,IAH,01:00:00,05:00:00,240,2024-05-14,landed,2024-05-14T01:07:00,2024-05-14T05:41:00,,,,,,,,
0,HAT269,LAS,IAH,01:00:00,05:00:00,240,2024-05-15,landed,2024-05-15T01:10:00,2024-05-15T04:48:00,,,,,,,,
0,HAT269,LAS,IAH,01:00:00,05:00:00,240,2024-05-16,available,,,,,6.0,10.0,9.0,72.0,130.0,432.0
0,HAT269,LAS,IAH,01:00:00,05:00:00,240,2024-05-17,available,,,,,8.0,20.0,14.0,75.0,148.0,496.0
0,HAT269,LAS,IAH,01:00:00,05:00:00,240,2024-05-18,available,,,,,10.0,11.0,20.0,100.0,118.0,372.0
0,HAT269,LAS,IAH,01:00:00,05:00:00,240,2024-05-19,available,,,,,14.0,14.0,14.0,79.0,171.0,304.0
0,HAT269,LAS,IAH,01:00:00,05:00:00,240,2024-05-20,available,,,,,16.0,15.0,9.0,91.0,109.0,458.0
0,HAT269,LAS,IAH,01:00:00,05:00:00,240,2024-05-21,available,,,,,6.0,10.0,13.0,65.0,167.0,256.0
0,HAT269,LAS,IAH,01:00:00,05:00:00,240,2024-05-22,available,,,,,16.0,18.0,4.0,80.0,100.0,321.0
0,HAT269,LAS,IAH,01:00:00,05:00:00,240,2024-05-23,available,,,,,16.0,3.0,16.0,96.0,103.0,408.0
0,HAT269,LAS,IAH,01:00:00,05:00:00,240,2024-05-24,available,,,,,11.0,18.0,12.0,75.0,157.0,438.0
0,HAT269,LAS,IAH,01:00:00,05:00:00,240,2024-05-25,available,,,,,8.0,10.0,3.0,81.0,194.0,206.0
0,HAT269,LAS,IAH,01:00:00,05:00:00,240,2024-05-26,available,,,,,13.0,1.0,19.0,84.0,153.0,367.0
0,HAT269,LAS,IAH,01:00:00,05:00:00,240,2024-05-27,available,,,,,12.0,4.0,19.0,88.0,128.0,253.0
0,HAT269,LAS,IAH,01:00:00,05:00:00,240,2024-05-28,available,,,,,4.0,0.0,17.0,57.0,134.0,466.0
0,HAT269,LAS,IAH,01:00:00,05:00:00,240,2024-05-29,available,,,,,6.0,18.0,2.0,79.0,121.0,439.0
0,HAT269,LAS,IAH,01:00:00,05:00:00,240,2024-05-30,available,,,,,16.0,10.0,17.0,65.0,178.0,345.0
0,HAT270,MIA,LAX,18:00:00,20:00:00,120,2024-05-01,landed,2024-05-01T17:44:00,2024-05-01T19:58:00,,,,,,,,
0,HAT270,MIA,LAX,18:00:00,20:00:00,120,2024-05-02,landed,2024-05-02T18:36:00,2024-05-02T20:55:00,,,,,,,,
0,HAT270,MIA,LAX,18:00:00,20:00:00,120,2024-05-03,landed,2024-05-03T18:36:00,2024-05-03T20:00:00,,,,,,,,
0,HAT270,MIA,LAX,18:00:00,20:00:00,120,2024-05-04,landed,2024-05-04T18:40:00,2024-05-04T20:15:00,,,,,,,,
0,HAT270,MIA,LAX,18:00:00,20:00:00,120,2024-05-05,landed,2024-05-05T18:12:00,2024-05-05T20:12:00,,,,,,,,
0,HAT270,MIA,LAX,18:00:00,20:00:00,120,2024-05-06,landed,2024-05-06T17:56:00,2024-05-06T20:21:00,,,,,,,,
0,HAT270,MIA,LAX,18:00:00,20:00:00,120,2024-05-07,landed,2024-05-07T18:19:00,2024-05-07T20:47:00,,,,,,,,
0,HAT270,MIA,LAX,18:00:00,20:00:00,120,2024-05-08,landed,2024-05-08T18:16:00,2024-05-08T20:03:00,,,,,,,,
0,HAT270,MIA,LAX,18:00:00,20:00:00,120,2024-05-09,landed,2024-05-09T18:29:00,2024-05-09T20:46:00,,,,,,,,
0,HAT270,MIA,LAX,18:00:00,20:00:00,120,2024-05-10,landed,2024-05-10T17:50:00,2024-05-10T20:29:00,,,,,,,,
0,HAT270,MIA,LAX,18:00:00,20:00:00,120,2024-05-11,landed,2024-05-11T18:15:00,2024-05-11T20:24:00,,,,,,,,
0,HAT270,MIA,LAX,18:00:00,20:00:00,120,2024-05-12,cancelled,,,,,,,,,,
0,HAT270,MIA,LAX,18:00:00,20:00:00,120,2024-05-13,landed,2024-05-13T18:28:00,2024-05-13T20:12:00,,,,,,,,
0,HAT270,MIA,LAX,18:00:00,20:00:00,120,2024-05-14,landed,2024-05-14T17:46:00,2024-05-14T20:00:00,,,,,,,,
0,HAT270,MIA,LAX,18:00:00,20:00:00,120,2024-05-15,on time,,,2024-05-15T17:42:00,2024-05-15T19:58:00,,,,,,
0,HAT270,MIA,LAX,18:00:00,20:00:00,120,2024-05-16,available,,,,,6.0,9.0,18.0,64.0,114.0,313.0
0,HAT270,MIA,LAX,18:00:00,20:00:00,120,2024-05-17,available,,,,,16.0,2.0,19.0,65.0,106.0,275.0
0,HAT270,MIA,LAX,18:00:00,20:00:00,120,2024-05-18,available,,,,,9.0,15.0,16.0,79.0,189.0,332.0
0,HAT270,MIA,LAX,18:00:00,20:00:00,120,2024-05-19,available,,,,,16.0,6.0,16.0,80.0,145.0,215.0
0,HAT270,MIA,LAX,18:00:00,20:00:00,120,2024-05-20,available,,,,,20.0,1.0,9.0,67.0,168.0,404.0
0,HAT270,MIA,LAX,18:00:00,20:00:00,120,2024-05-21,available,,,,,3.0,16.0,10.0,97.0,109.0,288.0
0,HAT270,MIA,LAX,18:00:00,20:00:00,120,2024-05-22,available,,,,,0.0,9.0,9.0,91.0,140.0,401.0
0,HAT270,MIA,LAX,18:00:00,20:00:00,120,2024-05-23,available,,,,,18.0,10.0,6.0,98.0,151.0,255.0
0,HAT270,MIA,LAX,18:00:00,20:00:00,120,2024-05-24,available,,,,,18.0,6.0,18.0,68.0,180.0,398.0
0,HAT270,MIA,LAX,18:00:00,20:00:00,120,2024-05-25,available,,,,,17.0,10.0,7.0,74.0,193.0,483.0
0,HAT270,MIA,LAX,18:00:00,20:00:00,120,2024-05-26,available,,,,,18.0,16.0,3.0,84.0,163.0,368.0
0,HAT270,MIA,LAX,18:00:00,20:00:00,120,2024-05-27,available,,,,,19.0,9.0,1.0,50.0,197.0,296.0
0,HAT270,MIA,LAX,18:00:00,20:00:00,120,2024-05-28,available,,,,,5.0,13.0,14.0,69.0,114.0,255.0
0,HAT270,MIA,LAX,18:00:00,20:00:00,120,2024-05-29,available,,,,,10.0,17.0,8.0,78.0,123.0,307.0
0,HAT270,MIA,LAX,18:00:00,20:00:00,120,2024-05-30,available,,,,,19.0,19.0,19.0,57.0,177.0,299.0
0,HAT271,MIA,LAX,22:00:00,00:00:00+1,120,2024-05-01,landed,2024-05-01T22:19:00,2024-05-01T23:43:00,,,,,,,,
0,HAT271,MIA,LAX,22:00:00,00:00:00+1,120,2024-05-02,landed,2024-05-02T22:04:00,2024-05-03T00:23:00,,,,,,,,
0,HAT271,MIA,LAX,22:00:00,00:00:00+1,120,2024-05-03,landed,2024-05-03T21:57:00,2024-05-04T00:04:00,,,,,,,,
0,HAT271,MIA,LAX,22:00:00,00:00:00+1,120,2024-05-04,landed,2024-05-04T22:12:00,2024-05-05T00:33:00,,,,,,,,
0,HAT271,MIA,LAX,22:00:00,00:00:00+1,120,2024-05-05,landed,2024-05-05T22:31:00,2024-05-06T00:55:00,,,,,,,,
0,HAT271,MIA,LAX,22:00:00,00:00:00+1,120,2024-05-06,cancelled,,,,,,,,,,
0,HAT271,MIA,LAX,22:00:00,00:00:00+1,120,2024-05-07,landed,2024-05-07T21:59:00,2024-05-07T23:58:00,,,,,,,,
0,HAT271,MIA,LAX,22:00:00,00:00:00+1,120,2024-05-08,landed,2024-05-08T21:47:00,2024-05-09T00:11:00,,,,,,,,
0,HAT271,MIA,LAX,22:00:00,00:00:00+1,120,2024-05-09,landed,2024-05-09T22:29:00,2024-05-09T23:59:00,,,,,,,,
0,HAT271,MIA,LAX,22:00:00,00:00:00+1,120,2024-05-10,landed,2024-05-10T22:32:00,2024-05-11T00:48:00,,,,,,,,
0,HAT271,MIA,LAX,22:00:00,00:00:00+1,120,2024-05-11,landed,2024-05-11T22:28:00,2024-05-12T00:40:00,,,,,,,,
0,HAT271,MIA,LAX,22:00:00,00:00:00+1,120,2024-05-12,landed,2024-05-12T22:07:00,2024-05-13T00:18:00,,,,,,,,
0,HAT271,MIA,LAX,22:00:00,00:00:00+1,120,2024-05-13,landed,2024-05-13T21:50:00,2024-05-14T00:24:00,,,,,,,,
0,HAT271,MIA,LAX,22:00:00,00:00:00+1,120,2024-05-14,landed,2024-05-14T22:22:00,2024-05-15T00:05:00,,,,,,,,
0,HAT271,MIA,LAX,22:00:00,00:00:00+1,120,2024-05-15,on time,,,2024-05-15T22:00:00,2024-05-16T00:03:00,,,,,,
0,HAT271,MIA,LAX,22:00:00,00:00:00+1,120,2024-05-16,available,,,,,20.0,12.0,13.0,94.0,121.0,265.0
0,HAT271,MIA,LAX,22:00:00,00:00:00+1,120,2024-05-17,available,,,,,5.0,20.0,16.0,62.0,189.0,496.0
0,HAT271,MIA,LAX,22:00:00,00:00:00+1,120,2024-05-18,available,,,,,5.0,15.0,2.0,52.0,164.0,391.0
0,HAT271,MIA,LAX,22:00:00,00:00:00+1,120,2024-05-19,available,,,,,0.0,17.0,17.0,96.0,124.0,422.0
0,HAT271,MIA,LAX,22:00:00,00:00:00+1,120,2024-05-20,available,,,,,10.0,3.0,16.0,78.0,149.0,213.0
0,HAT271,MIA,LAX,22:00:00,00:00:00+1,120,2024-05-21,available,,,,,0.0,8.0,17.0,64.0,168.0,234.0
0,HAT271,MIA,LAX,22:00:00,00:00:00+1,120,2024-05-22,available,,,,,10.0,3.0,16.0,61.0,104.0,216.0
0,HAT271,MIA,LAX,22:00:00,00:00:00+1,120,2024-05-23,available,,,,,4.0,5.0,18.0,52.0,148.0,343.0
0,HAT271,MIA,LAX,22:00:00,00:00:00+1,120,2024-05-24,available,,,,,20.0,17.0,12.0,55.0,138.0,406.0
0,HAT271,MIA,LAX,22:00:00,00:00:00+1,120,2024-05-25,available,,,,,5.0,2.0,12.0,76.0,148.0,259.0
0,HAT271,MIA,LAX,22:00:00,00:00:00+1,120,2024-05-26,available,,,,,11.0,16.0,8.0,100.0,142.0,399.0
0,HAT271,MIA,LAX,22:00:00,00:00:00+1,120,2024-05-27,available,,,,,5.0,10.0,5.0,78.0,161.0,231.0
0,HAT271,MIA,LAX,22:00:00,00:00:00+1,120,2024-05-28,available,,,,,2.0,3.0,4.0,56.0,118.0,465.0
0,HAT271,MIA,LAX,22:00:00,00:00:00+1,120,2024-05-29,available,,,,,9.0,4.0,12.0,90.0,121.0,212.0
0,HAT271,MIA,LAX,22:00:00,00:00:00+1,120,2024-05-30,available,,,,,13.0,12.0,6.0,57.0,141.0,383.0
0,HAT272,MIA,LAX,09:00:00,11:00:00,120,2024-05-01,landed,2024-05-01T09:33:00,2024-05-01T11:04:00,,,,,,,,
0,HAT272,MIA,LAX,09:00:00,11:00:00,120,2024-05-02,landed,2024-05-02T09:31:00,2024-05-02T11:06:00,,,,,,,,
0,HAT272,MIA,LAX,09:00:00,11:00:00,120,2024-05-03,landed,2024-05-03T08:49:00,2024-05-03T10:45:00,,,,,,,,
0,HAT272,MIA,LAX,09:00:00,11:00:00,120,2024-05-04,landed,2024-05-04T08:55:00,2024-05-04T10:36:00,,,,,,,,
0,HAT272,MIA,LAX,09:00:00,11:00:00,120,2024-05-05,landed,2024-05-05T09:06:00,2024-05-05T11:04:00,,,,,,,,
0,HAT272,MIA,LAX,09:00:00,11:00:00,120,2024-05-06,cancelled,,,,,,,,,,
0,HAT272,MIA,LAX,09:00:00,11:00:00,120,2024-05-07,landed,2024-05-07T09:15:00,2024-05-07T10:51:00,,,,,,,,
0,HAT272,MIA,LAX,09:00:00,11:00:00,120,2024-05-08,landed,2024-05-08T09:24:00,2024-05-08T11:43:00,,,,,,,,
0,HAT272,MIA,LAX,09:00:00,11:00:00,120,2024-05-09,cancelled,,,,,,,,,,
0,HAT272,MIA,LAX,09:00:00,11:00:00,120,2024-05-10,landed,2024-05-10T09:11:00,2024-05-10T11:48:00,,,,,,,,
0,HAT272,MIA,LAX,09:00:00,11:00:00,120,2024-05-11,landed,2024-05-11T08:45:00,2024-05-11T11:06:00,,,,,,,,
0,HAT272,MIA,LAX,09:00:00,11:00:00,120,2024-05-12,landed,2024-05-12T08:54:00,2024-05-12T11:46:00,,,,,,,,
0,HAT272,MIA,LAX,09:00:00,11:00:00,120,2024-05-13,landed,2024-05-13T09:19:00,2024-05-13T11:28:00,,,,,,,,
0,HAT272,MIA,LAX,09:00:00,11:00:00,120,2024-05-14,landed,2024-05-14T09:32:00,2024-05-14T11:35:00,,,,,,,,
0,HAT272,MIA,LAX,09:00:00,11:00:00,120,2024-05-15,landed,2024-05-15T09:38:00,2024-05-15T11:13:00,,,,,,,,
0,HAT272,MIA,LAX,09:00:00,11:00:00,120,2024-05-16,available,,,,,15.0,19.0,6.0,79.0,131.0,340.0
0,HAT272,MIA,LAX,09:00:00,11:00:00,120,2024-05-17,available,,,,,2.0,7.0,18.0,98.0,103.0,200.0
0,HAT272,MIA,LAX,09:00:00,11:00:00,120,2024-05-18,available,,,,,3.0,20.0,8.0,72.0,129.0,397.0
0,HAT272,MIA,LAX,09:00:00,11:00:00,120,2024-05-19,available,,,,,3.0,5.0,5.0,51.0,123.0,483.0
0,HAT272,MIA,LAX,09:00:00,11:00:00,120,2024-05-20,available,,,,,4.0,7.0,0.0,95.0,188.0,217.0
0,HAT272,MIA,LAX,09:00:00,11:00:00,120,2024-05-21,available,,,,,20.0,0.0,2.0,63.0,183.0,258.0
0,HAT272,MIA,LAX,09:00:00,11:00:00,120,2024-05-22,available,,,,,7.0,14.0,17.0,75.0,195.0,355.0
0,HAT272,MIA,LAX,09:00:00,11:00:00,120,2024-05-23,available,,,,,5.0,12.0,1.0,75.0,177.0,458.0
0,HAT272,MIA,LAX,09:00:00,11:00:00,120,2024-05-24,available,,,,,0.0,1.0,3.0,100.0,184.0,371.0
0,HAT272,MIA,LAX,09:00:00,11:00:00,120,2024-05-25,available,,,,,5.0,5.0,19.0,86.0,114.0,381.0
0,HAT272,MIA,LAX,09:00:00,11:00:00,120,2024-05-26,available,,,,,3.0,3.0,8.0,59.0,114.0,468.0
0,HAT272,MIA,LAX,09:00:00,11:00:00,120,2024-05-27,available,,,,,12.0,13.0,6.0,61.0,157.0,410.0
0,HAT272,MIA,LAX,09:00:00,11:00:00,120,2024-05-28,available,,,,,18.0,5.0,19.0,73.0,183.0,404.0
0,HAT272,MIA,LAX,09:00:00,11:00:00,120,2024-05-29,available,,,,,0.0,13.0,4.0,97.0,161.0,293.0
0,HAT272,MIA,LAX,09:00:00,11:00:00,120,2024-05-30,available,,,,,16.0,16.0,8.0,88.0,162.0,323.0
0,HAT273,MIA,LAX,17:00:00,19:00:00,120,2024-05-01,landed,2024-05-01T16:50:00,2024-05-01T19:46:00,,,,,,,,
0,HAT273,MIA,LAX,17:00:00,19:00:00,120,2024-05-02,landed,2024-05-02T17:35:00,2024-05-02T19:15:00,,,,,,,,
0,HAT273,MIA,LAX,17:00:00,19:00:00,120,2024-05-03,landed,2024-05-03T17:38:00,2024-05-03T19:48:00,,,,,,,,
0,HAT273,MIA,LAX,17:00:00,19:00:00,120,2024-05-04,landed,2024-05-04T17:28:00,2024-05-04T18:58:00,,,,,,,,
0,HAT273,MIA,LAX,17:00:00,19:00:00,120,2024-05-05,landed,2024-05-05T16:51:00,2024-05-05T18:55:00,,,,,,,,
0,HAT273,MIA,LAX,17:00:00,19:00:00,120,2024-05-06,landed,2024-05-06T16:53:00,2024-05-06T19:48:00,,,,,,,,
0,HAT273,MIA,LAX,17:00:00,19:00:00,120,2024-05-07,landed,2024-05-07T17:22:00,2024-05-07T18:55:00,,,,,,,,
0,HAT273,MIA,LAX,17:00:00,19:00:00,120,2024-05-08,landed,2024-05-08T16:58:00,2024-05-08T18:41:00,,,,,,,,
0,HAT273,MIA,LAX,17:00:00,19:00:00,120,2024-05-09,landed,2024-05-09T17:39:00,2024-05-09T19:14:00,,,,,,,,
0,HAT273,MIA,LAX,17:00:00,19:00:00,120,2024-05-10,landed,2024-05-10T16:56:00,2024-05-10T18:44:00,,,,,,,,
0,HAT273,MIA,LAX,17:00:00,19:00:00,120,2024-05-11,landed,2024-05-11T16:57:00,2024-05-11T18:54:00,,,,,,,,
0,HAT273,MIA,LAX,17:00:00,19:00:00,120,2024-05-12,landed,2024-05-12T16:53:00,2024-05-12T18:47:00,,,,,,,,
0,HAT273,MIA,LAX,17:00:00,19:00:00,120,2024-05-13,landed,2024-05-13T16:58:00,2024-05-13T19:03:00,,,,,,,,
0,HAT273,MIA,LAX,17:00:00,19:00:00,120,2024-05-14,landed,2024-05-14T17:21:00,2024-05-14T19:49:00,,,,,,,,
0,HAT273,MIA,LAX,17:00:00,19:00:00,120,2024-05-15,delayed,,,2024-05-15T18:25:00,2024-05-15T21:29:00,,,,,,
0,HAT273,MIA,LAX,17:00:00,19:00:00,120,2024-05-16,available,,,,,13.0,10.0,10.0,100.0,155.0,474.0
0,HAT273,MIA,LAX,17:00:00,19:00:00,120,2024-05-17,available,,,,,8.0,4.0,10.0,74.0,175.0,269.0
0,HAT273,MIA,LAX,17:00:00,19:00:00,120,2024-05-18,available,,,,,8.0,8.0,8.0,100.0,178.0,235.0
0,HAT273,MIA,LAX,17:00:00,19:00:00,120,2024-05-19,available,,,,,17.0,6.0,13.0,68.0,100.0,289.0
0,HAT273,MIA,LAX,17:00:00,19:00:00,120,2024-05-20,available,,,,,18.0,9.0,5.0,54.0,144.0,389.0
0,HAT273,MIA,LAX,17:00:00,19:00:00,120,2024-05-21,available,,,,,17.0,15.0,4.0,79.0,185.0,353.0
0,HAT273,MIA,LAX,17:00:00,19:00:00,120,2024-05-22,available,,,,,10.0,16.0,11.0,81.0,123.0,208.0
0,HAT273,MIA,LAX,17:00:00,19:00:00,120,2024-05-23,available,,,,,8.0,11.0,20.0,65.0,113.0,230.0
0,HAT273,MIA,LAX,17:00:00,19:00:00,120,2024-05-24,available,,,,,20.0,19.0,9.0,68.0,184.0,280.0
0,HAT273,MIA,LAX,17:00:00,19:00:00,120,2024-05-25,available,,,,,5.0,19.0,17.0,97.0,133.0,213.0
0,HAT273,MIA,LAX,17:00:00,19:00:00,120,2024-05-26,available,,,,,20.0,10.0,17.0,92.0,180.0,219.0
0,HAT273,MIA,LAX,17:00:00,19:00:00,120,2024-05-27,available,,,,,18.0,5.0,2.0,81.0,178.0,448.0
0,HAT273,MIA,LAX,17:00:00,19:00:00,120,2024-05-28,available,,,,,20.0,2.0,18.0,81.0,105.0,378.0
0,HAT273,MIA,LAX,17:00:00,19:00:00,120,2024-05-29,available,,,,,9.0,14.0,4.0,91.0,175.0,434.0
0,HAT273,MIA,LAX,17:00:00,19:00:00,120,2024-05-30,available,,,,,16.0,12.0,17.0,62.0,100.0,441.0
0,HAT274,MIA,LAX,10:00:00,12:00:00,120,2024-05-01,landed,2024-05-01T10:35:00,2024-05-01T12:29:00,,,,,,,,
0,HAT274,MIA,LAX,10:00:00,12:00:00,120,2024-05-02,landed,2024-05-02T09:42:00,2024-05-02T12:47:00,,,,,,,,
0,HAT274,MIA,LAX,10:00:00,12:00:00,120,2024-05-03,landed,2024-05-03T09:51:00,2024-05-03T12:37:00,,,,,,,,
0,HAT274,MIA,LAX,10:00:00,12:00:00,120,2024-05-04,landed,2024-05-04T09:46:00,2024-05-04T12:07:00,,,,,,,,
0,HAT274,MIA,LAX,10:00:00,12:00:00,120,2024-05-05,landed,2024-05-05T10:39:00,2024-05-05T12:16:00,,,,,,,,
0,HAT274,MIA,LAX,10:00:00,12:00:00,120,2024-05-06,landed,2024-05-06T09:45:00,2024-05-06T11:49:00,,,,,,,,
0,HAT274,MIA,LAX,10:00:00,12:00:00,120,2024-05-07,landed,2024-05-07T10:00:00,2024-05-07T12:21:00,,,,,,,,
0,HAT274,MIA,LAX,10:00:00,12:00:00,120,2024-05-08,cancelled,,,,,,,,,,
0,HAT274,MIA,LAX,10:00:00,12:00:00,120,2024-05-09,landed,2024-05-09T09:56:00,2024-05-09T12:30:00,,,,,,,,
0,HAT274,MIA,LAX,10:00:00,12:00:00,120,2024-05-10,landed,2024-05-10T10:18:00,2024-05-10T11:59:00,,,,,,,,
0,HAT274,MIA,LAX,10:00:00,12:00:00,120,2024-05-11,landed,2024-05-11T10:02:00,2024-05-11T12:54:00,,,,,,,,
0,HAT274,MIA,LAX,10:00:00,12:00:00,120,2024-05-12,landed,2024-05-12T09:48:00,2024-05-12T12:17:00,,,,,,,,
0,HAT274,MIA,LAX,10:00:00,12:00:00,120,2024-05-13,landed,2024-05-13T09:40:00,2024-05-13T11:57:00,,,,,,,,
0,HAT274,MIA,LAX,10:00:00,12:00:00,120,2024-05-14,landed,2024-05-14T09:40:00,2024-05-14T11:57:00,,,,,,,,
0,HAT274,MIA,LAX,10:00:00,12:00:00,120,2024-05-15,landed,2024-05-15T09:59:00,2024-05-15T12:14:00,,,,,,,,
0,HAT274,MIA,LAX,10:00:00,12:00:00,120,2024-05-16,available,,,,,7.0,14.0,10.0,59.0,116.0,209.0
0,HAT274,MIA,LAX,10:00:00,12:00:00,120,2024-05-17,available,,,,,20.0,12.0,20.0,89.0,111.0,244.0
0,HAT274,MIA,LAX,10:00:00,12:00:00,120,2024-05-18,available,,,,,20.0,0.0,12.0,95.0,113.0,447.0
0,HAT274,MIA,LAX,10:00:00,12:00:00,120,2024-05-19,available,,,,,3.0,9.0,13.0,82.0,200.0,491.0
0,HAT274,MIA,LAX,10:00:00,12:00:00,120,2024-05-20,available,,,,,18.0,15.0,17.0,66.0,102.0,353.0
0,HAT274,MIA,LAX,10:00:00,12:00:00,120,2024-05-21,available,,,,,12.0,6.0,10.0,59.0,103.0,322.0
0,HAT274,MIA,LAX,10:00:00,12:00:00,120,2024-05-22,available,,,,,0.0,17.0,1.0,77.0,119.0,255.0
0,HAT274,MIA,LAX,10:00:00,12:00:00,120,2024-05-23,available,,,,,18.0,10.0,3.0,52.0,197.0,258.0
0,HAT274,MIA,LAX,10:00:00,12:00:00,120,2024-05-24,available,,,,,9.0,11.0,4.0,77.0,172.0,310.0
0,HAT274,MIA,LAX,10:00:00,12:00:00,120,2024-05-25,available,,,,,17.0,16.0,17.0,77.0,140.0,304.0
0,HAT274,MIA,LAX,10:00:00,12:00:00,120,2024-05-26,available,,,,,6.0,7.0,15.0,97.0,159.0,389.0
0,HAT274,MIA,LAX,10:00:00,12:00:00,120,2024-05-27,available,,,,,9.0,7.0,16.0,89.0,186.0,202.0
0,HAT274,MIA,LAX,10:00:00,12:00:00,120,2024-05-28,available,,,,,9.0,2.0,0.0,87.0,191.0,320.0
0,HAT274,MIA,LAX,10:00:00,12:00:00,120,2024-05-29,available,,,,,1.0,7.0,19.0,90.0,147.0,332.0
0,HAT274,MIA,LAX,10:00:00,12:00:00,120,2024-05-30,available,,,,,5.0,2.0,3.0,98.0,118.0,247.0
0,HAT275,BOS,MSP,03:00:00,04:30:00,90,2024-05-01,landed,2024-05-01T02:42:00,2024-05-01T04:40:00,,,,,,,,
0,HAT275,BOS,MSP,03:00:00,04:30:00,90,2024-05-02,landed,2024-05-02T02:56:00,2024-05-02T04:30:00,,,,,,,,
0,HAT275,BOS,MSP,03:00:00,04:30:00,90,2024-05-03,landed,2024-05-03T03:12:00,2024-05-03T04:47:00,,,,,,,,
0,HAT275,BOS,MSP,03:00:00,04:30:00,90,2024-05-04,landed,2024-05-04T03:06:00,2024-05-04T05:05:00,,,,,,,,
0,HAT275,BOS,MSP,03:00:00,04:30:00,90,2024-05-05,cancelled,,,,,,,,,,
0,HAT275,BOS,MSP,03:00:00,04:30:00,90,2024-05-06,landed,2024-05-06T02:51:00,2024-05-06T05:02:00,,,,,,,,
0,HAT275,BOS,MSP,03:00:00,04:30:00,90,2024-05-07,landed,2024-05-07T03:36:00,2024-05-07T04:06:00,,,,,,,,
0,HAT275,BOS,MSP,03:00:00,04:30:00,90,2024-05-08,landed,2024-05-08T03:24:00,2024-05-08T05:13:00,,,,,,,,
0,HAT275,BOS,MSP,03:00:00,04:30:00,90,2024-05-09,landed,2024-05-09T03:18:00,2024-05-09T05:07:00,,,,,,,,
0,HAT275,BOS,MSP,03:00:00,04:30:00,90,2024-05-10,landed,2024-05-10T02:44:00,2024-05-10T04:35:00,,,,,,,,
0,HAT275,BOS,MSP,03:00:00,04:30:00,90,2024-05-11,landed,2024-05-11T02:44:00,2024-05-11T04:46:00,,,,,,,,
0,HAT275,BOS,MSP,03:00:00,04:30:00,90,2024-05-12,landed,2024-05-12T03:30:00,2024-05-12T04:06:00,,,,,,,,
0,HAT275,BOS,MSP,03:00:00,04:30:00,90,2024-05-13,landed,2024-05-13T03:12:00,2024-05-13T04:50:00,,,,,,,,
0,HAT275,BOS,MSP,03:00:00,04:30:00,90,2024-05-14,landed,2024-05-14T03:16:00,2024-05-14T05:20:00,,,,,,,,
0,HAT275,BOS,MSP,03:00:00,04:30:00,90,2024-05-15,landed,2024-05-15T02:49:00,2024-05-15T05:03:00,,,,,,,,
0,HAT275,BOS,MSP,03:00:00,04:30:00,90,2024-05-16,available,,,,,7.0,15.0,3.0,62.0,153.0,303.0
0,HAT275,BOS,MSP,03:00:00,04:30:00,90,2024-05-17,available,,,,,14.0,3.0,16.0,68.0,173.0,242.0
0,HAT275,BOS,MSP,03:00:00,04:30:00,90,2024-05-18,available,,,,,2.0,10.0,4.0,87.0,107.0,414.0
0,HAT275,BOS,MSP,03:00:00,04:30:00,90,2024-05-19,available,,,,,17.0,10.0,15.0,88.0,178.0,237.0
0,HAT275,BOS,MSP,03:00:00,04:30:00,90,2024-05-20,available,,,,,19.0,1.0,6.0,51.0,170.0,313.0
0,HAT275,BOS,MSP,03:00:00,04:30:00,90,2024-05-21,available,,,,,8.0,0.0,2.0,85.0,158.0,309.0
0,HAT275,BOS,MSP,03:00:00,04:30:00,90,2024-05-22,available,,,,,19.0,15.0,10.0,80.0,196.0,420.0
0,HAT275,BOS,MSP,03:00:00,04:30:00,90,2024-05-23,available,,,,,9.0,11.0,19.0,95.0,138.0,410.0
0,HAT275,BOS,MSP,03:00:00,04:30:00,90,2024-05-24,available,,,,,0.0,2.0,6.0,67.0,192.0,282.0
0,HAT275,BOS,MSP,03:00:00,04:30:00,90,2024-05-25,available,,,,,2.0,8.0,12.0,100.0,131.0,239.0
0,HAT275,BOS,MSP,03:00:00,04:30:00,90,2024-05-26,available,,,,,18.0,11.0,13.0,53.0,143.0,383.0
0,HAT275,BOS,MSP,03:00:00,04:30:00,90,2024-05-27,available,,,,,19.0,16.0,7.0,81.0,131.0,213.0
0,HAT275,BOS,MSP,03:00:00,04:30:00,90,2024-05-28,available,,,,,19.0,6.0,11.0,100.0,161.0,373.0
0,HAT275,BOS,MSP,03:00:00,04:30:00,90,2024-05-29,available,,,,,9.0,6.0,3.0,89.0,108.0,403.0
0,HAT275,BOS,MSP,03:00:00,04:30:00,90,2024-05-30,available,,,,,17.0,7.0,3.0,55.0,170.0,446.0
0,HAT276,BOS,MSP,21:00:00,22:30:00,90,2024-05-01,landed,2024-05-01T21:08:00,2024-05-01T23:01:00,,,,,,,,
0,HAT276,BOS,MSP,21:00:00,22:30:00,90,2024-05-02,landed,2024-05-02T21:15:00,2024-05-02T23:22:00,,,,,,,,
0,HAT276,BOS,MSP,21:00:00,22:30:00,90,2024-05-03,landed,2024-05-03T21:31:00,2024-05-03T22:44:00,,,,,,,,
0,HAT276,BOS,MSP,21:00:00,22:30:00,90,2024-05-04,landed,2024-05-04T21:36:00,2024-05-04T22:50:00,,,,,,,,
0,HAT276,BOS,MSP,21:00:00,22:30:00,90,2024-05-05,landed,2024-05-05T21:15:00,2024-05-05T22:55:00,,,,,,,,
0,HAT276,BOS,MSP,21:00:00,22:30:00,90,2024-05-06,cancelled,,,,,,,,,,
0,HAT276,BOS,MSP,21:00:00,22:30:00,90,2024-05-07,cancelled,,,,,,,,,,
0,HAT276,BOS,MSP,21:00:00,22:30:00,90,2024-05-08,landed,2024-05-08T21:31:00,2024-05-08T22:56:00,,,,,,,,
0,HAT276,BOS,MSP,21:00:00,22:30:00,90,2024-05-09,landed,2024-05-09T20:40:00,2024-05-09T23:22:00,,,,,,,,
0,HAT276,BOS,MSP,21:00:00,22:30:00,90,2024-05-10,landed,2024-05-10T21:08:00,2024-05-10T23:20:00,,,,,,,,
0,HAT276,BOS,MSP,21:00:00,22:30:00,90,2024-05-11,landed,2024-05-11T20:43:00,2024-05-11T23:18:00,,,,,,,,
0,HAT276,BOS,MSP,21:00:00,22:30:00,90,2024-05-12,landed,2024-05-12T20:53:00,2024-05-12T23:01:00,,,,,,,,
0,HAT276,BOS,MSP,21:00:00,22:30:00,90,2024-05-13,landed,2024-05-13T21:14:00,2024-05-13T22:18:00,,,,,,,,
0,HAT276,BOS,MSP,21:00:00,22:30:00,90,2024-05-14,landed,2024-05-14T20:55:00,2024-05-14T22:53:00,,,,,,,,
0,HAT276,BOS,MSP,21:00:00,22:30:00,90,2024-05-15,on time,,,2024-05-15T20:51:00,2024-05-15T22:35:00,,,,,,
0,HAT276,BOS,MSP,21:00:00,22:30:00,90,2024-05-16,available,,,,,11.0,1.0,11.0,80.0,105.0,273.0
0,HAT276,BOS,MSP,21:00:00,22:30:00,90,2024-05-17,available,,,,,0.0,13.0,1.0,86.0,174.0,450.0
0,HAT276,BOS,MSP,21:00:00,22:30:00,90,2024-05-18,available,,,,,0.0,0.0,2.0,61.0,181.0,353.0
0,HAT276,BOS,MSP,21:00:00,22:30:00,90,2024-05-19,available,,,,,2.0,18.0,5.0,57.0,130.0,253.0
0,HAT276,BOS,MSP,21:00:00,22:30:00,90,2024-05-20,available,,,,,6.0,4.0,15.0,91.0,171.0,432.0
0,HAT276,BOS,MSP,21:00:00,22:30:00,90,2024-05-21,available,,,,,0.0,17.0,5.0,56.0,180.0,215.0
0,HAT276,BOS,MSP,21:00:00,22:30:00,90,2024-05-22,available,,,,,4.0,7.0,2.0,74.0,198.0,456.0
0,HAT276,BOS,MSP,21:00:00,22:30:00,90,2024-05-23,available,,,,,13.0,6.0,6.0,68.0,200.0,216.0
0,HAT276,BOS,MSP,21:00:00,22:30:00,90,2024-05-24,available,,,,,14.0,9.0,19.0,81.0,157.0,249.0
0,HAT276,BOS,MSP,21:00:00,22:30:00,90,2024-05-25,available,,,,,7.0,15.0,15.0,51.0,156.0,230.0
0,HAT276,BOS,MSP,21:00:00,22:30:00,90,2024-05-26,available,,,,,5.0,18.0,12.0,76.0,133.0,252.0
0,HAT276,BOS,MSP,21:00:00,22:30:00,90,2024-05-27,available,,,,,8.0,0.0,17.0,64.0,167.0,207.0
0,HAT276,BOS,MSP,21:00:00,22:30:00,90,2024-05-28,available,,,,,3.0,11.0,3.0,95.0,140.0,446.0
0,HAT276,BOS,MSP,21:00:00,22:30:00,90,2024-05-29,available,,,,,20.0,19.0,1.0,97.0,116.0,445.0
0,HAT276,BOS,MSP,21:00:00,22:30:00,90,2024-05-30,available,,,,,16.0,0.0,18.0,79.0,134.0,284.0
0,HAT277,EWR,PHX,19:00:00,23:00:00,240,2024-05-01,landed,2024-05-01T19:04:00,2024-05-01T22:39:00,,,,,,,,
0,HAT277,EWR,PHX,19:00:00,23:00:00,240,2024-05-02,landed,2024-05-02T19:29:00,2024-05-02T22:35:00,,,,,,,,
0,HAT277,EWR,PHX,19:00:00,23:00:00,240,2024-05-03,landed,2024-05-03T18:47:00,2024-05-03T22:40:00,,,,,,,,
0,HAT277,EWR,PHX,19:00:00,23:00:00,240,2024-05-04,landed,2024-05-04T19:18:00,2024-05-04T22:38:00,,,,,,,,
0,HAT277,EWR,PHX,19:00:00,23:00:00,240,2024-05-05,landed,2024-05-05T19:40:00,2024-05-05T23:11:00,,,,,,,,
0,HAT277,EWR,PHX,19:00:00,23:00:00,240,2024-05-06,landed,2024-05-06T19:08:00,2024-05-06T22:52:00,,,,,,,,
0,HAT277,EWR,PHX,19:00:00,23:00:00,240,2024-05-07,landed,2024-05-07T19:09:00,2024-05-07T23:37:00,,,,,,,,
0,HAT277,EWR,PHX,19:00:00,23:00:00,240,2024-05-08,landed,2024-05-08T18:52:00,2024-05-08T23:30:00,,,,,,,,
0,HAT277,EWR,PHX,19:00:00,23:00:00,240,2024-05-09,landed,2024-05-09T19:16:00,2024-05-09T23:34:00,,,,,,,,
0,HAT277,EWR,PHX,19:00:00,23:00:00,240,2024-05-10,landed,2024-05-10T19:28:00,2024-05-10T22:43:00,,,,,,,,
0,HAT277,EWR,PHX,19:00:00,23:00:00,240,2024-05-11,landed,2024-05-11T19:39:00,2024-05-11T22:51:00,,,,,,,,
0,HAT277,EWR,PHX,19:00:00,23:00:00,240,2024-05-12,landed,2024-05-12T18:41:00,2024-05-12T23:25:00,,,,,,,,
0,HAT277,EWR,PHX,19:00:00,23:00:00,240,2024-05-13,landed,2024-05-13T19:18:00,2024-05-13T23:38:00,,,,,,,,
0,HAT277,EWR,PHX,19:00:00,23:00:00,240,2024-05-14,landed,2024-05-14T18:51:00,2024-05-14T23:41:00,,,,,,,,
0,HAT277,EWR,PHX,19:00:00,23:00:00,240,2024-05-15,on time,,,2024-05-15T18:45:00,2024-05-15T22:47:00,,,,,,
0,HAT277,EWR,PHX,19:00:00,23:00:00,240,2024-05-16,available,,,,,5.0,14.0,18.0,83.0,191.0,474.0
0,HAT277,EWR,PHX,19:00:00,23:00:00,240,2024-05-17,available,,,,,7.0,9.0,12.0,94.0,159.0,207.0
0,HAT277,EWR,PHX,19:00:00,23:00:00,240,2024-05-18,available,,,,,1.0,6.0,4.0,52.0,190.0,425.0
0,HAT277,EWR,PHX,19:00:00,23:00:00,240,2024-05-19,available,,,,,16.0,0.0,7.0,83.0,147.0,422.0
0,HAT277,EWR,PHX,19:00:00,23:00:00,240,2024-05-20,available,,,,,20.0,17.0,13.0,65.0,110.0,253.0
0,HAT277,EWR,PHX,19:00:00,23:00:00,240,2024-05-21,available,,,,,2.0,10.0,13.0,88.0,138.0,404.0
0,HAT277,EWR,PHX,19:00:00,23:00:00,240,2024-05-22,available,,,,,12.0,4.0,8.0,64.0,187.0,209.0
0,HAT277,EWR,PHX,19:00:00,23:00:00,240,2024-05-23,available,,,,,5.0,2.0,16.0,83.0,110.0,454.0
0,HAT277,EWR,PHX,19:00:00,23:00:00,240,2024-05-24,available,,,,,10.0,11.0,12.0,94.0,143.0,425.0
0,HAT277,EWR,PHX,19:00:00,23:00:00,240,2024-05-25,available,,,,,16.0,17.0,12.0,100.0,171.0,473.0
0,HAT277,EWR,PHX,19:00:00,23:00:00,240,2024-05-26,available,,,,,12.0,17.0,9.0,63.0,110.0,368.0
0,HAT277,EWR,PHX,19:00:00,23:00:00,240,2024-05-27,available,,,,,6.0,10.0,5.0,77.0,130.0,451.0
0,HAT277,EWR,PHX,19:00:00,23:00:00,240,2024-05-28,available,,,,,13.0,3.0,18.0,60.0,110.0,431.0
0,HAT277,EWR,PHX,19:00:00,23:00:00,240,2024-05-29,available,,,,,5.0,3.0,5.0,69.0,146.0,374.0
0,HAT277,EWR,PHX,19:00:00,23:00:00,240,2024-05-30,available,,,,,11.0,9.0,12.0,78.0,175.0,363.0
0,HAT278,EWR,PHX,09:00:00,13:00:00,240,2024-05-01,landed,2024-05-01T09:40:00,2024-05-01T13:00:00,,,,,,,,
0,HAT278,EWR,PHX,09:00:00,13:00:00,240,2024-05-02,landed,2024-05-02T08:47:00,2024-05-02T13:49:00,,,,,,,,
0,HAT278,EWR,PHX,09:00:00,13:00:00,240,2024-05-03,landed,2024-05-03T09:28:00,2024-05-03T13:29:00,,,,,,,,
0,HAT278,EWR,PHX,09:00:00,13:00:00,240,2024-05-04,landed,2024-05-04T09:32:00,2024-05-04T12:53:00,,,,,,,,
0,HAT278,EWR,PHX,09:00:00,13:00:00,240,2024-05-05,landed,2024-05-05T08:44:00,2024-05-05T13:53:00,,,,,,,,
0,HAT278,EWR,PHX,09:00:00,13:00:00,240,2024-05-06,landed,2024-05-06T08:53:00,2024-05-06T13:10:00,,,,,,,,
0,HAT278,EWR,PHX,09:00:00,13:00:00,240,2024-05-07,landed,2024-05-07T09:26:00,2024-05-07T12:54:00,,,,,,,,
0,HAT278,EWR,PHX,09:00:00,13:00:00,240,2024-05-08,landed,2024-05-08T08:41:00,2024-05-08T12:38:00,,,,,,,,
0,HAT278,EWR,PHX,09:00:00,13:00:00,240,2024-05-09,landed,2024-05-09T09:31:00,2024-05-09T13:01:00,,,,,,,,
0,HAT278,EWR,PHX,09:00:00,13:00:00,240,2024-05-10,landed,2024-05-10T08:45:00,2024-05-10T13:05:00,,,,,,,,
0,HAT278,EWR,PHX,09:00:00,13:00:00,240,2024-05-11,landed,2024-05-11T09:11:00,2024-05-11T13:50:00,,,,,,,,
0,HAT278,EWR,PHX,09:00:00,13:00:00,240,2024-05-12,landed,2024-05-12T09:14:00,2024-05-12T13:30:00,,,,,,,,
0,HAT278,EWR,PHX,09:00:00,13:00:00,240,2024-05-13,landed,2024-05-13T09:15:00,2024-05-13T13:39:00,,,,,,,,
0,HAT278,EWR,PHX,09:00:00,13:00:00,240,2024-05-14,landed,2024-05-14T08:44:00,2024-05-14T13:09:00,,,,,,,,
0,HAT278,EWR,PHX,09:00:00,13:00:00,240,2024-05-15,landed,2024-05-15T08:51:00,2024-05-15T13:07:00,,,,,,,,
0,HAT278,EWR,PHX,09:00:00,13:00:00,240,2024-05-16,available,,,,,2.0,17.0,19.0,72.0,154.0,482.0
0,HAT278,EWR,PHX,09:00:00,13:00:00,240,2024-05-17,available,,,,,20.0,5.0,14.0,51.0,142.0,372.0
0,HAT278,EWR,PHX,09:00:00,13:00:00,240,2024-05-18,available,,,,,15.0,20.0,17.0,61.0,183.0,340.0
0,HAT278,EWR,PHX,09:00:00,13:00:00,240,2024-05-19,available,,,,,0.0,3.0,5.0,86.0,173.0,493.0
0,HAT278,EWR,PHX,09:00:00,13:00:00,240,2024-05-20,available,,,,,15.0,3.0,13.0,86.0,118.0,495.0
0,HAT278,EWR,PHX,09:00:00,13:00:00,240,2024-05-21,available,,,,,2.0,10.0,13.0,63.0,161.0,413.0
0,HAT278,EWR,PHX,09:00:00,13:00:00,240,2024-05-22,available,,,,,7.0,3.0,11.0,64.0,153.0,227.0
0,HAT278,EWR,PHX,09:00:00,13:00:00,240,2024-05-23,available,,,,,7.0,13.0,5.0,82.0,104.0,365.0
0,HAT278,EWR,PHX,09:00:00,13:00:00,240,2024-05-24,available,,,,,19.0,13.0,0.0,65.0,161.0,444.0
0,HAT278,EWR,PHX,09:00:00,13:00:00,240,2024-05-25,available,,,,,12.0,9.0,12.0,55.0,181.0,330.0
0,HAT278,EWR,PHX,09:00:00,13:00:00,240,2024-05-26,available,,,,,16.0,6.0,3.0,54.0,150.0,293.0
0,HAT278,EWR,PHX,09:00:00,13:00:00,240,2024-05-27,available,,,,,7.0,8.0,9.0,66.0,106.0,257.0
0,HAT278,EWR,PHX,09:00:00,13:00:00,240,2024-05-28,available,,,,,16.0,6.0,0.0,82.0,159.0,472.0
0,HAT278,EWR,PHX,09:00:00,13:00:00,240,2024-05-29,available,,,,,15.0,12.0,16.0,65.0,169.0,258.0
0,HAT278,EWR,PHX,09:00:00,13:00:00,240,2024-05-30,available,,,,,17.0,13.0,6.0,68.0,112.0,464.0
0,HAT279,EWR,PHX,18:00:00,22:00:00,240,2024-05-01,landed,2024-05-01T18:11:00,2024-05-01T22:19:00,,,,,,,,
0,HAT279,EWR,PHX,18:00:00,22:00:00,240,2024-05-02,landed,2024-05-02T18:13:00,2024-05-02T22:18:00,,,,,,,,
0,HAT279,EWR,PHX,18:00:00,22:00:00,240,2024-05-03,landed,2024-05-03T17:53:00,2024-05-03T22:01:00,,,,,,,,
0,HAT279,EWR,PHX,18:00:00,22:00:00,240,2024-05-04,landed,2024-05-04T17:55:00,2024-05-04T22:30:00,,,,,,,,
0,HAT279,EWR,PHX,18:00:00,22:00:00,240,2024-05-05,landed,2024-05-05T17:53:00,2024-05-05T22:29:00,,,,,,,,
0,HAT279,EWR,PHX,18:00:00,22:00:00,240,2024-05-06,landed,2024-05-06T17:57:00,2024-05-06T22:15:00,,,,,,,,
0,HAT279,EWR,PHX,18:00:00,22:00:00,240,2024-05-07,landed,2024-05-07T18:39:00,2024-05-07T21:53:00,,,,,,,,
0,HAT279,EWR,PHX,18:00:00,22:00:00,240,2024-05-08,landed,2024-05-08T18:29:00,2024-05-08T22:31:00,,,,,,,,
0,HAT279,EWR,PHX,18:00:00,22:00:00,240,2024-05-09,landed,2024-05-09T18:37:00,2024-05-09T22:39:00,,,,,,,,
0,HAT279,EWR,PHX,18:00:00,22:00:00,240,2024-05-10,landed,2024-05-10T18:13:00,2024-05-10T21:51:00,,,,,,,,
0,HAT279,EWR,PHX,18:00:00,22:00:00,240,2024-05-11,landed,2024-05-11T18:36:00,2024-05-11T22:31:00,,,,,,,,
0,HAT279,EWR,PHX,18:00:00,22:00:00,240,2024-05-12,cancelled,,,,,,,,,,
0,HAT279,EWR,PHX,18:00:00,22:00:00,240,2024-05-13,landed,2024-05-13T17:58:00,2024-05-13T22:48:00,,,,,,,,
0,HAT279,EWR,PHX,18:00:00,22:00:00,240,2024-05-14,landed,2024-05-14T18:00:00,2024-05-14T21:42:00,,,,,,,,
0,HAT279,EWR,PHX,18:00:00,22:00:00,240,2024-05-15,on time,,,2024-05-15T17:49:00,2024-05-15T21:55:00,,,,,,
0,HAT279,EWR,PHX,18:00:00,22:00:00,240,2024-05-16,available,,,,,12.0,17.0,11.0,91.0,149.0,499.0
0,HAT279,EWR,PHX,18:00:00,22:00:00,240,2024-05-17,available,,,,,9.0,17.0,1.0,90.0,173.0,296.0
0,HAT279,EWR,PHX,18:00:00,22:00:00,240,2024-05-18,available,,,,,18.0,5.0,0.0,80.0,179.0,403.0
0,HAT279,EWR,PHX,18:00:00,22:00:00,240,2024-05-19,available,,,,,11.0,5.0,20.0,70.0,165.0,203.0
0,HAT279,EWR,PHX,18:00:00,22:00:00,240,2024-05-20,available,,,,,13.0,17.0,16.0,100.0,199.0,218.0
0,HAT279,EWR,PHX,18:00:00,22:00:00,240,2024-05-21,available,,,,,14.0,15.0,11.0,72.0,150.0,451.0
0,HAT279,EWR,PHX,18:00:00,22:00:00,240,2024-05-22,available,,,,,6.0,2.0,13.0,53.0,134.0,411.0
0,HAT279,EWR,PHX,18:00:00,22:00:00,240,2024-05-23,available,,,,,7.0,8.0,4.0,71.0,197.0,417.0
0,HAT279,EWR,PHX,18:00:00,22:00:00,240,2024-05-24,available,,,,,0.0,12.0,11.0,68.0,182.0,357.0
0,HAT279,EWR,PHX,18:00:00,22:00:00,240,2024-05-25,available,,,,,20.0,8.0,2.0,59.0,152.0,333.0
0,HAT279,EWR,PHX,18:00:00,22:00:00,240,2024-05-26,available,,,,,12.0,1.0,6.0,66.0,116.0,483.0
0,HAT279,EWR,PHX,18:00:00,22:00:00,240,2024-05-27,available,,,,,5.0,4.0,3.0,80.0,150.0,467.0
0,HAT279,EWR,PHX,18:00:00,22:00:00,240,2024-05-28,available,,,,,2.0,0.0,1.0,61.0,190.0,472.0
0,HAT279,EWR,PHX,18:00:00,22:00:00,240,2024-05-29,available,,,,,11.0,4.0,3.0,90.0,152.0,202.0
0,HAT279,EWR,PHX,18:00:00,22:00:00,240,2024-05-30,available,,,,,3.0,10.0,20.0,62.0,106.0,273.0
0,HAT280,SFO,LAX,14:00:00,18:00:00,240,2024-05-01,landed,2024-05-01T14:24:00,2024-05-01T18:01:00,,,,,,,,
0,HAT280,SFO,LAX,14:00:00,18:00:00,240,2024-05-02,landed,2024-05-02T14:37:00,2024-05-02T18:11:00,,,,,,,,
0,HAT280,SFO,LAX,14:00:00,18:00:00,240,2024-05-03,landed,2024-05-03T14:22:00,2024-05-03T18:12:00,,,,,,,,
0,HAT280,SFO,LAX,14:00:00,18:00:00,240,2024-05-04,landed,2024-05-04T14:18:00,2024-05-04T18:18:00,,,,,,,,
0,HAT280,SFO,LAX,14:00:00,18:00:00,240,2024-05-05,landed,2024-05-05T14:36:00,2024-05-05T18:46:00,,,,,,,,
0,HAT280,SFO,LAX,14:00:00,18:00:00,240,2024-05-06,landed,2024-05-06T13:45:00,2024-05-06T18:20:00,,,,,,,,
0,HAT280,SFO,LAX,14:00:00,18:00:00,240,2024-05-07,landed,2024-05-07T14:30:00,2024-05-07T17:40:00,,,,,,,,
0,HAT280,SFO,LAX,14:00:00,18:00:00,240,2024-05-08,landed,2024-05-08T14:28:00,2024-05-08T17:40:00,,,,,,,,
0,HAT280,SFO,LAX,14:00:00,18:00:00,240,2024-05-09,landed,2024-05-09T14:34:00,2024-05-09T18:09:00,,,,,,,,
0,HAT280,SFO,LAX,14:00:00,18:00:00,240,2024-05-10,landed,2024-05-10T14:14:00,2024-05-10T17:36:00,,,,,,,,
0,HAT280,SFO,LAX,14:00:00,18:00:00,240,2024-05-11,landed,2024-05-11T14:03:00,2024-05-11T17:47:00,,,,,,,,
0,HAT280,SFO,LAX,14:00:00,18:00:00,240,2024-05-12,landed,2024-05-12T13:59:00,2024-05-12T18:30:00,,,,,,,,
0,HAT280,SFO,LAX,14:00:00,18:00:00,240,2024-05-13,cancelled,,,,,,,,,,
0,HAT280,SFO,LAX,14:00:00,18:00:00,240,2024-05-14,landed,2024-05-14T14:34:00,2024-05-14T18:40:00,,,,,,,,
0,HAT280,SFO,LAX,14:00:00,18:00:00,240,2024-05-15,flying,2024-05-15T14:10:00,,,2024-05-15T18:13:00,,,,,,
0,HAT280,SFO,LAX,14:00:00,18:00:00,240,2024-05-16,available,,,,,2.0,7.0,8.0,89.0,140.0,301.0
0,HAT280,SFO,LAX,14:00:00,18:00:00,240,2024-05-17,available,,,,,0.0,7.0,7.0,60.0,157.0,409.0
0,HAT280,SFO,LAX,14:00:00,18:00:00,240,2024-05-18,available,,,,,13.0,2.0,19.0,78.0,127.0,371.0
0,HAT280,SFO,LAX,14:00:00,18:00:00,240,2024-05-19,available,,,,,5.0,10.0,4.0,76.0,170.0,415.0
0,HAT280,SFO,LAX,14:00:00,18:00:00,240,2024-05-20,available,,,,,19.0,12.0,14.0,60.0,116.0,450.0
0,HAT280,SFO,LAX,14:00:00,18:00:00,240,2024-05-21,available,,,,,15.0,18.0,16.0,55.0,108.0,448.0
0,HAT280,SFO,LAX,14:00:00,18:00:00,240,2024-05-22,available,,,,,14.0,17.0,20.0,52.0,174.0,401.0
0,HAT280,SFO,LAX,14:00:00,18:00:00,240,2024-05-23,available,,,,,19.0,5.0,0.0,83.0,141.0,272.0
0,HAT280,SFO,LAX,14:00:00,18:00:00,240,2024-05-24,available,,,,,4.0,14.0,13.0,85.0,187.0,402.0
0,HAT280,SFO,LAX,14:00:00,18:00:00,240,2024-05-25,available,,,,,19.0,16.0,2.0,68.0,153.0,410.0
0,HAT280,SFO,LAX,14:00:00,18:00:00,240,2024-05-26,available,,,,,10.0,11.0,15.0,94.0,180.0,335.0
0,HAT280,SFO,LAX,14:00:00,18:00:00,240,2024-05-27,available,,,,,8.0,13.0,0.0,81.0,164.0,354.0
0,HAT280,SFO,LAX,14:00:00,18:00:00,240,2024-05-28,available,,,,,7.0,15.0,8.0,65.0,115.0,279.0
0,HAT280,SFO,LAX,14:00:00,18:00:00,240,2024-05-29,available,,,,,20.0,16.0,13.0,61.0,134.0,242.0
0,HAT280,SFO,LAX,14:00:00,18:00:00,240,2024-05-30,available,,,,,9.0,0.0,16.0,93.0,117.0,430.0
0,HAT281,SFO,DFW,03:00:00,05:30:00,150,2024-05-01,cancelled,,,,,,,,,,
0,HAT281,SFO,DFW,03:00:00,05:30:00,150,2024-05-02,landed,2024-05-02T03:08:00,2024-05-02T05:26:00,,,,,,,,
0,HAT281,SFO,DFW,03:00:00,05:30:00,150,2024-05-03,landed,2024-05-03T03:34:00,2024-05-03T05:12:00,,,,,,,,
0,HAT281,SFO,DFW,03:00:00,05:30:00,150,2024-05-04,landed,2024-05-04T03:20:00,2024-05-04T05:51:00,,,,,,,,
0,HAT281,SFO,DFW,03:00:00,05:30:00,150,2024-05-05,cancelled,,,,,,,,,,
0,HAT281,SFO,DFW,03:00:00,05:30:00,150,2024-05-06,landed,2024-05-06T02:42:00,2024-05-06T06:25:00,,,,,,,,
0,HAT281,SFO,DFW,03:00:00,05:30:00,150,2024-05-07,cancelled,,,,,,,,,,
0,HAT281,SFO,DFW,03:00:00,05:30:00,150,2024-05-08,landed,2024-05-08T03:11:00,2024-05-08T06:11:00,,,,,,,,
0,HAT281,SFO,DFW,03:00:00,05:30:00,150,2024-05-09,landed,2024-05-09T03:06:00,2024-05-09T05:57:00,,,,,,,,
0,HAT281,SFO,DFW,03:00:00,05:30:00,150,2024-05-10,landed,2024-05-10T02:50:00,2024-05-10T05:52:00,,,,,,,,
0,HAT281,SFO,DFW,03:00:00,05:30:00,150,2024-05-11,landed,2024-05-11T03:10:00,2024-05-11T06:07:00,,,,,,,,
0,HAT281,SFO,DFW,03:00:00,05:30:00,150,2024-05-12,landed,2024-05-12T03:20:00,2024-05-12T05:52:00,,,,,,,,
0,HAT281,SFO,DFW,03:00:00,05:30:00,150,2024-05-13,landed,2024-05-13T02:59:00,2024-05-13T05:38:00,,,,,,,,
0,HAT281,SFO,DFW,03:00:00,05:30:00,150,2024-05-14,landed,2024-05-14T03:05:00,2024-05-14T06:17:00,,,,,,,,
0,HAT281,SFO,DFW,03:00:00,05:30:00,150,2024-05-15,landed,2024-05-15T03:05:00,2024-05-15T05:30:00,,,,,,,,
0,HAT281,SFO,DFW,03:00:00,05:30:00,150,2024-05-16,available,,,,,18.0,0.0,14.0,93.0,100.0,245.0
0,HAT281,SFO,DFW,03:00:00,05:30:00,150,2024-05-17,available,,,,,12.0,12.0,3.0,86.0,160.0,444.0
0,HAT281,SFO,DFW,03:00:00,05:30:00,150,2024-05-18,available,,,,,18.0,10.0,6.0,58.0,118.0,323.0
0,HAT281,SFO,DFW,03:00:00,05:30:00,150,2024-05-19,available,,,,,14.0,10.0,2.0,84.0,140.0,203.0
0,HAT281,SFO,DFW,03:00:00,05:30:00,150,2024-05-20,available,,,,,15.0,14.0,16.0,71.0,113.0,499.0
0,HAT281,SFO,DFW,03:00:00,05:30:00,150,2024-05-21,available,,,,,9.0,18.0,6.0,68.0,165.0,384.0
0,HAT281,SFO,DFW,03:00:00,05:30:00,150,2024-05-22,available,,,,,17.0,16.0,17.0,88.0,130.0,299.0
0,HAT281,SFO,DFW,03:00:00,05:30:00,150,2024-05-23,available,,,,,7.0,3.0,13.0,97.0,163.0,264.0
0,HAT281,SFO,DFW,03:00:00,05:30:00,150,2024-05-24,available,,,,,9.0,18.0,4.0,57.0,124.0,423.0
0,HAT281,SFO,DFW,03:00:00,05:30:00,150,2024-05-25,available,,,,,1.0,17.0,6.0,95.0,130.0,248.0
0,HAT281,SFO,DFW,03:00:00,05:30:00,150,2024-05-26,available,,,,,15.0,14.0,7.0,80.0,113.0,356.0
0,HAT281,SFO,DFW,03:00:00,05:30:00,150,2024-05-27,available,,,,,12.0,16.0,12.0,64.0,103.0,388.0
0,HAT281,SFO,DFW,03:00:00,05:30:00,150,2024-05-28,available,,,,,0.0,3.0,5.0,64.0,170.0,407.0
0,HAT281,SFO,DFW,03:00:00,05:30:00,150,2024-05-29,available,,,,,7.0,7.0,4.0,67.0,167.0,387.0
0,HAT281,SFO,DFW,03:00:00,05:30:00,150,2024-05-30,available,,,,,5.0,18.0,8.0,100.0,144.0,498.0
0,HAT282,LAS,PHX,09:00:00,13:00:00,240,2024-05-01,landed,2024-05-01T09:38:00,2024-05-01T13:11:00,,,,,,,,
0,HAT282,LAS,PHX,09:00:00,13:00:00,240,2024-05-02,landed,2024-05-02T09:24:00,2024-05-02T12:43:00,,,,,,,,
0,HAT282,LAS,PHX,09:00:00,13:00:00,240,2024-05-03,landed,2024-05-03T09:35:00,2024-05-03T13:23:00,,,,,,,,
0,HAT282,LAS,PHX,09:00:00,13:00:00,240,2024-05-04,cancelled,,,,,,,,,,
0,HAT282,LAS,PHX,09:00:00,13:00:00,240,2024-05-05,landed,2024-05-05T09:02:00,2024-05-05T12:40:00,,,,,,,,
0,HAT282,LAS,PHX,09:00:00,13:00:00,240,2024-05-06,cancelled,,,,,,,,,,
0,HAT282,LAS,PHX,09:00:00,13:00:00,240,2024-05-07,landed,2024-05-07T08:52:00,2024-05-07T13:47:00,,,,,,,,
0,HAT282,LAS,PHX,09:00:00,13:00:00,240,2024-05-08,landed,2024-05-08T08:43:00,2024-05-08T13:48:00,,,,,,,,
0,HAT282,LAS,PHX,09:00:00,13:00:00,240,2024-05-09,landed,2024-05-09T08:42:00,2024-05-09T13:36:00,,,,,,,,
0,HAT282,LAS,PHX,09:00:00,13:00:00,240,2024-05-10,landed,2024-05-10T08:54:00,2024-05-10T13:42:00,,,,,,,,
0,HAT282,LAS,PHX,09:00:00,13:00:00,240,2024-05-11,landed,2024-05-11T09:12:00,2024-05-11T13:42:00,,,,,,,,
0,HAT282,LAS,PHX,09:00:00,13:00:00,240,2024-05-12,landed,2024-05-12T08:50:00,2024-05-12T12:59:00,,,,,,,,
0,HAT282,LAS,PHX,09:00:00,13:00:00,240,2024-05-13,landed,2024-05-13T09:13:00,2024-05-13T13:20:00,,,,,,,,
0,HAT282,LAS,PHX,09:00:00,13:00:00,240,2024-05-14,landed,2024-05-14T09:16:00,2024-05-14T13:46:00,,,,,,,,
0,HAT282,LAS,PHX,09:00:00,13:00:00,240,2024-05-15,landed,2024-05-15T09:17:00,2024-05-15T13:40:00,,,,,,,,
0,HAT282,LAS,PHX,09:00:00,13:00:00,240,2024-05-16,available,,,,,10.0,17.0,8.0,84.0,200.0,405.0
0,HAT282,LAS,PHX,09:00:00,13:00:00,240,2024-05-17,available,,,,,12.0,4.0,19.0,51.0,129.0,473.0
0,HAT282,LAS,PHX,09:00:00,13:00:00,240,2024-05-18,available,,,,,3.0,11.0,20.0,98.0,137.0,410.0
0,HAT282,LAS,PHX,09:00:00,13:00:00,240,2024-05-19,available,,,,,10.0,6.0,13.0,58.0,104.0,414.0
0,HAT282,LAS,PHX,09:00:00,13:00:00,240,2024-05-20,available,,,,,0.0,8.0,2.0,90.0,124.0,416.0
0,HAT282,LAS,PHX,09:00:00,13:00:00,240,2024-05-21,available,,,,,10.0,18.0,20.0,64.0,181.0,302.0
0,HAT282,LAS,PHX,09:00:00,13:00:00,240,2024-05-22,available,,,,,17.0,4.0,9.0,94.0,103.0,357.0
0,HAT282,LAS,PHX,09:00:00,13:00:00,240,2024-05-23,available,,,,,4.0,10.0,18.0,93.0,139.0,485.0
0,HAT282,LAS,PHX,09:00:00,13:00:00,240,2024-05-24,available,,,,,8.0,2.0,10.0,85.0,194.0,224.0
0,HAT282,LAS,PHX,09:00:00,13:00:00,240,2024-05-25,available,,,,,0.0,11.0,14.0,68.0,115.0,464.0
0,HAT282,LAS,PHX,09:00:00,13:00:00,240,2024-05-26,available,,,,,16.0,13.0,8.0,67.0,170.0,351.0
0,HAT282,LAS,PHX,09:00:00,13:00:00,240,2024-05-27,available,,,,,5.0,8.0,17.0,55.0,145.0,355.0
0,HAT282,LAS,PHX,09:00:00,13:00:00,240,2024-05-28,available,,,,,3.0,2.0,5.0,60.0,156.0,497.0
0,HAT282,LAS,PHX,09:00:00,13:00:00,240,2024-05-29,available,,,,,12.0,12.0,5.0,69.0,107.0,493.0
0,HAT282,LAS,PHX,09:00:00,13:00:00,240,2024-05-30,available,,,,,5.0,11.0,4.0,73.0,177.0,399.0
0,HAT283,LGA,DEN,04:00:00,07:00:00,180,2024-05-01,landed,2024-05-01T04:25:00,2024-05-01T07:08:00,,,,,,,,
0,HAT283,LGA,DEN,04:00:00,07:00:00,180,2024-05-02,landed,2024-05-02T04:36:00,2024-05-02T06:49:00,,,,,,,,
0,HAT283,LGA,DEN,04:00:00,07:00:00,180,2024-05-03,landed,2024-05-03T03:57:00,2024-05-03T07:22:00,,,,,,,,
0,HAT283,LGA,DEN,04:00:00,07:00:00,180,2024-05-04,landed,2024-05-04T04:11:00,2024-05-04T06:38:00,,,,,,,,
0,HAT283,LGA,DEN,04:00:00,07:00:00,180,2024-05-05,landed,2024-05-05T04:11:00,2024-05-05T06:41:00,,,,,,,,
0,HAT283,LGA,DEN,04:00:00,07:00:00,180,2024-05-06,landed,2024-05-06T04:28:00,2024-05-06T07:11:00,,,,,,,,
0,HAT283,LGA,DEN,04:00:00,07:00:00,180,2024-05-07,cancelled,,,,,,,,,,
0,HAT283,LGA,DEN,04:00:00,07:00:00,180,2024-05-08,landed,2024-05-08T04:15:00,2024-05-08T07:47:00,,,,,,,,
0,HAT283,LGA,DEN,04:00:00,07:00:00,180,2024-05-09,landed,2024-05-09T04:25:00,2024-05-09T06:55:00,,,,,,,,
0,HAT283,LGA,DEN,04:00:00,07:00:00,180,2024-05-10,landed,2024-05-10T03:45:00,2024-05-10T07:46:00,,,,,,,,
0,HAT283,LGA,DEN,04:00:00,07:00:00,180,2024-05-11,landed,2024-05-11T04:26:00,2024-05-11T06:42:00,,,,,,,,
0,HAT283,LGA,DEN,04:00:00,07:00:00,180,2024-05-12,landed,2024-05-12T04:05:00,2024-05-12T07:31:00,,,,,,,,
0,HAT283,LGA,DEN,04:00:00,07:00:00,180,2024-05-13,cancelled,,,,,,,,,,
0,HAT283,LGA,DEN,04:00:00,07:00:00,180,2024-05-14,landed,2024-05-14T04:16:00,2024-05-14T07:24:00,,,,,,,,
0,HAT283,LGA,DEN,04:00:00,07:00:00,180,2024-05-15,landed,2024-05-15T03:44:00,2024-05-15T07:11:00,,,,,,,,
0,HAT283,LGA,DEN,04:00:00,07:00:00,180,2024-05-16,available,,,,,0.0,16.0,1.0,80.0,105.0,343.0
0,HAT283,LGA,DEN,04:00:00,07:00:00,180,2024-05-17,available,,,,,9.0,13.0,3.0,90.0,139.0,219.0
0,HAT283,LGA,DEN,04:00:00,07:00:00,180,2024-05-18,available,,,,,7.0,16.0,20.0,83.0,188.0,267.0
0,HAT283,LGA,DEN,04:00:00,07:00:00,180,2024-05-19,available,,,,,4.0,3.0,14.0,92.0,106.0,253.0
0,HAT283,LGA,DEN,04:00:00,07:00:00,180,2024-05-20,available,,,,,10.0,18.0,9.0,70.0,181.0,461.0
0,HAT283,LGA,DEN,04:00:00,07:00:00,180,2024-05-21,available,,,,,11.0,14.0,10.0,86.0,185.0,261.0
0,HAT283,LGA,DEN,04:00:00,07:00:00,180,2024-05-22,available,,,,,20.0,6.0,7.0,59.0,154.0,362.0
0,HAT283,LGA,DEN,04:00:00,07:00:00,180,2024-05-23,available,,,,,17.0,14.0,19.0,88.0,134.0,289.0
0,HAT283,LGA,DEN,04:00:00,07:00:00,180,2024-05-24,available,,,,,16.0,10.0,11.0,99.0,163.0,455.0
0,HAT283,LGA,DEN,04:00:00,07:00:00,180,2024-05-25,available,,,,,2.0,8.0,10.0,94.0,114.0,271.0
0,HAT283,LGA,DEN,04:00:00,07:00:00,180,2024-05-26,available,,,,,17.0,1.0,13.0,52.0,142.0,391.0
0,HAT283,LGA,DEN,04:00:00,07:00:00,180,2024-05-27,available,,,,,0.0,5.0,3.0,76.0,107.0,418.0
0,HAT283,LGA,DEN,04:00:00,07:00:00,180,2024-05-28,available,,,,,2.0,20.0,12.0,73.0,173.0,219.0
0,HAT283,LGA,DEN,04:00:00,07:00:00,180,2024-05-29,available,,,,,4.0,3.0,13.0,79.0,148.0,348.0
0,HAT283,LGA,DEN,04:00:00,07:00:00,180,2024-05-30,available,,,,,16.0,0.0,7.0,83.0,199.0,459.0
0,HAT284,LGA,DEN,20:00:00,23:00:00,180,2024-05-01,landed,2024-05-01T20:17:00,2024-05-01T23:33:00,,,,,,,,
0,HAT284,LGA,DEN,20:00:00,23:00:00,180,2024-05-02,landed,2024-05-02T20:20:00,2024-05-02T23:09:00,,,,,,,,
0,HAT284,LGA,DEN,20:00:00,23:00:00,180,2024-05-03,landed,2024-05-03T20:16:00,2024-05-03T22:36:00,,,,,,,,
0,HAT284,LGA,DEN,20:00:00,23:00:00,180,2024-05-04,landed,2024-05-04T20:39:00,2024-05-04T23:16:00,,,,,,,,
0,HAT284,LGA,DEN,20:00:00,23:00:00,180,2024-05-05,landed,2024-05-05T20:06:00,2024-05-05T23:38:00,,,,,,,,
0,HAT284,LGA,DEN,20:00:00,23:00:00,180,2024-05-06,landed,2024-05-06T20:02:00,2024-05-06T22:41:00,,,,,,,,
0,HAT284,LGA,DEN,20:00:00,23:00:00,180,2024-05-07,landed,2024-05-07T19:45:00,2024-05-07T23:53:00,,,,,,,,
0,HAT284,LGA,DEN,20:00:00,23:00:00,180,2024-05-08,landed,2024-05-08T20:03:00,2024-05-08T23:06:00,,,,,,,,
0,HAT284,LGA,DEN,20:00:00,23:00:00,180,2024-05-09,landed,2024-05-09T20:00:00,2024-05-09T23:14:00,,,,,,,,
0,HAT284,LGA,DEN,20:00:00,23:00:00,180,2024-05-10,landed,2024-05-10T19:46:00,2024-05-10T22:55:00,,,,,,,,
0,HAT284,LGA,DEN,20:00:00,23:00:00,180,2024-05-11,landed,2024-05-11T19:55:00,2024-05-11T23:04:00,,,,,,,,
0,HAT284,LGA,DEN,20:00:00,23:00:00,180,2024-05-12,landed,2024-05-12T19:58:00,2024-05-12T22:45:00,,,,,,,,
0,HAT284,LGA,DEN,20:00:00,23:00:00,180,2024-05-13,landed,2024-05-13T19:46:00,2024-05-13T22:35:00,,,,,,,,
0,HAT284,LGA,DEN,20:00:00,23:00:00,180,2024-05-14,landed,2024-05-14T20:06:00,2024-05-14T23:18:00,,,,,,,,
0,HAT284,LGA,DEN,20:00:00,23:00:00,180,2024-05-15,on time,,,2024-05-15T19:49:00,2024-05-15T22:51:00,,,,,,
0,HAT284,LGA,DEN,20:00:00,23:00:00,180,2024-05-16,available,,,,,14.0,1.0,1.0,81.0,104.0,431.0
0,HAT284,LGA,DEN,20:00:00,23:00:00,180,2024-05-17,available,,,,,15.0,4.0,8.0,97.0,114.0,345.0
0,HAT284,LGA,DEN,20:00:00,23:00:00,180,2024-05-18,available,,,,,9.0,17.0,20.0,89.0,115.0,456.0
0,HAT284,LGA,DEN,20:00:00,23:00:00,180,2024-05-19,available,,,,,9.0,19.0,7.0,51.0,109.0,213.0
0,HAT284,LGA,DEN,20:00:00,23:00:00,180,2024-05-20,available,,,,,3.0,14.0,10.0,76.0,103.0,208.0
0,HAT284,LGA,DEN,20:00:00,23:00:00,180,2024-05-21,available,,,,,2.0,8.0,8.0,85.0,190.0,376.0
0,HAT284,LGA,DEN,20:00:00,23:00:00,180,2024-05-22,available,,,,,16.0,1.0,16.0,65.0,132.0,231.0
0,HAT284,LGA,DEN,20:00:00,23:00:00,180,2024-05-23,available,,,,,16.0,19.0,15.0,89.0,179.0,322.0
0,HAT284,LGA,DEN,20:00:00,23:00:00,180,2024-05-24,available,,,,,7.0,10.0,18.0,83.0,170.0,226.0
0,HAT284,LGA,DEN,20:00:00,23:00:00,180,2024-05-25,available,,,,,16.0,0.0,11.0,86.0,129.0,428.0
0,HAT284,LGA,DEN,20:00:00,23:00:00,180,2024-05-26,available,,,,,6.0,0.0,8.0,84.0,103.0,204.0
0,HAT284,LGA,DEN,20:00:00,23:00:00,180,2024-05-27,available,,,,,3.0,8.0,2.0,92.0,157.0,373.0
0,HAT284,LGA,DEN,20:00:00,23:00:00,180,2024-05-28,available,,,,,4.0,1.0,19.0,73.0,147.0,261.0
0,HAT284,LGA,DEN,20:00:00,23:00:00,180,2024-05-29,available,,,,,2.0,19.0,9.0,82.0,137.0,321.0
0,HAT284,LGA,DEN,20:00:00,23:00:00,180,2024-05-30,available,,,,,14.0,11.0,4.0,88.0,189.0,299.0
0,HAT285,PHL,SFO,07:00:00,10:00:00,180,2024-05-01,landed,2024-05-01T07:27:00,2024-05-01T09:56:00,,,,,,,,
0,HAT285,PHL,SFO,07:00:00,10:00:00,180,2024-05-02,landed,2024-05-02T06:58:00,2024-05-02T10:39:00,,,,,,,,
0,HAT285,PHL,SFO,07:00:00,10:00:00,180,2024-05-03,landed,2024-05-03T07:38:00,2024-05-03T09:59:00,,,,,,,,
0,HAT285,PHL,SFO,07:00:00,10:00:00,180,2024-05-04,landed,2024-05-04T07:40:00,2024-05-04T10:32:00,,,,,,,,
0,HAT285,PHL,SFO,07:00:00,10:00:00,180,2024-05-05,landed,2024-05-05T06:44:00,2024-05-05T10:52:00,,,,,,,,
0,HAT285,PHL,SFO,07:00:00,10:00:00,180,2024-05-06,landed,2024-05-06T06:55:00,2024-05-06T10:11:00,,,,,,,,
0,HAT285,PHL,SFO,07:00:00,10:00:00,180,2024-05-07,landed,2024-05-07T07:29:00,2024-05-07T10:55:00,,,,,,,,
0,HAT285,PHL,SFO,07:00:00,10:00:00,180,2024-05-08,landed,2024-05-08T07:23:00,2024-05-08T09:38:00,,,,,,,,
0,HAT285,PHL,SFO,07:00:00,10:00:00,180,2024-05-09,landed,2024-05-09T07:08:00,2024-05-09T10:41:00,,,,,,,,
0,HAT285,PHL,SFO,07:00:00,10:00:00,180,2024-05-10,landed,2024-05-10T06:54:00,2024-05-10T09:36:00,,,,,,,,
0,HAT285,PHL,SFO,07:00:00,10:00:00,180,2024-05-11,landed,2024-05-11T07:09:00,2024-05-11T09:48:00,,,,,,,,
0,HAT285,PHL,SFO,07:00:00,10:00:00,180,2024-05-12,landed,2024-05-12T06:54:00,2024-05-12T10:44:00,,,,,,,,
0,HAT285,PHL,SFO,07:00:00,10:00:00,180,2024-05-13,cancelled,,,,,,,,,,
0,HAT285,PHL,SFO,07:00:00,10:00:00,180,2024-05-14,landed,2024-05-14T06:48:00,2024-05-14T10:40:00,,,,,,,,
0,HAT285,PHL,SFO,07:00:00,10:00:00,180,2024-05-15,landed,2024-05-15T07:21:00,2024-05-15T10:03:00,,,,,,,,
0,HAT285,PHL,SFO,07:00:00,10:00:00,180,2024-05-16,available,,,,,4.0,19.0,9.0,52.0,187.0,310.0
0,HAT285,PHL,SFO,07:00:00,10:00:00,180,2024-05-17,available,,,,,7.0,19.0,6.0,87.0,199.0,291.0
0,HAT285,PHL,SFO,07:00:00,10:00:00,180,2024-05-18,available,,,,,13.0,11.0,5.0,66.0,193.0,419.0
0,HAT285,PHL,SFO,07:00:00,10:00:00,180,2024-05-19,available,,,,,8.0,11.0,14.0,71.0,113.0,500.0
0,HAT285,PHL,SFO,07:00:00,10:00:00,180,2024-05-20,available,,,,,1.0,19.0,17.0,69.0,121.0,289.0
0,HAT285,PHL,SFO,07:00:00,10:00:00,180,2024-05-21,available,,,,,9.0,12.0,14.0,90.0,147.0,368.0
0,HAT285,PHL,SFO,07:00:00,10:00:00,180,2024-05-22,available,,,,,11.0,12.0,15.0,63.0,152.0,438.0
0,HAT285,PHL,SFO,07:00:00,10:00:00,180,2024-05-23,available,,,,,12.0,1.0,19.0,59.0,185.0,330.0
0,HAT285,PHL,SFO,07:00:00,10:00:00,180,2024-05-24,available,,,,,5.0,7.0,16.0,92.0,123.0,218.0
0,HAT285,PHL,SFO,07:00:00,10:00:00,180,2024-05-25,available,,,,,16.0,14.0,9.0,74.0,118.0,224.0
0,HAT285,PHL,SFO,07:00:00,10:00:00,180,2024-05-26,available,,,,,8.0,13.0,16.0,85.0,106.0,424.0
0,HAT285,PHL,SFO,07:00:00,10:00:00,180,2024-05-27,available,,,,,13.0,1.0,14.0,83.0,174.0,369.0
0,HAT285,PHL,SFO,07:00:00,10:00:00,180,2024-05-28,available,,,,,19.0,9.0,2.0,81.0,105.0,466.0
0,HAT285,PHL,SFO,07:00:00,10:00:00,180,2024-05-29,available,,,,,8.0,16.0,14.0,94.0,122.0,500.0
0,HAT285,PHL,SFO,07:00:00,10:00:00,180,2024-05-30,available,,,,,1.0,9.0,14.0,51.0,153.0,321.0
0,HAT286,PHL,SFO,06:00:00,09:00:00,180,2024-05-01,landed,2024-05-01T06:07:00,2024-05-01T08:39:00,,,,,,,,
0,HAT286,PHL,SFO,06:00:00,09:00:00,180,2024-05-02,landed,2024-05-02T06:12:00,2024-05-02T09:04:00,,,,,,,,
0,HAT286,PHL,SFO,06:00:00,09:00:00,180,2024-05-03,landed,2024-05-03T06:21:00,2024-05-03T09:01:00,,,,,,,,
0,HAT286,PHL,SFO,06:00:00,09:00:00,180,2024-05-04,cancelled,,,,,,,,,,
0,HAT286,PHL,SFO,06:00:00,09:00:00,180,2024-05-05,landed,2024-05-05T05:45:00,2024-05-05T09:55:00,,,,,,,,
0,HAT286,PHL,SFO,06:00:00,09:00:00,180,2024-05-06,landed,2024-05-06T06:16:00,2024-05-06T09:07:00,,,,,,,,
0,HAT286,PHL,SFO,06:00:00,09:00:00,180,2024-05-07,landed,2024-05-07T06:06:00,2024-05-07T09:10:00,,,,,,,,
0,HAT286,PHL,SFO,06:00:00,09:00:00,180,2024-05-08,cancelled,,,,,,,,,,
0,HAT286,PHL,SFO,06:00:00,09:00:00,180,2024-05-09,landed,2024-05-09T06:38:00,2024-05-09T09:29:00,,,,,,,,
0,HAT286,PHL,SFO,06:00:00,09:00:00,180,2024-05-10,landed,2024-05-10T06:33:00,2024-05-10T08:50:00,,,,,,,,
0,HAT286,PHL,SFO,06:00:00,09:00:00,180,2024-05-11,landed,2024-05-11T06:15:00,2024-05-11T09:48:00,,,,,,,,
0,HAT286,PHL,SFO,06:00:00,09:00:00,180,2024-05-12,landed,2024-05-12T05:45:00,2024-05-12T09:39:00,,,,,,,,
0,HAT286,PHL,SFO,06:00:00,09:00:00,180,2024-05-13,landed,2024-05-13T05:41:00,2024-05-13T09:28:00,,,,,,,,
0,HAT286,PHL,SFO,06:00:00,09:00:00,180,2024-05-14,landed,2024-05-14T06:23:00,2024-05-14T09:09:00,,,,,,,,
0,HAT286,PHL,SFO,06:00:00,09:00:00,180,2024-05-15,landed,2024-05-15T06:37:00,2024-05-15T09:12:00,,,,,,,,
0,HAT286,PHL,SFO,06:00:00,09:00:00,180,2024-05-16,available,,,,,14.0,12.0,13.0,96.0,188.0,357.0
0,HAT286,PHL,SFO,06:00:00,09:00:00,180,2024-05-17,available,,,,,12.0,18.0,4.0,87.0,152.0,223.0
0,HAT286,PHL,SFO,06:00:00,09:00:00,180,2024-05-18,available,,,,,15.0,6.0,19.0,100.0,160.0,225.0
0,HAT286,PHL,SFO,06:00:00,09:00:00,180,2024-05-19,available,,,,,15.0,10.0,9.0,72.0,136.0,341.0
0,HAT286,PHL,SFO,06:00:00,09:00:00,180,2024-05-20,available,,,,,14.0,3.0,15.0,96.0,144.0,398.0
0,HAT286,PHL,SFO,06:00:00,09:00:00,180,2024-05-21,available,,,,,8.0,19.0,11.0,55.0,126.0,378.0
0,HAT286,PHL,SFO,06:00:00,09:00:00,180,2024-05-22,available,,,,,2.0,18.0,9.0,89.0,147.0,382.0
0,HAT286,PHL,SFO,06:00:00,09:00:00,180,2024-05-23,available,,,,,10.0,13.0,19.0,100.0,163.0,229.0
0,HAT286,PHL,SFO,06:00:00,09:00:00,180,2024-05-24,available,,,,,11.0,9.0,6.0,86.0,136.0,425.0
0,HAT286,PHL,SFO,06:00:00,09:00:00,180,2024-05-25,available,,,,,0.0,13.0,20.0,69.0,151.0,457.0
0,HAT286,PHL,SFO,06:00:00,09:00:00,180,2024-05-26,available,,,,,0.0,13.0,9.0,97.0,192.0,369.0
0,HAT286,PHL,SFO,06:00:00,09:00:00,180,2024-05-27,available,,,,,8.0,4.0,2.0,74.0,182.0,443.0
0,HAT286,PHL,SFO,06:00:00,09:00:00,180,2024-05-28,available,,,,,12.0,19.0,12.0,56.0,157.0,383.0
0,HAT286,PHL,SFO,06:00:00,09:00:00,180,2024-05-29,available,,,,,1.0,12.0,7.0,65.0,180.0,395.0
0,HAT286,PHL,SFO,06:00:00,09:00:00,180,2024-05-30,available,,,,,13.0,2.0,20.0,50.0,141.0,252.0
0,HAT287,PHL,SFO,15:00:00,18:00:00,180,2024-05-01,landed,2024-05-01T15:04:00,2024-05-01T17:57:00,,,,,,,,
0,HAT287,PHL,SFO,15:00:00,18:00:00,180,2024-05-02,landed,2024-05-02T15:40:00,2024-05-02T18:34:00,,,,,,,,
0,HAT287,PHL,SFO,15:00:00,18:00:00,180,2024-05-03,landed,2024-05-03T14:41:00,2024-05-03T18:36:00,,,,,,,,
0,HAT287,PHL,SFO,15:00:00,18:00:00,180,2024-05-04,landed,2024-05-04T14:45:00,2024-05-04T18:20:00,,,,,,,,
0,HAT287,PHL,SFO,15:00:00,18:00:00,180,2024-05-05,landed,2024-05-05T15:24:00,2024-05-05T17:54:00,,,,,,,,
0,HAT287,PHL,SFO,15:00:00,18:00:00,180,2024-05-06,landed,2024-05-06T14:47:00,2024-05-06T18:33:00,,,,,,,,
0,HAT287,PHL,SFO,15:00:00,18:00:00,180,2024-05-07,landed,2024-05-07T15:17:00,2024-05-07T17:37:00,,,,,,,,
0,HAT287,PHL,SFO,15:00:00,18:00:00,180,2024-05-08,cancelled,,,,,,,,,,
0,HAT287,PHL,SFO,15:00:00,18:00:00,180,2024-05-09,landed,2024-05-09T15:40:00,2024-05-09T18:14:00,,,,,,,,
0,HAT287,PHL,SFO,15:00:00,18:00:00,180,2024-05-10,cancelled,,,,,,,,,,
0,HAT287,PHL,SFO,15:00:00,18:00:00,180,2024-05-11,landed,2024-05-11T15:00:00,2024-05-11T18:25:00,,,,,,,,
0,HAT287,PHL,SFO,15:00:00,18:00:00,180,2024-05-12,landed,2024-05-12T14:46:00,2024-05-12T18:18:00,,,,,,,,
0,HAT287,PHL,SFO,15:00:00,18:00:00,180,2024-05-13,landed,2024-05-13T15:07:00,2024-05-13T18:48:00,,,,,,,,
0,HAT287,PHL,SFO,15:00:00,18:00:00,180,2024-05-14,landed,2024-05-14T14:49:00,2024-05-14T17:56:00,,,,,,,,
0,HAT287,PHL,SFO,15:00:00,18:00:00,180,2024-05-15,flying,2024-05-15T14:49:00,,,2024-05-15T18:23:00,,,,,,
0,HAT287,PHL,SFO,15:00:00,18:00:00,180,2024-05-16,available,,,,,1.0,7.0,0.0,78.0,182.0,223.0
0,HAT287,PHL,SFO,15:00:00,18:00:00,180,2024-05-17,available,,,,,17.0,10.0,3.0,97.0,150.0,320.0
0,HAT287,PHL,SFO,15:00:00,18:00:00,180,2024-05-18,available,,,,,13.0,18.0,15.0,52.0,172.0,351.0
0,HAT287,PHL,SFO,15:00:00,18:00:00,180,2024-05-19,available,,,,,7.0,9.0,14.0,80.0,174.0,217.0
0,HAT287,PHL,SFO,15:00:00,18:00:00,180,2024-05-20,available,,,,,1.0,12.0,12.0,80.0,131.0,463.0
0,HAT287,PHL,SFO,15:00:00,18:00:00,180,2024-05-21,available,,,,,2.0,7.0,17.0,78.0,122.0,481.0
0,HAT287,PHL,SFO,15:00:00,18:00:00,180,2024-05-22,available,,,,,15.0,19.0,13.0,88.0,150.0,391.0
0,HAT287,PHL,SFO,15:00:00,18:00:00,180,2024-05-23,available,,,,,16.0,16.0,11.0,79.0,120.0,413.0
0,HAT287,PHL,SFO,15:00:00,18:00:00,180,2024-05-24,available,,,,,16.0,7.0,8.0,66.0,197.0,323.0
0,HAT287,PHL,SFO,15:00:00,18:00:00,180,2024-05-25,available,,,,,19.0,16.0,2.0,83.0,162.0,354.0
0,HAT287,PHL,SFO,15:00:00,18:00:00,180,2024-05-26,available,,,,,20.0,8.0,15.0,87.0,181.0,364.0
0,HAT287,PHL,SFO,15:00:00,18:00:00,180,2024-05-27,available,,,,,0.0,19.0,14.0,61.0,176.0,207.0
0,HAT287,PHL,SFO,15:00:00,18:00:00,180,2024-05-28,available,,,,,4.0,17.0,5.0,68.0,187.0,345.0
0,HAT287,PHL,SFO,15:00:00,18:00:00,180,2024-05-29,available,,,,,3.0,16.0,5.0,69.0,143.0,233.0
0,HAT287,PHL,SFO,15:00:00,18:00:00,180,2024-05-30,available,,,,,8.0,2.0,3.0,80.0,152.0,253.0
0,HAT288,ATL,SFO,02:00:00,03:00:00,60,2024-05-01,landed,2024-05-01T02:32:00,2024-05-01T03:45:00,,,,,,,,
0,HAT288,ATL,SFO,02:00:00,03:00:00,60,2024-05-02,landed,2024-05-02T02:05:00,2024-05-02T03:01:00,,,,,,,,
0,HAT288,ATL,SFO,02:00:00,03:00:00,60,2024-05-03,landed,2024-05-03T02:40:00,2024-05-03T03:02:00,,,,,,,,
0,HAT288,ATL,SFO,02:00:00,03:00:00,60,2024-05-04,cancelled,,,,,,,,,,
0,HAT288,ATL,SFO,02:00:00,03:00:00,60,2024-05-05,landed,2024-05-05T02:04:00,2024-05-05T03:00:00,,,,,,,,
0,HAT288,ATL,SFO,02:00:00,03:00:00,60,2024-05-06,cancelled,,,,,,,,,,
0,HAT288,ATL,SFO,02:00:00,03:00:00,60,2024-05-07,landed,2024-05-07T02:38:00,2024-05-07T03:03:00,,,,,,,,
0,HAT288,ATL,SFO,02:00:00,03:00:00,60,2024-05-08,landed,2024-05-08T02:34:00,2024-05-08T03:28:00,,,,,,,,
0,HAT288,ATL,SFO,02:00:00,03:00:00,60,2024-05-09,landed,2024-05-09T01:58:00,2024-05-09T03:42:00,,,,,,,,
0,HAT288,ATL,SFO,02:00:00,03:00:00,60,2024-05-10,landed,2024-05-10T02:27:00,2024-05-10T03:54:00,,,,,,,,
0,HAT288,ATL,SFO,02:00:00,03:00:00,60,2024-05-11,cancelled,,,,,,,,,,
0,HAT288,ATL,SFO,02:00:00,03:00:00,60,2024-05-12,landed,2024-05-12T02:02:00,2024-05-12T02:35:00,,,,,,,,
0,HAT288,ATL,SFO,02:00:00,03:00:00,60,2024-05-13,landed,2024-05-13T02:27:00,2024-05-13T03:26:00,,,,,,,,
0,HAT288,ATL,SFO,02:00:00,03:00:00,60,2024-05-14,landed,2024-05-14T02:20:00,2024-05-14T02:44:00,,,,,,,,
0,HAT288,ATL,SFO,02:00:00,03:00:00,60,2024-05-15,landed,2024-05-15T02:06:00,2024-05-15T03:17:00,,,,,,,,
0,HAT288,ATL,SFO,02:00:00,03:00:00,60,2024-05-16,available,,,,,19.0,15.0,6.0,62.0,146.0,380.0
0,HAT288,ATL,SFO,02:00:00,03:00:00,60,2024-05-17,available,,,,,13.0,12.0,4.0,60.0,187.0,223.0
0,HAT288,ATL,SFO,02:00:00,03:00:00,60,2024-05-18,available,,,,,20.0,4.0,19.0,62.0,185.0,366.0
0,HAT288,ATL,SFO,02:00:00,03:00:00,60,2024-05-19,available,,,,,9.0,16.0,3.0,93.0,134.0,478.0
0,HAT288,ATL,SFO,02:00:00,03:00:00,60,2024-05-20,available,,,,,9.0,3.0,11.0,76.0,142.0,311.0
0,HAT288,ATL,SFO,02:00:00,03:00:00,60,2024-05-21,available,,,,,13.0,1.0,13.0,85.0,125.0,300.0
0,HAT288,ATL,SFO,02:00:00,03:00:00,60,2024-05-22,available,,,,,20.0,19.0,9.0,86.0,101.0,389.0
0,HAT288,ATL,SFO,02:00:00,03:00:00,60,2024-05-23,available,,,,,7.0,20.0,15.0,72.0,102.0,402.0
0,HAT288,ATL,SFO,02:00:00,03:00:00,60,2024-05-24,available,,,,,1.0,5.0,12.0,86.0,145.0,313.0
0,HAT288,ATL,SFO,02:00:00,03:00:00,60,2024-05-25,available,,,,,5.0,1.0,11.0,70.0,195.0,350.0
0,HAT288,ATL,SFO,02:00:00,03:00:00,60,2024-05-26,available,,,,,2.0,12.0,3.0,98.0,162.0,303.0
0,HAT288,ATL,SFO,02:00:00,03:00:00,60,2024-05-27,available,,,,,3.0,5.0,13.0,99.0,107.0,389.0
0,HAT288,ATL,SFO,02:00:00,03:00:00,60,2024-05-28,available,,,,,6.0,16.0,13.0,74.0,139.0,330.0
0,HAT288,ATL,SFO,02:00:00,03:00:00,60,2024-05-29,available,,,,,9.0,5.0,0.0,89.0,158.0,351.0
0,HAT288,ATL,SFO,02:00:00,03:00:00,60,2024-05-30,available,,,,,13.0,0.0,6.0,76.0,145.0,407.0
0,HAT289,ATL,SFO,04:00:00,05:00:00,60,2024-05-01,landed,2024-05-01T04:31:00,2024-05-01T05:43:00,,,,,,,,
0,HAT289,ATL,SFO,04:00:00,05:00:00,60,2024-05-02,landed,2024-05-02T03:40:00,2024-05-02T05:06:00,,,,,,,,
0,HAT289,ATL,SFO,04:00:00,05:00:00,60,2024-05-03,landed,2024-05-03T04:30:00,2024-05-03T05:04:00,,,,,,,,
0,HAT289,ATL,SFO,04:00:00,05:00:00,60,2024-05-04,landed,2024-05-04T04:34:00,2024-05-04T05:48:00,,,,,,,,
0,HAT289,ATL,SFO,04:00:00,05:00:00,60,2024-05-05,landed,2024-05-05T04:28:00,2024-05-05T05:17:00,,,,,,,,
0,HAT289,ATL,SFO,04:00:00,05:00:00,60,2024-05-06,landed,2024-05-06T04:34:00,2024-05-06T05:31:00,,,,,,,,
0,HAT289,ATL,SFO,04:00:00,05:00:00,60,2024-05-07,landed,2024-05-07T03:49:00,2024-05-07T04:53:00,,,,,,,,
0,HAT289,ATL,SFO,04:00:00,05:00:00,60,2024-05-08,landed,2024-05-08T03:44:00,2024-05-08T04:56:00,,,,,,,,
0,HAT289,ATL,SFO,04:00:00,05:00:00,60,2024-05-09,landed,2024-05-09T04:13:00,2024-05-09T04:53:00,,,,,,,,
0,HAT289,ATL,SFO,04:00:00,05:00:00,60,2024-05-10,landed,2024-05-10T04:19:00,2024-05-10T05:10:00,,,,,,,,
0,HAT289,ATL,SFO,04:00:00,05:00:00,60,2024-05-11,landed,2024-05-11T04:23:00,2024-05-11T05:11:00,,,,,,,,
0,HAT289,ATL,SFO,04:00:00,05:00:00,60,2024-05-12,landed,2024-05-12T04:18:00,2024-05-12T04:42:00,,,,,,,,
0,HAT289,ATL,SFO,04:00:00,05:00:00,60,2024-05-13,landed,2024-05-13T03:44:00,2024-05-13T05:48:00,,,,,,,,
0,HAT289,ATL,SFO,04:00:00,05:00:00,60,2024-05-14,landed,2024-05-14T04:20:00,2024-05-14T05:38:00,,,,,,,,
0,HAT289,ATL,SFO,04:00:00,05:00:00,60,2024-05-15,landed,2024-05-15T04:29:00,2024-05-15T05:09:00,,,,,,,,
0,HAT289,ATL,SFO,04:00:00,05:00:00,60,2024-05-16,available,,,,,3.0,0.0,9.0,63.0,132.0,316.0
0,HAT289,ATL,SFO,04:00:00,05:00:00,60,2024-05-17,available,,,,,11.0,18.0,11.0,83.0,175.0,440.0
0,HAT289,ATL,SFO,04:00:00,05:00:00,60,2024-05-18,available,,,,,0.0,12.0,8.0,80.0,150.0,333.0
0,HAT289,ATL,SFO,04:00:00,05:00:00,60,2024-05-19,available,,,,,8.0,14.0,5.0,69.0,188.0,234.0
0,HAT289,ATL,SFO,04:00:00,05:00:00,60,2024-05-20,available,,,,,19.0,12.0,18.0,98.0,122.0,210.0
0,HAT289,ATL,SFO,04:00:00,05:00:00,60,2024-05-21,available,,,,,19.0,20.0,5.0,62.0,141.0,253.0
0,HAT289,ATL,SFO,04:00:00,05:00:00,60,2024-05-22,available,,,,,18.0,16.0,8.0,89.0,184.0,402.0
0,HAT289,ATL,SFO,04:00:00,05:00:00,60,2024-05-23,available,,,,,16.0,18.0,18.0,92.0,195.0,377.0
0,HAT289,ATL,SFO,04:00:00,05:00:00,60,2024-05-24,available,,,,,15.0,3.0,7.0,53.0,108.0,212.0
0,HAT289,ATL,SFO,04:00:00,05:00:00,60,2024-05-25,available,,,,,5.0,6.0,10.0,53.0,130.0,297.0
0,HAT289,ATL,SFO,04:00:00,05:00:00,60,2024-05-26,available,,,,,12.0,0.0,13.0,90.0,117.0,222.0
0,HAT289,ATL,SFO,04:00:00,05:00:00,60,2024-05-27,available,,,,,11.0,12.0,10.0,54.0,137.0,376.0
0,HAT289,ATL,SFO,04:00:00,05:00:00,60,2024-05-28,available,,,,,17.0,1.0,17.0,96.0,156.0,448.0
0,HAT289,ATL,SFO,04:00:00,05:00:00,60,2024-05-29,available,,,,,17.0,0.0,10.0,65.0,101.0,259.0
0,HAT289,ATL,SFO,04:00:00,05:00:00,60,2024-05-30,available,,,,,8.0,20.0,6.0,59.0,186.0,287.0
0,HAT290,ATL,SFO,05:00:00,06:00:00,60,2024-05-01,landed,2024-05-01T05:20:00,2024-05-01T05:57:00,,,,,,,,
0,HAT290,ATL,SFO,05:00:00,06:00:00,60,2024-05-02,landed,2024-05-02T04:58:00,2024-05-02T06:35:00,,,,,,,,
0,HAT290,ATL,SFO,05:00:00,06:00:00,60,2024-05-03,landed,2024-05-03T05:34:00,2024-05-03T05:58:00,,,,,,,,
0,HAT290,ATL,SFO,05:00:00,06:00:00,60,2024-05-04,landed,2024-05-04T04:43:00,2024-05-04T06:04:00,,,,,,,,
0,HAT290,ATL,SFO,05:00:00,06:00:00,60,2024-05-05,landed,2024-05-05T05:03:00,2024-05-05T06:33:00,,,,,,,,
0,HAT290,ATL,SFO,05:00:00,06:00:00,60,2024-05-06,landed,2024-05-06T05:28:00,2024-05-06T06:11:00,,,,,,,,
0,HAT290,ATL,SFO,05:00:00,06:00:00,60,2024-05-07,landed,2024-05-07T05:32:00,2024-05-07T05:44:00,,,,,,,,
0,HAT290,ATL,SFO,05:00:00,06:00:00,60,2024-05-08,landed,2024-05-08T05:33:00,2024-05-08T05:52:00,,,,,,,,
0,HAT290,ATL,SFO,05:00:00,06:00:00,60,2024-05-09,landed,2024-05-09T04:42:00,2024-05-09T06:32:00,,,,,,,,
0,HAT290,ATL,SFO,05:00:00,06:00:00,60,2024-05-10,landed,2024-05-10T05:05:00,2024-05-10T06:28:00,,,,,,,,
0,HAT290,ATL,SFO,05:00:00,06:00:00,60,2024-05-11,landed,2024-05-11T05:14:00,2024-05-11T06:09:00,,,,,,,,
0,HAT290,ATL,SFO,05:00:00,06:00:00,60,2024-05-12,landed,2024-05-12T04:46:00,2024-05-12T06:32:00,,,,,,,,
0,HAT290,ATL,SFO,05:00:00,06:00:00,60,2024-05-13,landed,2024-05-13T05:02:00,2024-05-13T06:08:00,,,,,,,,
0,HAT290,ATL,SFO,05:00:00,06:00:00,60,2024-05-14,landed,2024-05-14T04:46:00,2024-05-14T06:54:00,,,,,,,,
0,HAT290,ATL,SFO,05:00:00,06:00:00,60,2024-05-15,landed,2024-05-15T04:50:00,2024-05-15T05:59:00,,,,,,,,
0,HAT290,ATL,SFO,05:00:00,06:00:00,60,2024-05-16,available,,,,,19.0,6.0,7.0,52.0,164.0,492.0
0,HAT290,ATL,SFO,05:00:00,06:00:00,60,2024-05-17,available,,,,,5.0,4.0,7.0,86.0,147.0,418.0
0,HAT290,ATL,SFO,05:00:00,06:00:00,60,2024-05-18,available,,,,,2.0,7.0,2.0,72.0,161.0,465.0
0,HAT290,ATL,SFO,05:00:00,06:00:00,60,2024-05-19,available,,,,,17.0,19.0,0.0,76.0,109.0,225.0
0,HAT290,ATL,SFO,05:00:00,06:00:00,60,2024-05-20,available,,,,,13.0,3.0,2.0,83.0,173.0,298.0
0,HAT290,ATL,SFO,05:00:00,06:00:00,60,2024-05-21,available,,,,,7.0,4.0,17.0,94.0,138.0,248.0
0,HAT290,ATL,SFO,05:00:00,06:00:00,60,2024-05-22,available,,,,,5.0,10.0,18.0,83.0,127.0,382.0
0,HAT290,ATL,SFO,05:00:00,06:00:00,60,2024-05-23,available,,,,,11.0,16.0,20.0,79.0,162.0,342.0
0,HAT290,ATL,SFO,05:00:00,06:00:00,60,2024-05-24,available,,,,,2.0,14.0,15.0,90.0,171.0,344.0
0,HAT290,ATL,SFO,05:00:00,06:00:00,60,2024-05-25,available,,,,,5.0,6.0,12.0,73.0,107.0,266.0
0,HAT290,ATL,SFO,05:00:00,06:00:00,60,2024-05-26,available,,,,,8.0,15.0,12.0,63.0,115.0,424.0
0,HAT290,ATL,SFO,05:00:00,06:00:00,60,2024-05-27,available,,,,,9.0,17.0,12.0,99.0,163.0,303.0
0,HAT290,ATL,SFO,05:00:00,06:00:00,60,2024-05-28,available,,,,,0.0,10.0,6.0,95.0,123.0,317.0
0,HAT290,ATL,SFO,05:00:00,06:00:00,60,2024-05-29,available,,,,,6.0,9.0,1.0,60.0,118.0,407.0
0,HAT290,ATL,SFO,05:00:00,06:00:00,60,2024-05-30,available,,,,,11.0,3.0,0.0,91.0,127.0,385.0
0,HAT291,ATL,SFO,05:00:00,06:00:00,60,2024-05-01,landed,2024-05-01T05:19:00,2024-05-01T06:30:00,,,,,,,,
0,HAT291,ATL,SFO,05:00:00,06:00:00,60,2024-05-02,landed,2024-05-02T05:00:00,2024-05-02T06:03:00,,,,,,,,
0,HAT291,ATL,SFO,05:00:00,06:00:00,60,2024-05-03,landed,2024-05-03T05:14:00,2024-05-03T05:56:00,,,,,,,,
0,HAT291,ATL,SFO,05:00:00,06:00:00,60,2024-05-04,landed,2024-05-04T04:47:00,2024-05-04T06:41:00,,,,,,,,
0,HAT291,ATL,SFO,05:00:00,06:00:00,60,2024-05-05,landed,2024-05-05T04:53:00,2024-05-05T06:27:00,,,,,,,,
0,HAT291,ATL,SFO,05:00:00,06:00:00,60,2024-05-06,landed,2024-05-06T04:51:00,2024-05-06T06:14:00,,,,,,,,
0,HAT291,ATL,SFO,05:00:00,06:00:00,60,2024-05-07,landed,2024-05-07T05:05:00,2024-05-07T05:49:00,,,,,,,,
0,HAT291,ATL,SFO,05:00:00,06:00:00,60,2024-05-08,landed,2024-05-08T04:40:00,2024-05-08T06:12:00,,,,,,,,
0,HAT291,ATL,SFO,05:00:00,06:00:00,60,2024-05-09,landed,2024-05-09T04:59:00,2024-05-09T06:22:00,,,,,,,,
0,HAT291,ATL,SFO,05:00:00,06:00:00,60,2024-05-10,landed,2024-05-10T05:19:00,2024-05-10T05:56:00,,,,,,,,
0,HAT291,ATL,SFO,05:00:00,06:00:00,60,2024-05-11,cancelled,,,,,,,,,,
0,HAT291,ATL,SFO,05:00:00,06:00:00,60,2024-05-12,landed,2024-05-12T05:22:00,2024-05-12T06:21:00,,,,,,,,
0,HAT291,ATL,SFO,05:00:00,06:00:00,60,2024-05-13,landed,2024-05-13T04:41:00,2024-05-13T06:02:00,,,,,,,,
0,HAT291,ATL,SFO,05:00:00,06:00:00,60,2024-05-14,landed,2024-05-14T05:05:00,2024-05-14T05:54:00,,,,,,,,
0,HAT291,ATL,SFO,05:00:00,06:00:00,60,2024-05-15,landed,2024-05-15T04:40:00,2024-05-15T06:13:00,,,,,,,,
0,HAT291,ATL,SFO,05:00:00,06:00:00,60,2024-05-16,available,,,,,14.0,10.0,16.0,87.0,189.0,330.0
0,HAT291,ATL,SFO,05:00:00,06:00:00,60,2024-05-17,available,,,,,9.0,0.0,1.0,90.0,141.0,211.0
0,HAT291,ATL,SFO,05:00:00,06:00:00,60,2024-05-18,available,,,,,20.0,13.0,12.0,97.0,182.0,218.0
0,HAT291,ATL,SFO,05:00:00,06:00:00,60,2024-05-19,available,,,,,20.0,3.0,7.0,58.0,145.0,411.0
0,HAT291,ATL,SFO,05:00:00,06:00:00,60,2024-05-20,available,,,,,20.0,19.0,2.0,97.0,176.0,460.0
0,HAT291,ATL,SFO,05:00:00,06:00:00,60,2024-05-21,available,,,,,18.0,4.0,12.0,69.0,161.0,329.0
0,HAT291,ATL,SFO,05:00:00,06:00:00,60,2024-05-22,available,,,,,12.0,7.0,17.0,81.0,105.0,318.0
0,HAT291,ATL,SFO,05:00:00,06:00:00,60,2024-05-23,available,,,,,0.0,8.0,19.0,57.0,196.0,417.0
0,HAT291,ATL,SFO,05:00:00,06:00:00,60,2024-05-24,available,,,,,5.0,18.0,16.0,56.0,191.0,346.0
0,HAT291,ATL,SFO,05:00:00,06:00:00,60,2024-05-25,available,,,,,3.0,2.0,16.0,86.0,186.0,430.0
0,HAT291,ATL,SFO,05:00:00,06:00:00,60,2024-05-26,available,,,,,9.0,2.0,17.0,79.0,113.0,305.0
0,HAT291,ATL,SFO,05:00:00,06:00:00,60,2024-05-27,available,,,,,19.0,20.0,1.0,92.0,143.0,475.0
0,HAT291,ATL,SFO,05:00:00,06:00:00,60,2024-05-28,available,,,,,10.0,0.0,3.0,79.0,118.0,324.0
0,HAT291,ATL,SFO,05:00:00,06:00:00,60,2024-05-29,available,,,,,4.0,1.0,10.0,54.0,172.0,205.0
0,HAT291,ATL,SFO,05:00:00,06:00:00,60,2024-05-30,available,,,,,15.0,10.0,17.0,68.0,193.0,441.0
0,HAT292,ATL,SFO,22:00:00,23:00:00,60,2024-05-01,cancelled,,,,,,,,,,
0,HAT292,ATL,SFO,22:00:00,23:00:00,60,2024-05-02,landed,2024-05-02T21:50:00,2024-05-02T23:50:00,,,,,,,,
0,HAT292,ATL,SFO,22:00:00,23:00:00,60,2024-05-03,landed,2024-05-03T22:36:00,2024-05-03T23:40:00,,,,,,,,
0,HAT292,ATL,SFO,22:00:00,23:00:00,60,2024-05-04,landed,2024-05-04T22:30:00,2024-05-04T22:43:00,,,,,,,,
0,HAT292,ATL,SFO,22:00:00,23:00:00,60,2024-05-05,landed,2024-05-05T21:57:00,2024-05-05T23:17:00,,,,,,,,
0,HAT292,ATL,SFO,22:00:00,23:00:00,60,2024-05-06,landed,2024-05-06T21:42:00,2024-05-06T22:44:00,,,,,,,,
0,HAT292,ATL,SFO,22:00:00,23:00:00,60,2024-05-07,landed,2024-05-07T21:43:00,2024-05-07T23:33:00,,,,,,,,
0,HAT292,ATL,SFO,22:00:00,23:00:00,60,2024-05-08,landed,2024-05-08T22:34:00,2024-05-08T23:04:00,,,,,,,,
0,HAT292,ATL,SFO,22:00:00,23:00:00,60,2024-05-09,landed,2024-05-09T22:00:00,2024-05-09T23:45:00,,,,,,,,
0,HAT292,ATL,SFO,22:00:00,23:00:00,60,2024-05-10,landed,2024-05-10T22:34:00,2024-05-10T23:24:00,,,,,,,,
0,HAT292,ATL,SFO,22:00:00,23:00:00,60,2024-05-11,landed,2024-05-11T22:20:00,2024-05-11T23:44:00,,,,,,,,
0,HAT292,ATL,SFO,22:00:00,23:00:00,60,2024-05-12,landed,2024-05-12T22:11:00,2024-05-12T23:10:00,,,,,,,,
0,HAT292,ATL,SFO,22:00:00,23:00:00,60,2024-05-13,landed,2024-05-13T22:28:00,2024-05-13T22:44:00,,,,,,,,
0,HAT292,ATL,SFO,22:00:00,23:00:00,60,2024-05-14,landed,2024-05-14T22:23:00,2024-05-14T23:19:00,,,,,,,,
0,HAT292,ATL,SFO,22:00:00,23:00:00,60,2024-05-15,on time,,,2024-05-15T21:58:00,2024-05-15T23:09:00,,,,,,
0,HAT292,ATL,SFO,22:00:00,23:00:00,60,2024-05-16,available,,,,,2.0,10.0,16.0,87.0,170.0,426.0
0,HAT292,ATL,SFO,22:00:00,23:00:00,60,2024-05-17,available,,,,,3.0,5.0,9.0,75.0,122.0,304.0
0,HAT292,ATL,SFO,22:00:00,23:00:00,60,2024-05-18,available,,,,,6.0,17.0,1.0,58.0,160.0,448.0
0,HAT292,ATL,SFO,22:00:00,23:00:00,60,2024-05-19,available,,,,,4.0,13.0,7.0,50.0,163.0,305.0
0,HAT292,ATL,SFO,22:00:00,23:00:00,60,2024-05-20,available,,,,,1.0,12.0,14.0,71.0,106.0,309.0
0,HAT292,ATL,SFO,22:00:00,23:00:00,60,2024-05-21,available,,,,,5.0,8.0,18.0,96.0,140.0,227.0
0,HAT292,ATL,SFO,22:00:00,23:00:00,60,2024-05-22,available,,,,,1.0,0.0,20.0,82.0,196.0,419.0
0,HAT292,ATL,SFO,22:00:00,23:00:00,60,2024-05-23,available,,,,,17.0,1.0,6.0,74.0,170.0,472.0
0,HAT292,ATL,SFO,22:00:00,23:00:00,60,2024-05-24,available,,,,,1.0,5.0,0.0,96.0,144.0,394.0
0,HAT292,ATL,SFO,22:00:00,23:00:00,60,2024-05-25,available,,,,,5.0,5.0,10.0,63.0,191.0,452.0
0,HAT292,ATL,SFO,22:00:00,23:00:00,60,2024-05-26,available,,,,,13.0,15.0,6.0,88.0,120.0,451.0
0,HAT292,ATL,SFO,22:00:00,23:00:00,60,2024-05-27,available,,,,,17.0,11.0,13.0,84.0,178.0,392.0
0,HAT292,ATL,SFO,22:00:00,23:00:00,60,2024-05-28,available,,,,,15.0,20.0,13.0,93.0,165.0,354.0
0,HAT292,ATL,SFO,22:00:00,23:00:00,60,2024-05-29,available,,,,,8.0,20.0,1.0,74.0,124.0,313.0
0,HAT292,ATL,SFO,22:00:00,23:00:00,60,2024-05-30,available,,,,,12.0,15.0,13.0,75.0,154.0,344.0
0,HAT293,ATL,SFO,14:00:00,15:00:00,60,2024-05-01,landed,2024-05-01T14:05:00,2024-05-01T14:48:00,,,,,,,,
0,HAT293,ATL,SFO,14:00:00,15:00:00,60,2024-05-02,landed,2024-05-02T14:20:00,2024-05-02T15:34:00,,,,,,,,
0,HAT293,ATL,SFO,14:00:00,15:00:00,60,2024-05-03,landed,2024-05-03T14:37:00,2024-05-03T14:56:00,,,,,,,,
0,HAT293,ATL,SFO,14:00:00,15:00:00,60,2024-05-04,landed,2024-05-04T14:16:00,2024-05-04T15:08:00,,,,,,,,
0,HAT293,ATL,SFO,14:00:00,15:00:00,60,2024-05-05,landed,2024-05-05T14:36:00,2024-05-05T15:22:00,,,,,,,,
0,HAT293,ATL,SFO,14:00:00,15:00:00,60,2024-05-06,landed,2024-05-06T13:52:00,2024-05-06T14:35:00,,,,,,,,
0,HAT293,ATL,SFO,14:00:00,15:00:00,60,2024-05-07,landed,2024-05-07T13:44:00,2024-05-07T14:38:00,,,,,,,,
0,HAT293,ATL,SFO,14:00:00,15:00:00,60,2024-05-08,landed,2024-05-08T14:33:00,2024-05-08T14:46:00,,,,,,,,
0,HAT293,ATL,SFO,14:00:00,15:00:00,60,2024-05-09,landed,2024-05-09T14:08:00,2024-05-09T15:37:00,,,,,,,,
0,HAT293,ATL,SFO,14:00:00,15:00:00,60,2024-05-10,landed,2024-05-10T14:07:00,2024-05-10T14:42:00,,,,,,,,
0,HAT293,ATL,SFO,14:00:00,15:00:00,60,2024-05-11,landed,2024-05-11T13:54:00,2024-05-11T15:47:00,,,,,,,,
0,HAT293,ATL,SFO,14:00:00,15:00:00,60,2024-05-12,landed,2024-05-12T13:55:00,2024-05-12T14:44:00,,,,,,,,
0,HAT293,ATL,SFO,14:00:00,15:00:00,60,2024-05-13,landed,2024-05-13T14:13:00,2024-05-13T15:43:00,,,,,,,,
0,HAT293,ATL,SFO,14:00:00,15:00:00,60,2024-05-14,landed,2024-05-14T13:51:00,2024-05-14T15:05:00,,,,,,,,
0,HAT293,ATL,SFO,14:00:00,15:00:00,60,2024-05-15,landed,2024-05-15T14:10:00,2024-05-15T14:52:00,,,,,,,,
0,HAT293,ATL,SFO,14:00:00,15:00:00,60,2024-05-16,available,,,,,11.0,15.0,20.0,60.0,169.0,296.0
0,HAT293,ATL,SFO,14:00:00,15:00:00,60,2024-05-17,available,,,,,17.0,2.0,6.0,71.0,146.0,481.0
0,HAT293,ATL,SFO,14:00:00,15:00:00,60,2024-05-18,available,,,,,9.0,1.0,3.0,98.0,101.0,295.0
0,HAT293,ATL,SFO,14:00:00,15:00:00,60,2024-05-19,available,,,,,20.0,18.0,16.0,76.0,129.0,374.0
0,HAT293,ATL,SFO,14:00:00,15:00:00,60,2024-05-20,available,,,,,2.0,18.0,10.0,97.0,192.0,299.0
0,HAT293,ATL,SFO,14:00:00,15:00:00,60,2024-05-21,available,,,,,5.0,4.0,1.0,57.0,113.0,384.0
0,HAT293,ATL,SFO,14:00:00,15:00:00,60,2024-05-22,available,,,,,5.0,9.0,8.0,72.0,114.0,455.0
0,HAT293,ATL,SFO,14:00:00,15:00:00,60,2024-05-23,available,,,,,15.0,9.0,20.0,65.0,119.0,480.0
0,HAT293,ATL,SFO,14:00:00,15:00:00,60,2024-05-24,available,,,,,13.0,20.0,0.0,86.0,158.0,437.0
0,HAT293,ATL,SFO,14:00:00,15:00:00,60,2024-05-25,available,,,,,18.0,12.0,12.0,88.0,117.0,423.0
0,HAT293,ATL,SFO,14:00:00,15:00:00,60,2024-05-26,available,,,,,12.0,2.0,8.0,56.0,193.0,261.0
0,HAT293,ATL,SFO,14:00:00,15:00:00,60,2024-05-27,available,,,,,3.0,7.0,13.0,55.0,102.0,497.0
0,HAT293,ATL,SFO,14:00:00,15:00:00,60,2024-05-28,available,,,,,12.0,2.0,3.0,54.0,155.0,457.0
0,HAT293,ATL,SFO,14:00:00,15:00:00,60,2024-05-29,available,,,,,2.0,13.0,7.0,79.0,196.0,387.0
0,HAT293,ATL,SFO,14:00:00,15:00:00,60,2024-05-30,available,,,,,14.0,15.0,3.0,76.0,187.0,372.0
0,HAT294,SFO,JFK,12:00:00,15:00:00,180,2024-05-01,landed,2024-05-01T11:49:00,2024-05-01T15:23:00,,,,,,,,
0,HAT294,SFO,JFK,12:00:00,15:00:00,180,2024-05-02,cancelled,,,,,,,,,,
0,HAT294,SFO,JFK,12:00:00,15:00:00,180,2024-05-03,landed,2024-05-03T12:01:00,2024-05-03T15:38:00,,,,,,,,
0,HAT294,SFO,JFK,12:00:00,15:00:00,180,2024-05-04,landed,2024-05-04T12:13:00,2024-05-04T14:53:00,,,,,,,,
0,HAT294,SFO,JFK,12:00:00,15:00:00,180,2024-05-05,landed,2024-05-05T12:36:00,2024-05-05T15:27:00,,,,,,,,
0,HAT294,SFO,JFK,12:00:00,15:00:00,180,2024-05-06,landed,2024-05-06T12:20:00,2024-05-06T14:42:00,,,,,,,,
0,HAT294,SFO,JFK,12:00:00,15:00:00,180,2024-05-07,landed,2024-05-07T12:04:00,2024-05-07T15:52:00,,,,,,,,
0,HAT294,SFO,JFK,12:00:00,15:00:00,180,2024-05-08,landed,2024-05-08T11:43:00,2024-05-08T15:42:00,,,,,,,,
0,HAT294,SFO,JFK,12:00:00,15:00:00,180,2024-05-09,landed,2024-05-09T12:03:00,2024-05-09T15:21:00,,,,,,,,
0,HAT294,SFO,JFK,12:00:00,15:00:00,180,2024-05-10,landed,2024-05-10T12:22:00,2024-05-10T15:40:00,,,,,,,,
0,HAT294,SFO,JFK,12:00:00,15:00:00,180,2024-05-11,landed,2024-05-11T11:49:00,2024-05-11T15:32:00,,,,,,,,
0,HAT294,SFO,JFK,12:00:00,15:00:00,180,2024-05-12,landed,2024-05-12T11:54:00,2024-05-12T14:40:00,,,,,,,,
0,HAT294,SFO,JFK,12:00:00,15:00:00,180,2024-05-13,landed,2024-05-13T12:39:00,2024-05-13T15:48:00,,,,,,,,
0,HAT294,SFO,JFK,12:00:00,15:00:00,180,2024-05-14,landed,2024-05-14T12:22:00,2024-05-14T15:44:00,,,,,,,,
0,HAT294,SFO,JFK,12:00:00,15:00:00,180,2024-05-15,landed,2024-05-15T12:34:00,2024-05-15T14:55:00,,,,,,,,
0,HAT294,SFO,JFK,12:00:00,15:00:00,180,2024-05-16,available,,,,,11.0,11.0,8.0,98.0,183.0,294.0
0,HAT294,SFO,JFK,12:00:00,15:00:00,180,2024-05-17,available,,,,,6.0,13.0,20.0,94.0,109.0,370.0
0,HAT294,SFO,JFK,12:00:00,15:00:00,180,2024-05-18,available,,,,,17.0,3.0,12.0,64.0,164.0,337.0
0,HAT294,SFO,JFK,12:00:00,15:00:00,180,2024-05-19,available,,,,,6.0,6.0,3.0,97.0,129.0,230.0
0,HAT294,SFO,JFK,12:00:00,15:00:00,180,2024-05-20,available,,,,,17.0,5.0,14.0,67.0,150.0,403.0
0,HAT294,SFO,JFK,12:00:00,15:00:00,180,2024-05-21,available,,,,,7.0,7.0,7.0,62.0,189.0,270.0
0,HAT294,SFO,JFK,12:00:00,15:00:00,180,2024-05-22,available,,,,,19.0,8.0,17.0,100.0,102.0,404.0
0,HAT294,SFO,JFK,12:00:00,15:00:00,180,2024-05-23,available,,,,,0.0,18.0,1.0,90.0,198.0,225.0
0,HAT294,SFO,JFK,12:00:00,15:00:00,180,2024-05-24,available,,,,,10.0,9.0,4.0,65.0,155.0,473.0
0,HAT294,SFO,JFK,12:00:00,15:00:00,180,2024-05-25,available,,,,,16.0,0.0,14.0,84.0,144.0,417.0
0,HAT294,SFO,JFK,12:00:00,15:00:00,180,2024-05-26,available,,,,,6.0,15.0,3.0,97.0,140.0,210.0
0,HAT294,SFO,JFK,12:00:00,15:00:00,180,2024-05-27,available,,,,,8.0,11.0,16.0,59.0,191.0,314.0
0,HAT294,SFO,JFK,12:00:00,15:00:00,180,2024-05-28,available,,,,,10.0,15.0,8.0,93.0,167.0,332.0
0,HAT294,SFO,JFK,12:00:00,15:00:00,180,2024-05-29,available,,,,,5.0,4.0,14.0,59.0,170.0,369.0
0,HAT294,SFO,JFK,12:00:00,15:00:00,180,2024-05-30,available,,,,,19.0,19.0,12.0,80.0,139.0,336.0
0,HAT295,SFO,JFK,14:00:00,17:00:00,180,2024-05-01,landed,2024-05-01T14:21:00,2024-05-01T17:49:00,,,,,,,,
0,HAT295,SFO,JFK,14:00:00,17:00:00,180,2024-05-02,cancelled,,,,,,,,,,
0,HAT295,SFO,JFK,14:00:00,17:00:00,180,2024-05-03,landed,2024-05-03T14:40:00,2024-05-03T17:49:00,,,,,,,,
0,HAT295,SFO,JFK,14:00:00,17:00:00,180,2024-05-04,landed,2024-05-04T14:18:00,2024-05-04T17:28:00,,,,,,,,
0,HAT295,SFO,JFK,14:00:00,17:00:00,180,2024-05-05,landed,2024-05-05T13:46:00,2024-05-05T17:19:00,,,,,,,,
0,HAT295,SFO,JFK,14:00:00,17:00:00,180,2024-05-06,landed,2024-05-06T14:17:00,2024-05-06T17:44:00,,,,,,,,
0,HAT295,SFO,JFK,14:00:00,17:00:00,180,2024-05-07,landed,2024-05-07T14:18:00,2024-05-07T17:54:00,,,,,,,,
0,HAT295,SFO,JFK,14:00:00,17:00:00,180,2024-05-08,landed,2024-05-08T14:23:00,2024-05-08T17:25:00,,,,,,,,
0,HAT295,SFO,JFK,14:00:00,17:00:00,180,2024-05-09,landed,2024-05-09T13:51:00,2024-05-09T17:39:00,,,,,,,,
0,HAT295,SFO,JFK,14:00:00,17:00:00,180,2024-05-10,cancelled,,,,,,,,,,
0,HAT295,SFO,JFK,14:00:00,17:00:00,180,2024-05-11,landed,2024-05-11T13:48:00,2024-05-11T16:39:00,,,,,,,,
0,HAT295,SFO,JFK,14:00:00,17:00:00,180,2024-05-12,landed,2024-05-12T14:18:00,2024-05-12T17:25:00,,,,,,,,
0,HAT295,SFO,JFK,14:00:00,17:00:00,180,2024-05-13,landed,2024-05-13T14:38:00,2024-05-13T17:19:00,,,,,,,,
0,HAT295,SFO,JFK,14:00:00,17:00:00,180,2024-05-14,landed,2024-05-14T13:40:00,2024-05-14T16:39:00,,,,,,,,
0,HAT295,SFO,JFK,14:00:00,17:00:00,180,2024-05-15,flying,2024-05-15T14:18:00,,,2024-05-15T17:14:00,,,,,,
0,HAT295,SFO,JFK,14:00:00,17:00:00,180,2024-05-16,available,,,,,20.0,19.0,16.0,79.0,180.0,468.0
0,HAT295,SFO,JFK,14:00:00,17:00:00,180,2024-05-17,available,,,,,13.0,20.0,8.0,87.0,144.0,413.0
0,HAT295,SFO,JFK,14:00:00,17:00:00,180,2024-05-18,available,,,,,11.0,17.0,14.0,97.0,189.0,243.0
0,HAT295,SFO,JFK,14:00:00,17:00:00,180,2024-05-19,available,,,,,13.0,20.0,4.0,61.0,111.0,340.0
0,HAT295,SFO,JFK,14:00:00,17:00:00,180,2024-05-20,available,,,,,18.0,5.0,17.0,82.0,164.0,382.0
0,HAT295,SFO,JFK,14:00:00,17:00:00,180,2024-05-21,available,,,,,1.0,17.0,16.0,95.0,166.0,314.0
0,HAT295,SFO,JFK,14:00:00,17:00:00,180,2024-05-22,available,,,,,14.0,2.0,16.0,77.0,141.0,443.0
0,HAT295,SFO,JFK,14:00:00,17:00:00,180,2024-05-23,available,,,,,12.0,2.0,9.0,70.0,157.0,486.0
0,HAT295,SFO,JFK,14:00:00,17:00:00,180,2024-05-24,available,,,,,0.0,20.0,13.0,75.0,128.0,247.0
0,HAT295,SFO,JFK,14:00:00,17:00:00,180,2024-05-25,available,,,,,10.0,5.0,17.0,95.0,110.0,210.0
0,HAT295,SFO,JFK,14:00:00,17:00:00,180,2024-05-26,available,,,,,10.0,10.0,4.0,65.0,125.0,239.0
0,HAT295,SFO,JFK,14:00:00,17:00:00,180,2024-05-27,available,,,,,0.0,18.0,6.0,79.0,147.0,432.0
0,HAT295,SFO,JFK,14:00:00,17:00:00,180,2024-05-28,available,,,,,0.0,15.0,3.0,59.0,151.0,360.0
0,HAT295,SFO,JFK,14:00:00,17:00:00,180,2024-05-29,available,,,,,10.0,7.0,13.0,64.0,152.0,408.0
0,HAT295,SFO,JFK,14:00:00,17:00:00,180,2024-05-30,available,,,,,1.0,10.0,2.0,57.0,125.0,455.0
0,HAT296,SFO,JFK,19:00:00,22:00:00,180,2024-05-01,landed,2024-05-01T19:34:00,2024-05-01T22:52:00,,,,,,,,
0,HAT296,SFO,JFK,19:00:00,22:00:00,180,2024-05-02,landed,2024-05-02T19:27:00,2024-05-02T22:29:00,,,,,,,,
0,HAT296,SFO,JFK,19:00:00,22:00:00,180,2024-05-03,landed,2024-05-03T18:48:00,2024-05-03T21:49:00,,,,,,,,
0,HAT296,SFO,JFK,19:00:00,22:00:00,180,2024-05-04,landed,2024-05-04T19:07:00,2024-05-04T22:37:00,,,,,,,,
0,HAT296,SFO,JFK,19:00:00,22:00:00,180,2024-05-05,landed,2024-05-05T19:22:00,2024-05-05T22:06:00,,,,,,,,
0,HAT296,SFO,JFK,19:00:00,22:00:00,180,2024-05-06,landed,2024-05-06T19:02:00,2024-05-06T22:40:00,,,,,,,,
0,HAT296,SFO,JFK,19:00:00,22:00:00,180,2024-05-07,landed,2024-05-07T18:42:00,2024-05-07T22:01:00,,,,,,,,
0,HAT296,SFO,JFK,19:00:00,22:00:00,180,2024-05-08,landed,2024-05-08T19:39:00,2024-05-08T21:45:00,,,,,,,,
0,HAT296,SFO,JFK,19:00:00,22:00:00,180,2024-05-09,cancelled,,,,,,,,,,
0,HAT296,SFO,JFK,19:00:00,22:00:00,180,2024-05-10,landed,2024-05-10T19:21:00,2024-05-10T21:49:00,,,,,,,,
0,HAT296,SFO,JFK,19:00:00,22:00:00,180,2024-05-11,landed,2024-05-11T19:16:00,2024-05-11T21:57:00,,,,,,,,
0,HAT296,SFO,JFK,19:00:00,22:00:00,180,2024-05-12,landed,2024-05-12T18:45:00,2024-05-12T22:44:00,,,,,,,,
0,HAT296,SFO,JFK,19:00:00,22:00:00,180,2024-05-13,cancelled,,,,,,,,,,
0,HAT296,SFO,JFK,19:00:00,22:00:00,180,2024-05-14,landed,2024-05-14T18:54:00,2024-05-14T21:36:00,,,,,,,,
0,HAT296,SFO,JFK,19:00:00,22:00:00,180,2024-05-15,on time,,,2024-05-15T19:08:00,2024-05-15T22:03:00,,,,,,
0,HAT296,SFO,JFK,19:00:00,22:00:00,180,2024-05-16,available,,,,,10.0,20.0,9.0,97.0,111.0,308.0
0,HAT296,SFO,JFK,19:00:00,22:00:00,180,2024-05-17,available,,,,,11.0,18.0,19.0,75.0,199.0,428.0
0,HAT296,SFO,JFK,19:00:00,22:00:00,180,2024-05-18,available,,,,,20.0,0.0,0.0,78.0,129.0,207.0
0,HAT296,SFO,JFK,19:00:00,22:00:00,180,2024-05-19,available,,,,,12.0,18.0,18.0,90.0,142.0,324.0
0,HAT296,SFO,JFK,19:00:00,22:00:00,180,2024-05-20,available,,,,,1.0,19.0,3.0,56.0,159.0,356.0
0,HAT296,SFO,JFK,19:00:00,22:00:00,180,2024-05-21,available,,,,,3.0,16.0,13.0,67.0,162.0,250.0
0,HAT296,SFO,JFK,19:00:00,22:00:00,180,2024-05-22,available,,,,,6.0,3.0,1.0,97.0,115.0,451.0
0,HAT296,SFO,JFK,19:00:00,22:00:00,180,2024-05-23,available,,,,,3.0,18.0,12.0,84.0,185.0,201.0
0,HAT296,SFO,JFK,19:00:00,22:00:00,180,2024-05-24,available,,,,,18.0,2.0,0.0,70.0,173.0,391.0
0,HAT296,SFO,JFK,19:00:00,22:00:00,180,2024-05-25,available,,,,,16.0,10.0,13.0,64.0,113.0,250.0
0,HAT296,SFO,JFK,19:00:00,22:00:00,180,2024-05-26,available,,,,,1.0,1.0,18.0,90.0,196.0,242.0
0,HAT296,SFO,JFK,19:00:00,22:00:00,180,2024-05-27,available,,,,,11.0,20.0,17.0,63.0,138.0,323.0
0,HAT296,SFO,JFK,19:00:00,22:00:00,180,2024-05-28,available,,,,,20.0,3.0,8.0,100.0,144.0,334.0
0,HAT296,SFO,JFK,19:00:00,22:00:00,180,2024-05-29,available,,,,,9.0,16.0,18.0,87.0,148.0,314.0
0,HAT296,SFO,JFK,19:00:00,22:00:00,180,2024-05-30,available,,,,,5.0,10.0,20.0,61.0,145.0,353.0
0,HAT297,LAS,MCO,03:00:00,09:00:00,360,2024-05-01,landed,2024-05-01T03:29:00,2024-05-01T08:38:00,,,,,,,,
0,HAT297,LAS,MCO,03:00:00,09:00:00,360,2024-05-02,landed,2024-05-02T03:07:00,2024-05-02T09:21:00,,,,,,,,
0,HAT297,LAS,MCO,03:00:00,09:00:00,360,2024-05-03,landed,2024-05-03T02:44:00,2024-05-03T09:54:00,,,,,,,,
0,HAT297,LAS,MCO,03:00:00,09:00:00,360,2024-05-04,landed,2024-05-04T03:18:00,2024-05-04T09:51:00,,,,,,,,
0,HAT297,LAS,MCO,03:00:00,09:00:00,360,2024-05-05,landed,2024-05-05T02:57:00,2024-05-05T09:24:00,,,,,,,,
0,HAT297,LAS,MCO,03:00:00,09:00:00,360,2024-05-06,landed,2024-05-06T02:47:00,2024-05-06T09:44:00,,,,,,,,
0,HAT297,LAS,MCO,03:00:00,09:00:00,360,2024-05-07,landed,2024-05-07T02:56:00,2024-05-07T08:42:00,,,,,,,,
0,HAT297,LAS,MCO,03:00:00,09:00:00,360,2024-05-08,landed,2024-05-08T03:29:00,2024-05-08T09:47:00,,,,,,,,
0,HAT297,LAS,MCO,03:00:00,09:00:00,360,2024-05-09,landed,2024-05-09T02:40:00,2024-05-09T09:33:00,,,,,,,,
0,HAT297,LAS,MCO,03:00:00,09:00:00,360,2024-05-10,cancelled,,,,,,,,,,
0,HAT297,LAS,MCO,03:00:00,09:00:00,360,2024-05-11,landed,2024-05-11T02:52:00,2024-05-11T08:47:00,,,,,,,,
0,HAT297,LAS,MCO,03:00:00,09:00:00,360,2024-05-12,cancelled,,,,,,,,,,
0,HAT297,LAS,MCO,03:00:00,09:00:00,360,2024-05-13,landed,2024-05-13T02:53:00,2024-05-13T08:35:00,,,,,,,,
0,HAT297,LAS,MCO,03:00:00,09:00:00,360,2024-05-14,landed,2024-05-14T03:21:00,2024-05-14T09:34:00,,,,,,,,
0,HAT297,LAS,MCO,03:00:00,09:00:00,360,2024-05-15,landed,2024-05-15T03:16:00,2024-05-15T09:09:00,,,,,,,,
0,HAT297,LAS,MCO,03:00:00,09:00:00,360,2024-05-16,available,,,,,6.0,1.0,5.0,91.0,128.0,372.0
0,HAT297,LAS,MCO,03:00:00,09:00:00,360,2024-05-17,available,,,,,0.0,5.0,5.0,92.0,172.0,275.0
0,HAT297,LAS,MCO,03:00:00,09:00:00,360,2024-05-18,available,,,,,7.0,4.0,7.0,75.0,158.0,483.0
0,HAT297,LAS,MCO,03:00:00,09:00:00,360,2024-05-19,available,,,,,11.0,5.0,0.0,98.0,182.0,334.0
0,HAT297,LAS,MCO,03:00:00,09:00:00,360,2024-05-20,available,,,,,18.0,16.0,18.0,63.0,114.0,227.0
0,HAT297,LAS,MCO,03:00:00,09:00:00,360,2024-05-21,available,,,,,18.0,10.0,20.0,96.0,186.0,460.0
0,HAT297,LAS,MCO,03:00:00,09:00:00,360,2024-05-22,available,,,,,6.0,18.0,11.0,69.0,147.0,277.0
0,HAT297,LAS,MCO,03:00:00,09:00:00,360,2024-05-23,available,,,,,0.0,12.0,18.0,91.0,152.0,400.0
0,HAT297,LAS,MCO,03:00:00,09:00:00,360,2024-05-24,available,,,,,8.0,10.0,10.0,61.0,194.0,237.0
0,HAT297,LAS,MCO,03:00:00,09:00:00,360,2024-05-25,available,,,,,20.0,15.0,5.0,88.0,189.0,494.0
0,HAT297,LAS,MCO,03:00:00,09:00:00,360,2024-05-26,available,,,,,10.0,19.0,18.0,67.0,117.0,385.0
0,HAT297,LAS,MCO,03:00:00,09:00:00,360,2024-05-27,available,,,,,17.0,9.0,0.0,91.0,150.0,489.0
0,HAT297,LAS,MCO,03:00:00,09:00:00,360,2024-05-28,available,,,,,8.0,17.0,1.0,66.0,180.0,311.0
0,HAT297,LAS,MCO,03:00:00,09:00:00,360,2024-05-29,available,,,,,15.0,10.0,10.0,70.0,188.0,447.0
0,HAT297,LAS,MCO,03:00:00,09:00:00,360,2024-05-30,available,,,,,17.0,17.0,17.0,67.0,103.0,492.0
0,HAT298,LAS,MCO,12:00:00,18:00:00,360,2024-05-01,cancelled,,,,,,,,,,
0,HAT298,LAS,MCO,12:00:00,18:00:00,360,2024-05-02,landed,2024-05-02T11:41:00,2024-05-02T18:26:00,,,,,,,,
0,HAT298,LAS,MCO,12:00:00,18:00:00,360,2024-05-03,landed,2024-05-03T11:50:00,2024-05-03T18:08:00,,,,,,,,
0,HAT298,LAS,MCO,12:00:00,18:00:00,360,2024-05-04,landed,2024-05-04T12:00:00,2024-05-04T18:42:00,,,,,,,,
0,HAT298,LAS,MCO,12:00:00,18:00:00,360,2024-05-05,landed,2024-05-05T11:51:00,2024-05-05T18:48:00,,,,,,,,
0,HAT298,LAS,MCO,12:00:00,18:00:00,360,2024-05-06,cancelled,,,,,,,,,,
0,HAT298,LAS,MCO,12:00:00,18:00:00,360,2024-05-07,landed,2024-05-07T11:56:00,2024-05-07T18:24:00,,,,,,,,
0,HAT298,LAS,MCO,12:00:00,18:00:00,360,2024-05-08,landed,2024-05-08T12:05:00,2024-05-08T17:57:00,,,,,,,,
0,HAT298,LAS,MCO,12:00:00,18:00:00,360,2024-05-09,landed,2024-05-09T12:22:00,2024-05-09T17:56:00,,,,,,,,
0,HAT298,LAS,MCO,12:00:00,18:00:00,360,2024-05-10,landed,2024-05-10T12:20:00,2024-05-10T18:22:00,,,,,,,,
0,HAT298,LAS,MCO,12:00:00,18:00:00,360,2024-05-11,landed,2024-05-11T12:18:00,2024-05-11T18:42:00,,,,,,,,
0,HAT298,LAS,MCO,12:00:00,18:00:00,360,2024-05-12,landed,2024-05-12T11:54:00,2024-05-12T18:09:00,,,,,,,,
0,HAT298,LAS,MCO,12:00:00,18:00:00,360,2024-05-13,landed,2024-05-13T12:14:00,2024-05-13T18:48:00,,,,,,,,
0,HAT298,LAS,MCO,12:00:00,18:00:00,360,2024-05-14,landed,2024-05-14T11:54:00,2024-05-14T17:46:00,,,,,,,,
0,HAT298,LAS,MCO,12:00:00,18:00:00,360,2024-05-15,flying,2024-05-15T12:24:00,,,2024-05-15T18:47:00,,,,,,
0,HAT298,LAS,MCO,12:00:00,18:00:00,360,2024-05-16,available,,,,,6.0,16.0,0.0,88.0,147.0,394.0
0,HAT298,LAS,MCO,12:00:00,18:00:00,360,2024-05-17,available,,,,,12.0,7.0,7.0,82.0,104.0,354.0
0,HAT298,LAS,MCO,12:00:00,18:00:00,360,2024-05-18,available,,,,,20.0,1.0,16.0,96.0,116.0,486.0
0,HAT298,LAS,MCO,12:00:00,18:00:00,360,2024-05-19,available,,,,,2.0,8.0,0.0,91.0,154.0,465.0
0,HAT298,LAS,MCO,12:00:00,18:00:00,360,2024-05-20,available,,,,,0.0,2.0,20.0,85.0,139.0,243.0
0,HAT298,LAS,MCO,12:00:00,18:00:00,360,2024-05-21,available,,,,,1.0,14.0,8.0,74.0,156.0,397.0
0,HAT298,LAS,MCO,12:00:00,18:00:00,360,2024-05-22,available,,,,,6.0,8.0,16.0,87.0,175.0,352.0
0,HAT298,LAS,MCO,12:00:00,18:00:00,360,2024-05-23,available,,,,,2.0,8.0,17.0,68.0,124.0,294.0
0,HAT298,LAS,MCO,12:00:00,18:00:00,360,2024-05-24,available,,,,,5.0,20.0,10.0,53.0,140.0,214.0
0,HAT298,LAS,MCO,12:00:00,18:00:00,360,2024-05-25,available,,,,,9.0,8.0,20.0,62.0,133.0,240.0
0,HAT298,LAS,MCO,12:00:00,18:00:00,360,2024-05-26,available,,,,,19.0,13.0,14.0,57.0,166.0,382.0
0,HAT298,LAS,MCO,12:00:00,18:00:00,360,2024-05-27,available,,,,,2.0,9.0,6.0,57.0,165.0,409.0
0,HAT298,LAS,MCO,12:00:00,18:00:00,360,2024-05-28,available,,,,,6.0,18.0,11.0,89.0,114.0,334.0
0,HAT298,LAS,MCO,12:00:00,18:00:00,360,2024-05-29,available,,,,,9.0,10.0,8.0,65.0,105.0,339.0
0,HAT298,LAS,MCO,12:00:00,18:00:00,360,2024-05-30,available,,,,,2.0,13.0,18.0,77.0,131.0,388.0
0,HAT299,LAS,MCO,09:00:00,15:00:00,360,2024-05-01,landed,2024-05-01T09:20:00,2024-05-01T14:43:00,,,,,,,,
0,HAT299,LAS,MCO,09:00:00,15:00:00,360,2024-05-02,landed,2024-05-02T08:54:00,2024-05-02T15:20:00,,,,,,,,
0,HAT299,LAS,MCO,09:00:00,15:00:00,360,2024-05-03,landed,2024-05-03T09:39:00,2024-05-03T14:50:00,,,,,,,,
0,HAT299,LAS,MCO,09:00:00,15:00:00,360,2024-05-04,cancelled,,,,,,,,,,
0,HAT299,LAS,MCO,09:00:00,15:00:00,360,2024-05-05,landed,2024-05-05T09:05:00,2024-05-05T14:57:00,,,,,,,,
0,HAT299,LAS,MCO,09:00:00,15:00:00,360,2024-05-06,landed,2024-05-06T09:26:00,2024-05-06T15:30:00,,,,,,,,
0,HAT299,LAS,MCO,09:00:00,15:00:00,360,2024-05-07,landed,2024-05-07T09:22:00,2024-05-07T14:50:00,,,,,,,,
0,HAT299,LAS,MCO,09:00:00,15:00:00,360,2024-05-08,landed,2024-05-08T08:49:00,2024-05-08T14:39:00,,,,,,,,
0,HAT299,LAS,MCO,09:00:00,15:00:00,360,2024-05-09,landed,2024-05-09T08:59:00,2024-05-09T14:58:00,,,,,,,,
0,HAT299,LAS,MCO,09:00:00,15:00:00,360,2024-05-10,landed,2024-05-10T08:47:00,2024-05-10T14:37:00,,,,,,,,
0,HAT299,LAS,MCO,09:00:00,15:00:00,360,2024-05-11,landed,2024-05-11T09:21:00,2024-05-11T14:58:00,,,,,,,,
0,HAT299,LAS,MCO,09:00:00,15:00:00,360,2024-05-12,landed,2024-05-12T09:07:00,2024-05-12T14:55:00,,,,,,,,
0,HAT299,LAS,MCO,09:00:00,15:00:00,360,2024-05-13,landed,2024-05-13T09:25:00,2024-05-13T15:48:00,,,,,,,,
0,HAT299,LAS,MCO,09:00:00,15:00:00,360,2024-05-14,landed,2024-05-14T09:05:00,2024-05-14T15:46:00,,,,,,,,
0,HAT299,LAS,MCO,09:00:00,15:00:00,360,2024-05-15,landed,2024-05-15T08:49:00,2024-05-15T14:40:00,,,,,,,,
0,HAT299,LAS,MCO,09:00:00,15:00:00,360,2024-05-16,available,,,,,15.0,14.0,18.0,51.0,182.0,430.0
0,HAT299,LAS,MCO,09:00:00,15:00:00,360,2024-05-17,available,,,,,12.0,4.0,16.0,54.0,150.0,374.0
0,HAT299,LAS,MCO,09:00:00,15:00:00,360,2024-05-18,available,,,,,14.0,0.0,20.0,57.0,125.0,381.0
0,HAT299,LAS,MCO,09:00:00,15:00:00,360,2024-05-19,available,,,,,19.0,7.0,8.0,90.0,187.0,295.0
0,HAT299,LAS,MCO,09:00:00,15:00:00,360,2024-05-20,available,,,,,2.0,9.0,1.0,62.0,170.0,235.0
0,HAT299,LAS,MCO,09:00:00,15:00:00,360,2024-05-21,available,,,,,5.0,5.0,19.0,76.0,100.0,326.0
0,HAT299,LAS,MCO,09:00:00,15:00:00,360,2024-05-22,available,,,,,8.0,5.0,18.0,100.0,193.0,370.0
0,HAT299,LAS,MCO,09:00:00,15:00:00,360,2024-05-23,available,,,,,2.0,16.0,12.0,56.0,190.0,385.0
0,HAT299,LAS,MCO,09:00:00,15:00:00,360,2024-05-24,available,,,,,9.0,15.0,10.0,80.0,165.0,327.0
0,HAT299,LAS,MCO,09:00:00,15:00:00,360,2024-05-25,available,,,,,13.0,2.0,18.0,64.0,126.0,210.0
0,HAT299,LAS,MCO,09:00:00,15:00:00,360,2024-05-26,available,,,,,5.0,19.0,5.0,53.0,182.0,317.0
0,HAT299,LAS,MCO,09:00:00,15:00:00,360,2024-05-27,available,,,,,17.0,13.0,16.0,58.0,187.0,272.0
0,HAT299,LAS,MCO,09:00:00,15:00:00,360,2024-05-28,available,,,,,4.0,0.0,20.0,98.0,148.0,292.0
0,HAT299,LAS,MCO,09:00:00,15:00:00,360,2024-05-29,available,,,,,13.0,9.0,19.0,59.0,122.0,447.0
0,HAT299,LAS,MCO,09:00:00,15:00:00,360,2024-05-30,available,,,,,9.0,14.0,15.0,72.0,174.0,296.0
0,HAT300,LGA,SFO,23:00:00,03:00:00+1,240,2024-05-01,landed,2024-05-01T23:40:00,2024-05-02T03:41:00,,,,,,,,
0,HAT300,LGA,SFO,23:00:00,03:00:00+1,240,2024-05-02,landed,2024-05-02T23:12:00,2024-05-03T03:53:00,,,,,,,,
0,HAT300,LGA,SFO,23:00:00,03:00:00+1,240,2024-05-03,landed,2024-05-03T23:19:00,2024-05-04T02:45:00,,,,,,,,
0,HAT300,LGA,SFO,23:00:00,03:00:00+1,240,2024-05-04,landed,2024-05-04T23:40:00,2024-05-05T03:32:00,,,,,,,,
0,HAT300,LGA,SFO,23:00:00,03:00:00+1,240,2024-05-05,landed,2024-05-05T23:08:00,2024-05-06T03:45:00,,,,,,,,
0,HAT300,LGA,SFO,23:00:00,03:00:00+1,240,2024-05-06,landed,2024-05-06T22:58:00,2024-05-07T03:22:00,,,,,,,,
0,HAT300,LGA,SFO,23:00:00,03:00:00+1,240,2024-05-07,landed,2024-05-07T22:56:00,2024-05-08T02:43:00,,,,,,,,
0,HAT300,LGA,SFO,23:00:00,03:00:00+1,240,2024-05-08,landed,2024-05-08T22:51:00,2024-05-09T02:48:00,,,,,,,,
0,HAT300,LGA,SFO,23:00:00,03:00:00+1,240,2024-05-09,landed,2024-05-09T23:22:00,2024-05-10T03:32:00,,,,,,,,
0,HAT300,LGA,SFO,23:00:00,03:00:00+1,240,2024-05-10,landed,2024-05-10T22:46:00,2024-05-11T03:34:00,,,,,,,,
0,HAT300,LGA,SFO,23:00:00,03:00:00+1,240,2024-05-11,landed,2024-05-11T23:30:00,2024-05-12T02:38:00,,,,,,,,
0,HAT300,LGA,SFO,23:00:00,03:00:00+1,240,2024-05-12,landed,2024-05-12T23:31:00,2024-05-13T03:25:00,,,,,,,,
0,HAT300,LGA,SFO,23:00:00,03:00:00+1,240,2024-05-13,landed,2024-05-13T23:14:00,2024-05-14T02:59:00,,,,,,,,
0,HAT300,LGA,SFO,23:00:00,03:00:00+1,240,2024-05-14,landed,2024-05-14T23:29:00,2024-05-15T03:37:00,,,,,,,,
0,HAT300,LGA,SFO,23:00:00,03:00:00+1,240,2024-05-15,on time,,,2024-05-15T22:43:00,2024-05-16T03:01:00,,,,,,
0,HAT300,LGA,SFO,23:00:00,03:00:00+1,240,2024-05-16,available,,,,,11.0,12.0,8.0,63.0,128.0,341.0
0,HAT300,LGA,SFO,23:00:00,03:00:00+1,240,2024-05-17,available,,,,,11.0,10.0,4.0,74.0,108.0,230.0
0,HAT300,LGA,SFO,23:00:00,03:00:00+1,240,2024-05-18,available,,,,,18.0,15.0,2.0,67.0,146.0,220.0
0,HAT300,LGA,SFO,23:00:00,03:00:00+1,240,2024-05-19,available,,,,,18.0,11.0,3.0,59.0,197.0,459.0
0,HAT300,LGA,SFO,23:00:00,03:00:00+1,240,2024-05-20,available,,,,,6.0,15.0,20.0,95.0,112.0,287.0
0,HAT300,LGA,SFO,23:00:00,03:00:00+1,240,2024-05-21,available,,,,,10.0,11.0,2.0,62.0,154.0,390.0
0,HAT300,LGA,SFO,23:00:00,03:00:00+1,240,2024-05-22,available,,,,,12.0,14.0,11.0,57.0,125.0,300.0
0,HAT300,LGA,SFO,23:00:00,03:00:00+1,240,2024-05-23,available,,,,,9.0,11.0,9.0,94.0,194.0,443.0
0,HAT300,LGA,SFO,23:00:00,03:00:00+1,240,2024-05-24,available,,,,,16.0,4.0,10.0,74.0,191.0,316.0
0,HAT300,LGA,SFO,23:00:00,03:00:00+1,240,2024-05-25,available,,,,,6.0,6.0,7.0,76.0,149.0,401.0
0,HAT300,LGA,SFO,23:00:00,03:00:00+1,240,2024-05-26,available,,,,,5.0,6.0,11.0,86.0,127.0,287.0
0,HAT300,LGA,SFO,23:00:00,03:00:00+1,240,2024-05-27,available,,,,,13.0,1.0,12.0,80.0,144.0,265.0
0,HAT300,LGA,SFO,23:00:00,03:00:00+1,240,2024-05-28,available,,,,,9.0,4.0,7.0,84.0,118.0,246.0
0,HAT300,LGA,SFO,23:00:00,03:00:00+1,240,2024-05-29,available,,,,,5.0,1.0,6.0,54.0,183.0,226.0
0,HAT300,LGA,SFO,23:00:00,03:00:00+1,240,2024-05-30,available,,,,,4.0,0.0,19.0,55.0,176.0,499.0
